match_id,date,gameweek,team,is_home,start_x,start_y,end_x,end_y,xg
4813374,2025-08-15,1,Liverpool,True,50.0,50.0,18.303398057600006,47.013503181400004,0.020936110988259315
4813374,2025-08-15,1,Liverpool,True,18.303398057600006,47.013503181400004,8.900000000000006,20.9864968186,0.0248769149184227
4813374,2025-08-15,1,Liverpool,True,8.900000000000006,20.9864968186,3.2017543867999905,34.38125,0.12759804725646973
4813374,2025-08-15,1,Liverpool,True,0.0,27.614523809,3.394736843000004,36.440000000000005,0.050451427698135376
4813374,2025-08-15,1,Liverpool,True,7.5,35.60125,5.421052633100004,35.83,0.5487189292907715
4813374,2025-08-15,1,Liverpool,True,5.421052633100004,35.83,0.49999999959999286,32.70374999999999,0.3390600085258484
4813374,2025-08-15,1,Liverpool,True,19.880097086399985,21.547006373000002,9.5,28.959285713000003,0.12725938856601715
4813374,2025-08-15,1,Liverpool,True,6.799999999999997,44.841528658099996,-1.3017241382000009,35.60125,0.2271331250667572
4813374,2025-08-15,1,Liverpool,True,-1.3017241382000009,35.60125,9.400000000000006,33.39,0.12170810997486115
4813374,2025-08-15,1,Liverpool,True,9.400000000000006,33.39,19.20436893120001,23.438726119099996,0.03185808286070824
4813374,2025-08-15,1,Liverpool,True,19.20436893120001,23.438726119099996,19.880097086399985,25.071250000000003,0.008081462234258652
4813374,2025-08-15,1,Liverpool,True,19.880097086399985,25.071250000000003,24.948058250399995,37.768,0.008693811483681202
4813374,2025-08-15,1,Liverpool,True,24.948058250399995,37.768,10.5,30.797499999999996,0.14420850574970245
4813374,2025-08-15,1,Liverpool,True,3.7807017554000026,34.99125,9.299999999999997,52.1982165596,0.02665684185922146
4813374,2025-08-15,1,Liverpool,True,12.036764706,32.70374999999999,9.0,30.22,0.0677989274263382
4813374,2025-08-15,1,Liverpool,True,9.0,30.22,8.0,22.597961787499997,0.020017476752400398
4813374,2025-08-15,1,Liverpool,True,8.0,22.597961787499997,3.4912280711000108,41.9459375,0.049230437725782394
4813374,2025-08-15,1,Liverpool,True,3.4912280711000108,41.9459375,4.745614036399999,36.5925,0.15560556948184967
4813374,2025-08-15,1,Liverpool,True,4.745614036399999,36.5925,4.6491228082999925,42.061562499999994,0.10993491113185883
4813374,2025-08-15,1,Bournemouth,False,96.79824561320001,34.38125,96.50877192889999,30.316,0.24428187310695648
4813374,2025-08-15,1,Bournemouth,False,96.50877192889999,30.316,100.1637931038,27.614523809,0.10576315224170685
4813374,2025-08-15,1,Bournemouth,False,96.605263157,36.440000000000005,92.5,35.60125,0.28319209814071655
4813374,2025-08-15,1,Bournemouth,False,99.50000000040001,32.70374999999999,91.0,46.873375792800005,0.02539440244436264
4813374,2025-08-15,1,Bournemouth,False,91.0,46.873375792800005,80.11990291360001,21.547006373000002,0.03672235831618309
4813374,2025-08-15,1,Bournemouth,False,90.5,28.959285713000003,93.2,44.841528658099996,0.11539140343666077
4813374,2025-08-15,1,Bournemouth,False,89.5,30.797499999999996,96.2192982446,34.99125,0.4547911286354065
4813374,2025-08-15,1,Bournemouth,False,90.7,52.1982165596,96.3157894727,41.9459375,0.16026094555854797
4813374,2025-08-15,1,Bournemouth,False,96.3157894727,41.9459375,96.605263157,40.889761905,0.0649503543972969
4813374,2025-08-15,1,Bournemouth,False,96.605263157,40.889761905,87.963235294,32.70374999999999,0.20790182054042816
4813375,2025-08-16,1,Aston Villa,True,78.3179611664,23.2985987305,95.54385964789999,31.941249999999997,0.05278061330318451
4813375,2025-08-16,1,Aston Villa,True,95.54385964789999,31.941249999999997,90.8,30.267999999999997,0.12068792432546616
4813375,2025-08-16,1,Aston Villa,True,86.6749999996,30.95,97.1842105256,18.394140129500002,0.030174758285284042
4813375,2025-08-16,1,Newcastle,False,50.0,50.0,7.700000000000003,29.463571426999998,0.48299461603164673
4813375,2025-08-16,1,Newcastle,False,7.700000000000003,29.463571426999998,8.599999999999994,45.6122292954,0.044259462505578995
4813375,2025-08-16,1,Newcastle,False,8.599999999999994,45.6122292954,9.700000000000003,42.2928125,0.014796512201428413
4813375,2025-08-16,1,Newcastle,False,9.700000000000003,42.2928125,1.657894737199996,31.7125,0.35785120725631714
4813375,2025-08-16,1,Newcastle,False,1.657894737199996,31.7125,3.394736843000004,24.419617839300003,0.09078683704137802
4813375,2025-08-16,1,Newcastle,False,3.394736843000004,24.419617839300003,16.501456310399988,42.061562499999994,0.0200448427349329
4813375,2025-08-16,1,Newcastle,False,16.501456310399988,42.061562499999994,9.599999999999994,44.4912101866,0.07861476391553879
4813375,2025-08-16,1,Newcastle,False,9.599999999999994,44.4912101866,21.682038833600004,23.2985987305,0.017713874578475952
4813375,2025-08-16,1,Newcastle,False,9.200000000000003,30.267999999999997,18.866504853600006,30.568749999999998,0.01877344772219658
4813375,2025-08-16,1,Newcastle,False,18.866504853600006,30.568749999999998,28.55194174479999,40.721666666999994,0.013164849020540714
4813375,2025-08-16,1,Newcastle,False,28.55194174479999,40.721666666999994,4.745614036399999,41.8303125,0.11390551179647446
4813375,2025-08-16,1,Newcastle,False,4.745614036399999,41.8303125,13.325000000399996,30.95,0.07991847395896912
4813375,2025-08-16,1,Newcastle,False,2.815789474400006,18.394140129500002,10.900000000000006,46.312866238400005,0.03816525638103485
4813375,2025-08-16,1,Newcastle,False,10.900000000000006,46.312866238400005,23.483980580799994,36.745000000000005,0.01928887329995632
4813375,2025-08-16,1,Newcastle,False,23.483980580799994,36.745000000000005,10.900000000000006,21.3368152901,0.03481684625148773
4813375,2025-08-16,1,Newcastle,False,10.900000000000006,21.3368152901,62.8441747608,20.706242041399996,0.007386830169707537
4813376,2025-08-16,1,Brighton,True,1.657894737199996,44.000764326500004,21.456796115200007,31.254999999999995,0.015912730246782303
4813376,2025-08-16,1,Brighton,True,21.456796115200007,31.254999999999995,20.330582523200007,43.16,0.031263016164302826
4813376,2025-08-16,1,Brighton,True,20.330582523200007,43.16,1.368421052900004,41.057857143,0.07070936262607574
4813376,2025-08-16,1,Brighton,True,1.368421052900004,41.057857143,15.150000000000006,30.304,0.03454844653606415
4813376,2025-08-16,1,Brighton,True,15.150000000000006,30.304,5.5175438611999965,28.623095236999998,0.0200505331158638
4813376,2025-08-16,1,Brighton,True,21.569417474399998,52.4784713368,4.842105264499992,26.858095238000004,0.08498968183994293
4813376,2025-08-16,1,Brighton,True,4.842105264499992,26.858095238000004,20.443203882399985,30.95,0.028155719861388206
4813376,2025-08-16,1,Brighton,True,20.443203882399985,30.95,-1.3965517243999983,40.217380953,0.09337938576936722
4813376,2025-08-16,1,Brighton,True,-1.3965517243999983,40.217380953,2.7192982462999993,24.349554145,0.309181809425354
4813376,2025-08-16,1,Fulham,False,50.0,50.0,98.3421052628,44.000764326500004,0.1271710842847824
4813376,2025-08-16,1,Fulham,False,94.4824561388,28.623095236999998,101.77586206919999,25.8228125,0.0696914792060852
4813376,2025-08-16,1,Fulham,False,101.77586206919999,25.8228125,101.3017241382,44.000764326500004,0.17678852379322052
4813376,2025-08-16,1,Fulham,False,101.3017241382,44.000764326500004,102.72413793119999,39.208809525,0.16306081414222717
4813376,2025-08-16,1,Fulham,False,94.0,34.0,78.4305825256,52.4784713368,0.010763050988316536
4813376,2025-08-16,1,Fulham,False,97.2807017537,24.349554145,84.9573529404,38.78857143,0.0881681889295578
4813376,2025-08-16,1,Fulham,False,84.9573529404,38.78857143,100.1637931038,39.545000001,0.15349671244621277
4813378,2025-08-16,1,Sunderland,True,78.2053398072,34.533750000000005,94.9649122793,22.457834398899998,0.25526389479637146
4813378,2025-08-16,1,Sunderland,True,94.9649122793,22.457834398899998,102.4396551726,42.00375,0.04563304781913757
4813378,2025-08-16,1,Sunderland,True,84.51213592239999,36.745000000000005,97.0877192975,27.446428571,0.04990941286087036
4813378,2025-08-16,1,Sunderland,True,97.0877192975,27.446428571,101.0172413796,42.813125,0.024101749062538147
4813378,2025-08-16,1,Sunderland,True,101.0172413796,42.813125,93.0,39.545000001,0.13719922304153442
4813378,2025-08-16,1,Sunderland,True,93.0,39.545000001,102.72413793119999,41.057857143,0.06891193240880966
4813378,2025-08-16,1,Sunderland,True,102.72413793119999,41.057857143,83.49854368960001,34.533750000000005,0.049932144582271576
4813378,2025-08-16,1,Sunderland,True,83.49854368960001,34.533750000000005,95.640350876,30.232,0.04161947965621948
4813378,2025-08-16,1,Sunderland,True,95.640350876,30.232,96.1228070165,37.2025,0.04401310905814171
4813378,2025-08-16,1,Sunderland,True,93.6,36.135000000000005,90.6,49.0453503161,0.03683081269264221
4813378,2025-08-16,1,West Ham,False,50.0,50.0,2.0438596496000088,20.4960509585,0.026967046782374382
4813378,2025-08-16,1,West Ham,False,2.0438596496000088,20.4960509585,21.794660192799995,34.533750000000005,0.00891921203583479
4813378,2025-08-16,1,West Ham,False,0.0,42.00375,9.299999999999997,39.545000001,0.12572839856147766
4813378,2025-08-16,1,West Ham,False,9.299999999999997,39.545000001,2.3333333339000006,39.040714287,0.09929264336824417
4813378,2025-08-16,1,West Ham,False,2.3333333339000006,39.040714287,14.935294118400009,40.133333334,0.04787994921207428
4813378,2025-08-16,1,West Ham,False,14.935294118400009,40.133333334,15.487864077600008,36.745000000000005,0.02578432485461235
4813378,2025-08-16,1,West Ham,False,3.877192983499995,37.2025,20.330582523200007,35.29625000000001,0.021246226504445076
4813378,2025-08-16,1,West Ham,False,20.330582523200007,35.29625000000001,3.4912280711000108,29.547619046,0.04608985409140587
4813378,2025-08-16,1,West Ham,False,3.4912280711000108,29.547619046,9.5,27.446428571,0.0672953873872757
4813378,2025-08-16,1,West Ham,False,9.5,27.446428571,5.807017545500003,38.284285716,0.022893594577908516
4813378,2025-08-16,1,West Ham,False,5.807017545500003,38.284285716,6.400000000000006,36.135000000000005,0.03897681087255478
4813378,2025-08-16,1,West Ham,False,9.400000000000006,49.0453503161,14.827941177199989,34.533750000000005,0.030831653624773026
4813379,2025-08-16,1,Tottenham,True,50.0,50.0,102.8189655174,27.698571428000005,0.11576477438211441
4813379,2025-08-16,1,Tottenham,True,102.8189655174,27.698571428000005,86.4602941172,32.70374999999999,0.05404512584209442
4813379,2025-08-16,1,Tottenham,True,86.4602941172,32.70374999999999,93.6,32.0175,0.09604840725660324
4813379,2025-08-16,1,Tottenham,True,93.6,32.0175,97.95614035039999,35.6775,0.12153302133083344
4813379,2025-08-16,1,Tottenham,True,83.49854368960001,53.6695541399,83.6111650488,41.057857143,0.051702890545129776
4813379,2025-08-16,1,Tottenham,True,83.49854368960001,27.698571428000005,102.53448275880001,32.856249999999996,0.37731659412384033
4813379,2025-08-16,1,Tottenham,True,102.53448275880001,32.856249999999996,94.0,40.30142857199999,0.1127796620130539
4813379,2025-08-16,1,Tottenham,True,94.0,40.30142857199999,101.681034483,39.376904763,0.3056643009185791
4813379,2025-08-16,1,Tottenham,True,101.681034483,39.376904763,97.95614035039999,15.521528663199998,0.03609747812151909
4813379,2025-08-16,1,Tottenham,True,98.0526315785,36.440000000000005,94.09649122639999,37.27875,0.14357371628284454
4813379,2025-08-16,1,Tottenham,True,94.09649122639999,37.27875,81.5839805832,21.617070067300002,0.02232249639928341
4813379,2025-08-16,1,Tottenham,True,81.5839805832,21.617070067300002,95.9298245603,41.9459375,0.4434486925601959
4813379,2025-08-16,1,Tottenham,True,87.6411764704,33.31375,101.58620689680001,31.254999999999995,0.21082760393619537
4813379,2025-08-16,1,Tottenham,True,90.4,31.4075,91.7,31.865,0.07995912432670593
4813379,2025-08-16,1,Tottenham,True,91.7,31.865,101.3017241382,45.752356684000006,0.12754832208156586
4813379,2025-08-16,1,Tottenham,True,101.3017241382,45.752356684000006,79.66941747679999,28.623095236999998,0.023782789707183838
4813379,2025-08-16,1,Burnley,False,2.0438596496000088,35.6775,5.421052633100004,34.305,0.03734486550092697
4813379,2025-08-16,1,Burnley,False,5.421052633100004,34.305,11.400000000000006,45.4721019068,0.030640557408332825
4813379,2025-08-16,1,Burnley,False,11.400000000000006,45.4721019068,21.118932037600004,26.6321875,0.03555921092629433
4813379,2025-08-16,1,Burnley,False,21.118932037600004,26.6321875,25.511165046399995,25.4759375,0.013540763407945633
4813379,2025-08-16,1,Burnley,False,25.511165046399995,25.4759375,15.713106796000005,44.4211464923,0.023266049101948738
4813379,2025-08-16,1,Burnley,False,15.713106796000005,44.4211464923,17.515048543199995,27.782619046999997,0.05263357609510422
4813379,2025-08-16,1,Burnley,False,17.515048543199995,27.782619046999997,2.6228070182000067,34.38125,0.046269528567790985
4813379,2025-08-16,1,Burnley,False,2.6228070182000067,34.38125,7.900000000000006,48.06445859590001,0.03576027601957321
4813379,2025-08-16,1,Burnley,False,7.900000000000006,48.06445859590001,16.501456310399988,53.6695541399,0.0325174443423748
4813379,2025-08-16,1,Burnley,False,16.388834951199996,41.057857143,16.501456310399988,27.698571428000005,0.03385573998093605
4813379,2025-08-16,1,Burnley,False,2.0438596496000088,15.521528663199998,4.0701754396999945,31.178749999999994,0.1687481701374054
4813379,2025-08-16,1,Burnley,False,4.0701754396999945,31.178749999999994,1.947368421500002,36.440000000000005,0.33457842469215393
4813379,2025-08-16,1,Burnley,False,4.0701754396999945,41.9459375,12.358823529600002,33.31375,0.04772765934467316
4813379,2025-08-16,1,Burnley,False,0.0,31.254999999999995,9.599999999999994,31.4075,0.043184299021959305
4813380,2025-08-16,1,Wolves,True,100.0,30.797499999999996,93.5,31.4075,0.14584264159202576
4813380,2025-08-16,1,Wolves,True,93.5,31.4075,86.352941176,44.981656046699996,0.019971128553152084
4813380,2025-08-16,1,Wolves,True,96.79824561320001,32.70374999999999,94.675438595,29.379523808000002,0.08119256794452667
4813380,2025-08-16,1,Wolves,True,86.24558823480001,42.061562499999994,95.35087719170001,24.955625,0.1001206710934639
4813380,2025-08-16,1,Wolves,True,91.2,24.955625,91.9,26.2853125,0.053838640451431274
4813380,2025-08-16,1,Wolves,True,91.9,26.2853125,93.9,46.312866238400005,0.05543480068445206
4813380,2025-08-16,1,Wolves,True,93.9,46.312866238400005,74.0383495168,34.838750000000005,0.018473420292139053
4813380,2025-08-16,1,Wolves,True,82.4849514568,25.938437500000003,87.6411764704,28.791190475,0.03405434265732765
4813380,2025-08-16,1,Wolves,True,91.0,44.981656046699996,92.7,23.859108284899996,0.04992544651031494
4813380,2025-08-16,1,Man City,False,50.0,50.0,2.3333333339000006,34.533750000000005,0.19452707469463348
4813380,2025-08-16,1,Man City,False,2.3333333339000006,34.533750000000005,-0.7327586210000021,30.797499999999996,0.6824793815612793
4813380,2025-08-16,1,Man City,False,13.647058823999998,44.981656046699996,13.002941176800007,26.69,0.030514929443597794
4813380,2025-08-16,1,Man City,False,13.002941176800007,26.69,19.429611649600005,33.2375,0.013778365217149258
4813380,2025-08-16,1,Man City,False,19.429611649600005,33.2375,21.794660192799995,37.744,0.020934591069817543
4813380,2025-08-16,1,Man City,False,21.794660192799995,37.744,-2.0603448278000087,36.440000000000005,0.8703728914260864
4813380,2025-08-16,1,Man City,False,-2.0603448278000087,36.440000000000005,10.200000000000003,44.4211464923,0.1352049708366394
4813380,2025-08-16,1,Man City,False,10.200000000000003,44.4211464923,1.368421052900004,31.636249999999997,0.09936919808387756
4813380,2025-08-16,1,Man City,False,1.368421052900004,31.636249999999997,3.2017543867999905,32.70374999999999,0.05654255300760269
4813380,2025-08-16,1,Man City,False,5.324561404999997,29.379523808000002,13.75441176519999,42.061562499999994,0.02969520352780819
4813380,2025-08-16,1,Man City,False,4.6491228082999925,24.955625,8.799999999999997,24.955625,0.0885809138417244
4813380,2025-08-16,1,Man City,False,25.961650483200003,34.838750000000005,16.050970873600008,31.1025,0.0562891960144043
4813380,2025-08-16,1,Man City,False,16.050970873600008,31.1025,17.515048543199995,25.938437500000003,0.03223180025815964
4813380,2025-08-16,1,Man City,False,12.358823529600002,28.791190475,12.466176470800008,38.956666668,0.12167767435312271
4813380,2025-08-16,1,Man City,False,12.466176470800008,38.956666668,9.0,44.981656046699996,0.034434881061315536
4813381,2025-08-17,1,Chelsea,True,50.0,50.0,102.8189655174,40.217380953,0.08437801897525787
4813381,2025-08-17,1,Chelsea,True,90.8,32.0175,88.7,50.166369424900005,0.024207688868045807
4813381,2025-08-17,1,Chelsea,True,88.7,50.166369424900005,81.6966019424,25.418125,0.02972654439508915
4813381,2025-08-17,1,Chelsea,True,81.6966019424,25.418125,101.58620689680001,39.376904763,0.09189960360527039
4813381,2025-08-17,1,Chelsea,True,75.0519417496,50.867006367900004,83.0480582528,30.645,0.039042744785547256
4813381,2025-08-17,1,Chelsea,True,83.0480582528,30.645,92.9,41.5990625,0.0582132451236248
4813381,2025-08-17,1,Chelsea,True,92.9,41.5990625,86.4602941172,32.3225,0.03970160335302353
4813381,2025-08-17,1,Chelsea,True,86.4602941172,32.3225,85.81617647,46.0326114612,0.026667553931474686
4813381,2025-08-17,1,Chelsea,True,85.81617647,46.0326114612,96.79824561320001,32.779999999999994,0.08978230506181717
4813381,2025-08-17,1,Chelsea,True,96.79824561320001,32.779999999999994,86.6749999996,35.6775,0.04471210390329361
4813381,2025-08-17,1,Chelsea,True,86.6749999996,35.6775,86.6749999996,42.2928125,0.028757503256201744
4813381,2025-08-17,1,Chelsea,True,91.1,28.202857142,81.92184466079999,20.145732487,0.04977653548121452
4813381,2025-08-17,1,Chelsea,True,81.92184466079999,20.145732487,101.58620689680001,32.17,0.22297441959381104
4813381,2025-08-17,1,Chelsea,True,101.58620689680001,32.17,97.4736842099,27.278333333000003,0.05331514775753021
4813381,2025-08-17,1,Chelsea,True,97.4736842099,27.278333333000003,95.73684210409999,36.5925,0.3412514626979828
4813381,2025-08-17,1,Chelsea,True,80.4577669912,34.915000000000006,76.5160194192,25.071250000000003,0.02149755135178566
4813381,2025-08-17,1,Chelsea,True,76.5160194192,25.071250000000003,90.9,22.037452233099998,0.049955446273088455
4813381,2025-08-17,1,Chelsea,True,90.9,22.037452233099998,91.4,33.92375,0.2492944896221161
4813381,2025-08-17,1,Chelsea,True,91.4,33.92375,95.0614035074,31.178749999999994,0.05945504084229469
4813381,2025-08-17,1,Crystal Palace,False,0.0,40.217380953,40.383333334,60.2600947822,0.005524656735360622
4813381,2025-08-17,1,Crystal Palace,False,40.383333334,60.2600947822,4.745614036399999,31.254999999999995,0.07793481647968292
4813381,2025-08-17,1,Crystal Palace,False,4.745614036399999,31.254999999999995,17.515048543199995,22.597961787499997,0.012486030347645283
4813381,2025-08-17,1,Crystal Palace,False,17.515048543199995,22.597961787499997,9.200000000000003,32.0175,0.2733091711997986
4813381,2025-08-17,1,Crystal Palace,False,0.0,39.376904763,24.948058250399995,50.867006367900004,0.012964528053998947
4813381,2025-08-17,1,Crystal Palace,False,13.325000000399996,42.2928125,8.799999999999997,37.744,0.12811993062496185
4813381,2025-08-17,1,Crystal Palace,False,8.799999999999997,37.744,12.358823529600002,32.0175,0.032361358404159546
4813381,2025-08-17,1,Crystal Palace,False,12.358823529600002,32.0175,8.900000000000006,28.202857142,0.04578927159309387
4813381,2025-08-17,1,Crystal Palace,False,4.263157895900008,36.5925,36.7733009664,46.0326114612,0.01614575833082199
4813381,2025-08-17,1,Crystal Palace,False,36.7733009664,46.0326114612,23.934466017600002,20.5661146528,0.005697772838175297
4813381,2025-08-17,1,Crystal Palace,False,23.934466017600002,20.5661146528,19.542233008799997,34.915000000000006,0.0469525083899498
4813377,2025-08-17,1,Nottm Forest,True,50.0,50.0,3.973684211600002,27.950714285,0.06557659059762955
4813377,2025-08-17,1,Nottm Forest,True,3.973684211600002,27.950714285,10.099999999999994,23.158471341899997,0.05825206637382507
4813377,2025-08-17,1,Nottm Forest,True,10.099999999999994,23.158471341899997,3.394736843000004,30.34,0.3070243000984192
4813377,2025-08-17,1,Nottm Forest,True,3.394736843000004,30.34,12.895588235600002,24.139363062099996,0.043106500059366226
4813377,2025-08-17,1,Nottm Forest,True,12.895588235600002,24.139363062099996,17.064563106399987,22.808152870399997,0.022510958835482597
4813377,2025-08-17,1,Nottm Forest,True,2.6228070182000067,30.492499999999996,3.7807017554000026,30.95,0.10435677319765091
4813377,2025-08-17,1,Nottm Forest,True,3.7807017554000026,30.95,-1.3017241382000009,41.5990625,0.8555247783660889
4813377,2025-08-17,1,Nottm Forest,True,9.200000000000003,42.6975,27.087864075200002,41.5990625,0.015353629365563393
4813377,2025-08-17,1,Nottm Forest,True,14.398529412399995,25.302500000000002,22.808252425600003,45.4020382125,0.01966610550880432
4813377,2025-08-17,1,Nottm Forest,True,22.808252425600003,45.4020382125,2.9122807024999986,35.60125,0.296566903591156
4813377,2025-08-17,1,Nottm Forest,True,2.9122807024999986,35.60125,19.20436893120001,41.5990625,0.04037027060985565
4813377,2025-08-17,1,Brentford,False,82.93543689360001,22.808152870399997,86.889705882,36.440000000000005,0.07991847395896912
4813377,2025-08-17,1,Brentford,False,86.889705882,36.440000000000005,98.3421052628,25.938437500000003,0.018096234649419785
4813377,2025-08-17,1,Brentford,False,98.3421052628,25.938437500000003,93.3,41.656875,0.1297878623008728
4813377,2025-08-17,1,Brentford,False,93.3,41.656875,97.3771929818,30.492499999999996,0.11378367990255356
4813377,2025-08-17,1,Brentford,False,100.0,41.5990625,85.9235294112,33.161249999999995,0.0998525321483612
4813377,2025-08-17,1,Brentford,False,85.9235294112,33.161249999999995,90.8,42.6975,0.02283826284110546
4813377,2025-08-17,1,Brentford,False,72.9121359248,41.5990625,85.6014705876,25.302500000000002,0.028301004320383072
4813377,2025-08-17,1,Brentford,False,80.79563106879999,41.5990625,98.0526315785,34.0,0.128242626786232
4813377,2025-08-17,1,Brentford,False,98.0526315785,34.0,96.50877192889999,31.7125,0.08300203830003738
4813382,2025-08-17,1,Man United,True,50.0,50.0,92.5,25.302500000000002,0.09281060099601746
4813382,2025-08-17,1,Man United,True,92.5,25.302500000000002,71.6733009736,35.29625000000001,0.013144174590706825
4813382,2025-08-17,1,Man United,True,100.0,31.865,86.352941176,25.1290625,0.09561465680599213
4813382,2025-08-17,1,Man United,True,86.352941176,25.1290625,87.85588235280001,25.7071875,0.08836796879768372
4813382,2025-08-17,1,Man United,True,92.5,47.4338853472,84.51213592239999,49.8861146477,0.02558080479502678
4813382,2025-08-17,1,Man United,True,84.51213592239999,49.8861146477,88.6,24.955625,0.10775147378444672
4813382,2025-08-17,1,Man United,True,88.6,24.955625,79.55679611760002,37.94809524,0.040803760290145874
4813382,2025-08-17,1,Man United,True,83.49854368960001,28.623095236999998,100.9224137934,45.1217834353,0.05523465946316719
4813382,2025-08-17,1,Man United,True,100.9224137934,45.1217834353,90.5,38.452380954,0.05847582593560219
4813382,2025-08-17,1,Man United,True,79.3315533992,30.797499999999996,92.2,42.7553125,0.04360485449433327
4813382,2025-08-17,1,Man United,True,92.2,42.7553125,92.3,44.000764326500004,0.07858721911907196
4813382,2025-08-17,1,Man United,True,89.9,46.0326114612,95.54385964789999,30.279999999999998,0.09659141302108765
4813382,2025-08-17,1,Man United,True,95.54385964789999,30.279999999999998,94.09649122639999,34.99125,0.06959681212902069
4813382,2025-08-17,1,Man United,True,94.09649122639999,34.99125,95.73684210409999,31.254999999999995,0.07677195221185684
4813382,2025-08-17,1,Man United,True,95.73684210409999,31.254999999999995,95.0614035074,31.559999999999995,0.06384551525115967
4813382,2025-08-17,1,Man United,True,95.0614035074,31.559999999999995,87.53382352919999,17.1329936321,0.03088022582232952
4813382,2025-08-17,1,Man United,True,83.0480582528,20.9864968186,76.5160194192,36.5925,0.027439968660473824
4813382,2025-08-17,1,Man United,True,76.5160194192,36.5925,95.9298245603,21.3368152901,0.05416913330554962
4813382,2025-08-17,1,Man United,True,95.9298245603,21.3368152901,98.4385964909,33.466249999999995,0.19854214787483215
4813382,2025-08-17,1,Man United,True,98.4385964909,33.466249999999995,98.6315789471,22.387770704599998,0.03400831297039986
4813382,2025-08-17,1,Man United,True,98.6315789471,22.387770704599998,91.1,32.24625,0.04640224203467369
4813382,2025-08-17,1,Man United,True,95.54385964789999,28.791190475,98.4385964909,34.22875,0.1258016973733902
4813382,2025-08-17,1,Arsenal,False,28.326699026399993,35.29625000000001,-4.525862068999999,31.865,0.9078617691993713
4813382,2025-08-17,1,Arsenal,False,12.144117647199991,25.7071875,7.5,47.4338853472,0.022403502836823463
4813382,2025-08-17,1,Arsenal,False,20.443203882399985,37.94809524,16.501456310399988,28.623095236999998,0.043711695820093155
4813382,2025-08-17,1,Arsenal,False,9.5,38.452380954,8.099999999999994,28.623095236999998,0.046953555196523666
4813382,2025-08-17,1,Arsenal,False,8.099999999999994,28.623095236999998,20.668446600799996,30.797499999999996,0.01207801140844822
4813382,2025-08-17,1,Arsenal,False,7.700000000000003,44.000764326500004,17.627669902399987,35.448750000000004,0.038438811898231506
4813382,2025-08-17,1,Arsenal,False,17.627669902399987,35.448750000000004,10.099999999999994,46.0326114612,0.030631234869360924
4813382,2025-08-17,1,Arsenal,False,12.466176470800008,17.1329936321,16.951941747199996,20.9864968186,0.05693897604942322
4813382,2025-08-17,1,Arsenal,False,8.900000000000006,32.24625,4.456140352100007,28.791190475,0.1483115404844284
4813383,2025-08-18,1,Leeds,True,50.0,50.0,-0.7327586210000021,39.713095239,0.1255730241537094
4813383,2025-08-18,1,Leeds,True,-0.7327586210000021,39.713095239,15.150000000000006,23.9992356735,0.022133346647024155
4813383,2025-08-18,1,Leeds,True,15.150000000000006,23.9992356735,17.852912620799998,30.22,0.014339915476739407
4813383,2025-08-18,1,Leeds,True,17.852912620799998,30.22,16.501456310399988,39.208809525,0.022325286641716957
4813383,2025-08-18,1,Leeds,True,16.501456310399988,39.208809525,4.359649124000001,33.466249999999995,0.1857762634754181
4813383,2025-08-18,1,Leeds,True,4.359649124000001,33.466249999999995,23.146116503200005,38.116190478,0.02691669948399067
4813383,2025-08-18,1,Leeds,True,23.146116503200005,38.116190478,3.394736843000004,32.17,0.1263130009174347
4813383,2025-08-18,1,Leeds,True,3.394736843000004,32.17,4.5526315802,37.768,0.04321221634745598
4813383,2025-08-18,1,Leeds,True,4.5526315802,37.768,-0.922413793399997,37.94809524,0.10891526192426682
4813383,2025-08-18,1,Leeds,True,-0.922413793399997,37.94809524,18.190776698399986,32.70374999999999,0.010758177377283573
4813383,2025-08-18,1,Leeds,True,18.190776698399986,32.70374999999999,8.599999999999994,48.134522290199996,0.0311027429997921
4813383,2025-08-18,1,Leeds,True,8.599999999999994,48.134522290199996,16.050970873600008,49.8861146477,0.029379157349467278
4813383,2025-08-18,1,Leeds,True,16.7266990288,38.284285716,2.3333333339000006,25.8228125,0.08756475150585175
4813383,2025-08-18,1,Leeds,True,2.3333333339000006,25.8228125,-0.16379310380000334,30.05190476,0.11557070165872574
4813383,2025-08-18,1,Leeds,True,0.0,31.254999999999995,9.0,35.448750000000004,0.06923603266477585
4813383,2025-08-18,1,Leeds,True,9.0,35.448750000000004,8.0,43.044375,0.07880818098783493
4813383,2025-08-18,1,Leeds,True,8.0,43.044375,20.330582523200007,29.883809522,0.026106595993041992
4813383,2025-08-18,1,Leeds,True,0.0,37.94809524,14.827941177199989,42.928749999999994,0.021260621026158333
4813383,2025-08-18,1,Leeds,True,14.827941177199989,42.928749999999994,17.177184465600007,23.9992356735,0.030261363834142685
4813383,2025-08-18,1,Leeds,True,17.177184465600007,23.9992356735,-0.922413793399997,26.942142857,0.16870355606079102
4813383,2025-08-18,1,Everton,False,83.94902912639999,49.8861146477,83.2733009712,38.284285716,0.04703414812684059
4813383,2025-08-18,1,Everton,False,100.0,30.05190476,77.1917475744,29.547619046,0.039314154535532
4813383,2025-08-18,1,Everton,False,77.1917475744,29.547619046,99.784482759,19.7954140155,0.014161198399960995
4813383,2025-08-18,1,Everton,False,99.784482759,19.7954140155,101.206896552,31.254999999999995,0.20178811252117157
4813383,2025-08-18,1,Everton,False,94.0,34.0,93.6,41.5990625,0.025390254333615303
4813383,2025-08-18,1,Everton,False,93.6,41.5990625,95.73684210409999,32.0175,0.05844828486442566
4813383,2025-08-18,1,Everton,False,95.73684210409999,32.0175,102.155172414,37.94809524,0.4166935980319977
4813394,2025-08-22,2,West Ham,True,50.0,50.0,19.880097086399985,49.956178342,0.014582866802811623
4813394,2025-08-22,2,West Ham,True,0.0,34.4575,2.815789474400006,21.9673885388,0.008808868937194347
4813394,2025-08-22,2,West Ham,True,0.0,35.525000000000006,12.78823529440001,33.77125,0.05747899040579796
4813394,2025-08-22,2,West Ham,True,12.78823529440001,33.77125,3.105263158699998,19.304968155399997,0.01941210776567459
4813394,2025-08-22,2,West Ham,True,3.105263158699998,19.304968155399997,3.877192983499995,23.2285350362,0.07484740018844604
4813394,2025-08-22,2,West Ham,True,11.822058823600003,25.418125,2.815789474400006,39.124761905999996,0.033771514892578125
4813394,2025-08-22,2,West Ham,True,2.815789474400006,39.124761905999996,3.7807017554000026,28.286904761,0.0793212503194809
4813394,2025-08-22,2,West Ham,True,3.7807017554000026,28.286904761,-2.53448275880001,23.718980896300003,0.041019588708877563
4813394,2025-08-22,2,West Ham,True,7.400000000000006,32.70374999999999,3.4912280711000108,37.05,0.04860621318221092
4813394,2025-08-22,2,West Ham,True,3.4912280711000108,37.05,3.105263158699998,37.94809524,0.052790991961956024
4813394,2025-08-22,2,West Ham,True,3.105263158699998,37.94809524,15.0426470596,26.169687500000002,0.10573132336139679
4813394,2025-08-22,2,West Ham,True,15.0426470596,26.169687500000002,-1.0172413795999944,31.254999999999995,0.190028578042984
4813394,2025-08-22,2,Chelsea,False,80.11990291360001,49.956178342,101.8706896554,34.4575,0.32988375425338745
4813394,2025-08-22,2,Chelsea,False,97.1842105256,21.9673885388,96.0263157884,26.942142857,0.08501141518354416
4813394,2025-08-22,2,Chelsea,False,96.0263157884,26.942142857,99.1140350876,38.368333335,0.35798653960227966
4813394,2025-08-22,2,Chelsea,False,99.1140350876,38.368333335,76.8538834968,32.0175,0.0201082956045866
4813394,2025-08-22,2,Chelsea,False,76.8538834968,32.0175,101.58620689680001,35.525000000000006,0.8293161988258362
4813394,2025-08-22,2,Chelsea,False,96.1228070165,23.2285350362,92.8,35.60125,0.14043939113616943
4813394,2025-08-22,2,Chelsea,False,92.8,35.60125,98.4385964909,30.232,0.23868688941001892
4813394,2025-08-22,2,Chelsea,False,98.4385964909,30.232,97.0877192975,36.745000000000005,0.06080599129199982
4813394,2025-08-22,2,Chelsea,False,97.0877192975,36.745000000000005,100.9224137934,32.779999999999994,0.31336864829063416
4813394,2025-08-22,2,Chelsea,False,100.9224137934,32.779999999999994,88.1779411764,25.418125,0.05790357291698456
4813394,2025-08-22,2,Chelsea,False,100.0,23.718980896300003,92.6,32.70374999999999,0.287461519241333
4813394,2025-08-22,2,Chelsea,False,100.0,31.254999999999995,89.7,19.9355414041,0.021718041971325874
4813392,2025-08-23,2,Man City,True,90.1,46.873375792800005,101.206896552,49.1154140104,0.02002318762242794
4813392,2025-08-23,2,Man City,True,101.206896552,49.1154140104,84.51213592239999,48.554904456,0.02032189443707466
4813392,2025-08-23,2,Man City,True,84.51213592239999,48.554904456,86.5676470584,37.355000000000004,0.04160454124212265
4813392,2025-08-23,2,Man City,True,86.5676470584,37.355000000000004,94.38596491070001,30.316,0.6069476008415222
4813392,2025-08-23,2,Man City,True,94.1929824545,28.623095236999998,100.44827586240001,32.856249999999996,0.470852255821228
4813392,2025-08-23,2,Man City,True,100.44827586240001,32.856249999999996,95.0614035074,41.5990625,0.14012616872787476
4813392,2025-08-23,2,Man City,True,98.3421052628,41.772499999999994,81.35873786479999,30.291999999999998,0.024128535762429237
4813392,2025-08-23,2,Man City,True,81.35873786479999,30.291999999999998,96.79824561320001,29.379523808000002,0.04704735055565834
4813392,2025-08-23,2,Man City,True,96.79824561320001,29.379523808000002,97.95614035039999,37.72,0.15558521449565887
4813392,2025-08-23,2,Man City,True,97.95614035039999,37.72,80.11990291360001,41.225952381,0.02586064487695694
4813392,2025-08-23,2,Tottenham,False,50.0,50.0,14.720588235999998,47.4338853472,0.05404529348015785
4813392,2025-08-23,2,Tottenham,False,14.720588235999998,47.4338853472,9.900000000000006,46.873375792800005,0.027680208906531334
4813392,2025-08-23,2,Tottenham,False,5.614035089299989,30.316,5.807017545500003,36.135000000000005,0.3713078498840332
4813392,2025-08-23,2,Tottenham,False,5.807017545500003,36.135000000000005,5.807017545500003,28.623095236999998,0.1364290416240692
4813392,2025-08-23,2,Tottenham,False,4.9385964925999986,41.5990625,3.973684211600002,40.049285714999996,0.03343154117465019
4813392,2025-08-23,2,Tottenham,False,3.973684211600002,40.049285714999996,3.394736843000004,39.881190477,0.040253330022096634
4813392,2025-08-23,2,Tottenham,False,3.394736843000004,39.881190477,15.487864077600008,49.605859870500005,0.026146287098526955
4813392,2025-08-23,2,Tottenham,False,15.487864077600008,49.605859870500005,2.6228070182000067,41.5990625,0.027124814689159393
4813392,2025-08-23,2,Tottenham,False,2.6228070182000067,41.5990625,1.657894737199996,41.772499999999994,0.03381969779729843
4813392,2025-08-23,2,Tottenham,False,19.880097086399985,41.225952381,8.400000000000006,31.7125,0.16679203510284424
4813392,2025-08-23,2,Tottenham,False,8.400000000000006,31.7125,6.799999999999997,26.2853125,0.12118001282215118
4813392,2025-08-23,2,Tottenham,False,6.799999999999997,26.2853125,4.456140352100007,39.713095239,0.07954564690589905
4813385,2025-08-23,2,Bournemouth,True,50.0,50.0,4.6491228082999925,24.419617839300003,0.1066608726978302
4813385,2025-08-23,2,Bournemouth,True,6.900000000000006,30.304,5.035087720700005,46.5931210156,0.08217018842697144
4813385,2025-08-23,2,Bournemouth,True,5.035087720700005,46.5931210156,-2.2500000001999894,35.29625000000001,0.42037540674209595
4813385,2025-08-23,2,Bournemouth,True,-2.2500000001999894,35.29625000000001,23.371359221600002,31.026249999999997,0.024225778877735138
4813385,2025-08-23,2,Bournemouth,True,15.6004854368,21.4769426787,15.713106796000005,29.463571426999998,0.05425656959414482
4813385,2025-08-23,2,Bournemouth,True,15.713106796000005,29.463571426999998,9.599999999999994,20.7763057357,0.034870680421590805
4813385,2025-08-23,2,Bournemouth,True,3.7807017554000026,40.049285714999996,14.076470588800007,32.474999999999994,0.11153184622526169
4813385,2025-08-23,2,Bournemouth,True,14.076470588800007,32.474999999999994,3.7807017554000026,37.355000000000004,0.18650531768798828
4813385,2025-08-23,2,Bournemouth,True,13.539705882800007,42.2928125,1.947368421500002,48.134522290199996,0.021526487544178963
4813385,2025-08-23,2,Bournemouth,True,1.947368421500002,48.134522290199996,17.965533980000004,30.232,0.028746826574206352
4813385,2025-08-23,2,Bournemouth,True,17.965533980000004,30.232,9.900000000000006,30.95,0.056063178926706314
4813385,2025-08-23,2,Bournemouth,True,9.900000000000006,30.95,24.384951454399996,42.7553125,0.019260704517364502
4813385,2025-08-23,2,Bournemouth,True,24.384951454399996,42.7553125,7.299999999999997,42.6975,0.05091158300638199
4813385,2025-08-23,2,Bournemouth,True,7.299999999999997,42.6975,17.402427184000004,29.967857141,0.09409444779157639
4813385,2025-08-23,2,Wolves,False,95.35087719170001,24.419617839300003,93.1,30.304,0.06450854986906052
4813385,2025-08-23,2,Wolves,False,76.6286407784,31.026249999999997,95.35087719170001,33.61875,0.10199638456106186
4813385,2025-08-23,2,Wolves,False,95.35087719170001,33.61875,84.3995145632,21.4769426787,0.01224009320139885
4813385,2025-08-23,2,Wolves,False,90.4,20.7763057357,96.2192982446,40.049285714999996,0.13029541075229645
4813385,2025-08-23,2,Wolves,False,96.2192982446,37.355000000000004,86.4602941172,42.2928125,0.10054817795753479
4813385,2025-08-23,2,Wolves,False,82.597572816,29.967857141,88.5,38.620476192,0.05515490099787712
4813387,2025-08-23,2,Brentford,True,50.0,50.0,98.0526315785,47.3638216529,0.06053685024380684
4813387,2025-08-23,2,Brentford,True,98.0526315785,47.3638216529,95.35087719170001,39.713095239,0.6076130270957947
4813387,2025-08-23,2,Brentford,True,95.35087719170001,39.713095239,100.3534482762,37.05,0.413446843624115
4813387,2025-08-23,2,Brentford,True,80.23252427279999,43.860636937900004,95.4473684198,46.5230573213,0.03268061578273773
4813387,2025-08-23,2,Brentford,True,95.4473684198,46.5230573213,95.2543859636,33.39,0.05179997533559799
4813387,2025-08-23,2,Brentford,True,95.2543859636,33.39,96.50877192889999,34.4575,0.06420193612575531
4813387,2025-08-23,2,Brentford,True,96.50877192889999,34.4575,83.160679612,32.70374999999999,0.027742037549614906
4813387,2025-08-23,2,Brentford,True,83.160679612,32.70374999999999,98.8245614033,39.376904763,0.0996914952993393
4813387,2025-08-23,2,Brentford,True,92.9,45.4020382125,94.38596491070001,45.8924840726,0.10618402063846588
4813387,2025-08-23,2,Aston Villa,False,0.0,37.05,19.767475727200008,43.860636937900004,0.007975749671459198
4813387,2025-08-23,2,Aston Villa,False,1.1754385967000047,39.376904763,5.324561404999997,45.6122292954,0.03148991987109184
4813387,2025-08-23,2,Aston Villa,False,5.324561404999997,45.6122292954,13.75441176519999,28.118809523000003,0.04622138664126396
4813387,2025-08-23,2,Aston Villa,False,13.75441176519999,28.118809523000003,5.035087720700005,27.782619046999997,0.03767228499054909
4813387,2025-08-23,2,Aston Villa,False,5.035087720700005,27.782619046999997,3.105263158699998,31.7125,0.07268369942903519
4813387,2025-08-23,2,Aston Villa,False,3.105263158699998,31.7125,10.799999999999997,38.284285716,0.07658342272043228
4813387,2025-08-23,2,Aston Villa,False,10.799999999999997,38.284285716,7.700000000000003,30.645,0.07420019805431366
4813387,2025-08-23,2,Aston Villa,False,7.700000000000003,30.645,7.099999999999994,42.6975,0.04827265441417694
4813387,2025-08-23,2,Aston Villa,False,7.099999999999994,42.6975,5.035087720700005,33.00875,0.15864886343479156
4813387,2025-08-23,2,Aston Villa,False,5.035087720700005,33.00875,17.627669902399987,33.61875,0.04218495637178421
4813387,2025-08-23,2,Aston Villa,False,17.627669902399987,33.61875,9.200000000000003,37.66,0.204825758934021
4813387,2025-08-23,2,Aston Villa,False,9.200000000000003,37.66,22.470388348,30.328,0.023515505716204643
4813387,2025-08-23,2,Aston Villa,False,22.470388348,30.328,4.456140352100007,35.220000000000006,0.05290226638317108
4813387,2025-08-23,2,Aston Villa,False,4.456140352100007,35.220000000000006,7.099999999999994,45.4020382125,0.06075447052717209
4813387,2025-08-23,2,Aston Villa,False,5.614035089299989,45.8924840726,15.150000000000006,47.153630570000004,0.018192308023571968
4813387,2025-08-23,2,Aston Villa,False,15.150000000000006,47.153630570000004,2.815789474400006,30.256,0.14085079729557037
4813387,2025-08-23,2,Aston Villa,False,2.815789474400006,30.256,2.6228070182000067,37.94809524,0.09509753435850143
4813388,2025-08-23,2,Burnley,True,1.657894737199996,35.6775,14.076470588800007,23.859108284899996,0.022916005924344063
4813388,2025-08-23,2,Burnley,True,1.947368421500002,45.8224203783,13.432352941600001,43.16,0.024551117792725563
4813388,2025-08-23,2,Burnley,True,14.827941177199989,24.699872616500002,-0.6379310348000047,40.217380953,0.18940575420856476
4813388,2025-08-23,2,Burnley,True,-0.6379310348000047,40.217380953,9.5,44.2810191037,0.07620485126972198
4813388,2025-08-23,2,Burnley,True,14.5058823536,21.4068789844,7.5,22.6680254818,0.024467360228300095
4813388,2025-08-23,2,Burnley,True,6.799999999999997,22.387770704599998,5.807017545500003,44.5612738809,0.5791047811508179
4813388,2025-08-23,2,Burnley,True,8.900000000000006,24.139363062099996,16.7266990288,33.31375,0.07912809401750565
4813388,2025-08-23,2,Sunderland,False,50.0,50.0,98.3421052628,35.6775,0.3044221103191376
4813388,2025-08-23,2,Sunderland,False,85.9235294112,23.859108284899996,98.0526315785,45.8224203783,0.22716110944747925
4813388,2025-08-23,2,Sunderland,False,86.5676470584,43.16,85.17205882280001,24.699872616500002,0.05457516014575958
4813388,2025-08-23,2,Sunderland,False,90.5,44.2810191037,85.4941176464,21.4068789844,0.026878908276557922
4813388,2025-08-23,2,Sunderland,False,92.5,22.6680254818,91.2,41.3678125,0.022839391604065895
4813388,2025-08-23,2,Sunderland,False,91.2,41.3678125,93.2,22.387770704599998,0.023874178528785706
4813388,2025-08-23,2,Sunderland,False,94.1929824545,44.5612738809,91.1,24.139363062099996,0.03386650234460831
4813388,2025-08-23,2,Sunderland,False,83.2733009712,33.31375,86.24558823480001,34.0,0.04142826050519943
4813388,2025-08-23,2,Sunderland,False,86.24558823480001,34.0,91.7,29.715714284,0.03818884119391441
4813386,2025-08-23,2,Arsenal,True,50.0,50.0,83.160679612,42.6975,0.019544264301657677
4813386,2025-08-23,2,Arsenal,True,83.160679612,42.6975,86.4602941172,21.4068789844,0.03256409987807274
4813386,2025-08-23,2,Arsenal,True,85.6014705876,23.2985987305,95.54385964789999,37.732,0.0401705801486969
4813386,2025-08-23,2,Arsenal,True,95.54385964789999,37.732,95.9298245603,32.551249999999996,0.43522316217422485
4813386,2025-08-23,2,Arsenal,True,96.605263157,32.39875,100.6379310348,34.1525,0.2178587168455124
4813386,2025-08-23,2,Arsenal,True,100.6379310348,34.1525,82.8228155344,26.774047619,0.0174507237970829
4813386,2025-08-23,2,Arsenal,True,82.8228155344,26.774047619,100.3534482762,21.4068789844,0.10565783083438873
4813386,2025-08-23,2,Arsenal,True,100.3534482762,21.4068789844,95.54385964789999,42.1771875,0.06031104177236557
4813386,2025-08-23,2,Arsenal,True,95.54385964789999,42.1771875,85.9235294112,39.545000001,0.057289812713861465
4813386,2025-08-23,2,Arsenal,True,85.9235294112,39.545000001,89.0,21.4068789844,0.022393662482500076
4813386,2025-08-23,2,Arsenal,True,89.0,21.4068789844,100.3534482762,33.77125,0.199927419424057
4813386,2025-08-23,2,Arsenal,True,100.3534482762,33.77125,102.06034482780001,34.61,0.3956354856491089
4813386,2025-08-23,2,Arsenal,True,102.06034482780001,34.61,101.0172413796,35.29625000000001,0.24250996112823486
4813386,2025-08-23,2,Arsenal,True,101.0172413796,35.29625000000001,97.3771929818,39.124761905999996,0.07253476232290268
4813386,2025-08-23,2,Arsenal,True,97.3771929818,39.124761905999996,90.8,37.708,0.09210341423749924
4813386,2025-08-23,2,Arsenal,True,90.8,37.708,84.62475728160001,25.53375,0.04364490136504173
4813386,2025-08-23,2,Arsenal,True,84.62475728160001,25.53375,89.2,31.254999999999995,0.03552405163645744
4813386,2025-08-23,2,Leeds,False,13.539705882800007,21.4068789844,14.398529412399995,23.2985987305,0.03680954501032829
4813386,2025-08-23,2,Leeds,False,4.0701754396999945,32.551249999999996,9.0,18.954649683899998,0.033337946981191635
4813386,2025-08-23,2,Leeds,False,9.0,18.954649683899998,3.394736843000004,32.39875,0.09647864103317261
4813389,2025-08-24,2,Crystal Palace,True,18.303398057600006,25.938437500000003,3.394736843000004,32.09375,0.0769222304224968
4813389,2025-08-24,2,Crystal Palace,True,8.299999999999997,49.0453503161,17.515048543199995,36.745000000000005,0.08669521659612656
4813389,2025-08-24,2,Crystal Palace,True,17.515048543199995,36.745000000000005,1.657894737199996,36.21125,0.10479341447353363
4813389,2025-08-24,2,Crystal Palace,True,8.900000000000006,31.4075,2.9122807024999986,34.38125,0.5504794120788574
4813389,2025-08-24,2,Crystal Palace,True,2.9122807024999986,34.38125,10.5,45.752356684000006,0.04238877817988396
4813389,2025-08-24,2,Crystal Palace,True,10.5,45.752356684000006,0.9824561404999912,26.516562500000003,0.11307825148105621
4813389,2025-08-24,2,Crystal Palace,True,0.0,26.343125,7.099999999999994,42.00375,0.08117219060659409
4813389,2025-08-24,2,Crystal Palace,True,3.877192983499995,24.955625,6.299999999999997,35.143750000000004,0.04675045236945152
4813389,2025-08-24,2,Nottm Forest,False,50.0,50.0,97.1842105256,30.267999999999997,0.11030538380146027
4813389,2025-08-24,2,Nottm Forest,False,97.1842105256,30.267999999999997,81.6966019424,25.938437500000003,0.011925294063985348
4813389,2025-08-24,2,Nottm Forest,False,96.605263157,32.09375,91.7,49.0453503161,0.04666518792510033
4813389,2025-08-24,2,Nottm Forest,False,98.3421052628,36.21125,91.1,31.4075,0.11046960949897766
4813389,2025-08-24,2,Nottm Forest,False,99.01754385950001,26.516562500000003,102.25000000019999,26.343125,0.11555470526218414
4813389,2025-08-24,2,Nottm Forest,False,92.9,42.00375,96.1228070165,24.955625,0.26485776901245117
4813389,2025-08-24,2,Nottm Forest,False,93.7,35.143750000000004,96.79824561320001,44.841528658099996,0.06804484874010086
4813389,2025-08-24,2,Nottm Forest,False,96.79824561320001,44.841528658099996,97.8596491223,20.4960509585,0.08641225844621658
4813389,2025-08-24,2,Nottm Forest,False,97.8596491223,20.4960509585,98.7280701752,38.284285716,0.11537600308656693
4813390,2025-08-24,2,Everton,True,50.0,50.0,15.262621359199997,37.05,0.03420908749103546
4813390,2025-08-24,2,Everton,True,1.368421052900004,33.695,-3.0086206898000114,39.96523809599999,0.0972149670124054
4813390,2025-08-24,2,Everton,True,-3.0086206898000114,39.96523809599999,-1.3017241382000009,31.7125,0.691470205783844
4813390,2025-08-24,2,Everton,True,12.466176470800008,35.75375,13.110294117999999,34.68625,0.07991847395896912
4813390,2025-08-24,2,Everton,True,21.344174756,23.9992356735,17.740291261600007,46.5931210156,0.02108124829828739
4813390,2025-08-24,2,Everton,True,0.0,40.973809524,18.190776698399986,46.8033120985,0.02029644325375557
4813390,2025-08-24,2,Everton,True,18.190776698399986,46.8033120985,-1.8706896553999997,32.3225,0.25495341420173645
4813390,2025-08-24,2,Everton,True,6.0,34.0,13.432352941600001,47.854267513,0.009432234801352024
4813390,2025-08-24,2,Everton,True,13.432352941600001,47.854267513,7.400000000000006,37.2025,0.17727956175804138
4813390,2025-08-24,2,Everton,True,7.400000000000006,37.2025,3.394736843000004,33.00875,0.14275480806827545
4813390,2025-08-24,2,Everton,True,3.394736843000004,33.00875,10.0,23.158471341899997,0.06735534965991974
4813390,2025-08-24,2,Brighton,False,84.7373786408,37.05,85.279411764,43.044375,0.024469800293445587
4813390,2025-08-24,2,Brighton,False,85.279411764,43.044375,92.7,40.217380953,0.14976440370082855
4813390,2025-08-24,2,Brighton,False,92.7,40.217380953,98.6315789471,33.695,0.7707863450050354
4813390,2025-08-24,2,Brighton,False,100.0,31.7125,75.7276699048,46.1727388498,0.01773773692548275
4813390,2025-08-24,2,Brighton,False,75.7276699048,46.1727388498,87.53382352919999,35.75375,0.07386602461338043
4813390,2025-08-24,2,Brighton,False,86.889705882,34.68625,75.38980582720001,33.084999999999994,0.012468257918953896
4813390,2025-08-24,2,Brighton,False,75.38980582720001,33.084999999999994,78.655825244,23.9992356735,0.01281250175088644
4813390,2025-08-24,2,Brighton,False,82.2597087384,46.5931210156,101.1120689658,40.973809524,0.37547799944877625
4813390,2025-08-24,2,Brighton,False,100.0,32.3225,86.4602941172,36.5925,0.041067514568567276
4813390,2025-08-24,2,Brighton,False,86.4602941172,36.5925,92.3,31.254999999999995,0.02285587228834629
4813390,2025-08-24,2,Brighton,False,92.3,31.254999999999995,97.7631578942,23.0183439533,0.08284113556146622
4813390,2025-08-24,2,Brighton,False,90.0,23.158471341899997,96.605263157,25.938437500000003,0.06051516905426979
4813391,2025-08-24,2,Fulham,True,77.6422330112,32.24625,94.7719298231,45.2619108239,0.15115869045257568
4813391,2025-08-24,2,Fulham,True,94.4824561388,34.07625,99.784482759,42.6975,0.021057959645986557
4813391,2025-08-24,2,Fulham,True,99.784482759,42.6975,86.5676470584,31.254999999999995,0.03049292229115963
4813391,2025-08-24,2,Fulham,True,86.5676470584,31.254999999999995,101.0172413796,30.267999999999997,0.15189312398433685
4813391,2025-08-24,2,Fulham,True,101.0172413796,30.267999999999997,77.3043689336,33.61875,0.018964849412441254
4813391,2025-08-24,2,Fulham,True,94.0,34.0,101.58620689680001,29.379523808000002,0.2177537977695465
4813391,2025-08-24,2,Fulham,True,101.58620689680001,29.379523808000002,101.3017241382,31.4075,0.27647286653518677
4813391,2025-08-24,2,Fulham,True,101.3017241382,31.4075,95.9298245603,23.158471341899997,0.03764146566390991
4813391,2025-08-24,2,Fulham,True,97.2807017537,19.865477709799997,3.1293103446,30.492499999999996,0.0
4813391,2025-08-24,2,Fulham,True,100.0,36.66875,98.3421052628,36.440000000000005,0.11839056760072708
4813391,2025-08-24,2,Fulham,True,98.3421052628,36.440000000000005,94.1929824545,45.752356684000006,0.022779682651162148
4813391,2025-08-24,2,Fulham,True,94.1929824545,45.752356684000006,82.7101941752,29.715714284,0.01881093718111515
4813391,2025-08-24,2,Fulham,True,82.7101941752,29.715714284,101.206896552,36.5925,0.6737950444221497
4813391,2025-08-24,2,Fulham,True,98.0526315785,36.2875,93.6,45.752356684000006,0.027859684079885483
4813391,2025-08-24,2,Man United,False,50.0,50.0,22.132524270399998,28.118809523000003,0.021511487662792206
4813391,2025-08-24,2,Man United,False,22.132524270399998,28.118809523000003,8.400000000000006,38.78857143,0.1284656971693039
4813391,2025-08-24,2,Man United,False,8.400000000000006,38.78857143,4.0701754396999945,23.718980896300003,0.10896597802639008
4813391,2025-08-24,2,Man United,False,4.0701754396999945,23.718980896300003,22.357766988799995,32.24625,0.030319692566990852
4813391,2025-08-24,2,Man United,False,5.228070176900005,45.2619108239,5.5175438611999965,34.07625,0.23541197180747986
4813391,2025-08-24,2,Man United,False,4.0701754396999945,23.158471341899997,2.7192982462999993,19.865477709799997,0.02825350873172283
4813391,2025-08-24,2,Man United,False,96.8706896554,30.492499999999996,-1.2068965520000035,36.66875,0.1784176230430603
4813391,2025-08-24,2,Man United,False,0.0,36.5925,9.299999999999997,21.547006373000002,0.010735825635492802
4813391,2025-08-24,2,Man United,False,9.299999999999997,21.547006373000002,1.947368421500002,36.2875,0.09616535902023315
4813393,2025-08-25,2,Newcastle,True,92.9,50.166369424900005,91.1,57.3740284298,0.04229610040783882
4813393,2025-08-25,2,Newcastle,True,91.1,57.3740284298,98.4385964909,30.95,0.11921792477369308
4813393,2025-08-25,2,Newcastle,True,98.4385964909,30.95,100.3534482762,34.07625,0.3017013370990753
4813393,2025-08-25,2,Newcastle,True,100.3534482762,34.07625,96.50877192889999,26.942142857,0.10168120265007019
4813393,2025-08-25,2,Newcastle,True,80.79563106879999,43.3001273835,89.4,23.438726119099996,0.04762990027666092
4813393,2025-08-25,2,Newcastle,True,89.4,23.438726119099996,95.35087719170001,25.186875,0.009381584823131561
4813393,2025-08-25,2,Newcastle,True,90.2,34.7625,97.6666666661,31.4075,0.1695351004600525
4813393,2025-08-25,2,Newcastle,True,97.6666666661,31.4075,96.79824561320001,38.116190478,0.04418813809752464
4813393,2025-08-25,2,Newcastle,True,96.79824561320001,38.116190478,95.54385964789999,41.7146875,0.13031631708145142
4813393,2025-08-25,2,Newcastle,True,95.54385964789999,41.7146875,83.2733009712,35.448750000000004,0.015517263673245907
4813393,2025-08-25,2,Liverpool,False,50.0,50.0,7.099999999999994,50.166369424900005,0.05123675614595413
4813393,2025-08-25,2,Liverpool,False,3.4912280711000108,26.942142857,19.20436893120001,43.3001273835,0.02307630144059658
4813393,2025-08-25,2,Liverpool,False,4.6491228082999925,25.186875,12.78823529440001,43.860636937900004,0.05840113386511803
4813393,2025-08-25,2,Liverpool,False,12.78823529440001,43.860636937900004,9.799999999999997,34.7625,0.2047823667526245
4813393,2025-08-25,2,Liverpool,False,16.7266990288,35.448750000000004,6.099999999999994,37.50750000000001,0.35532212257385254
4813397,2025-08-30,3,Chelsea,True,50.0,50.0,81.24611650560001,19.7954140155,0.016747616231441498
4813397,2025-08-30,3,Chelsea,True,81.24611650560001,19.7954140155,96.2192982446,46.873375792800005,0.09082821756601334
4813397,2025-08-30,3,Chelsea,True,96.50877192889999,33.161249999999995,79.4441747584,18.814522295299998,0.01492507103830576
4813397,2025-08-30,3,Chelsea,True,79.4441747584,18.814522295299998,102.53448275880001,40.049285714999996,0.20977036654949188
4813397,2025-08-30,3,Chelsea,True,102.53448275880001,40.049285714999996,95.0614035074,37.05,0.059544242918491364
4813397,2025-08-30,3,Chelsea,True,95.0614035074,37.05,101.681034483,34.22875,0.5968256592750549
4813397,2025-08-30,3,Chelsea,True,101.681034483,34.22875,102.25000000019999,26.458750000000002,0.04951236769556999
4813397,2025-08-30,3,Chelsea,True,94.0,34.0,94.4824561388,27.110238095,0.3593335747718811
4813397,2025-08-30,3,Chelsea,True,94.4824561388,27.110238095,89.4,37.50750000000001,0.04756782203912735
4813397,2025-08-30,3,Chelsea,True,89.4,37.50750000000001,92.3,51.007133756500004,0.02759604901075363
4813397,2025-08-30,3,Chelsea,True,92.3,51.007133756500004,101.8706896554,26.942142857,0.05336419865489006
4813397,2025-08-30,3,Chelsea,True,94.1929824545,33.466249999999995,83.49854368960001,26.2853125,0.03573867678642273
4813397,2025-08-30,3,Fulham,False,3.7807017554000026,46.873375792800005,8.599999999999994,26.0540625,0.07910211384296417
4813397,2025-08-30,3,Fulham,False,8.599999999999994,26.0540625,20.78106796,41.5990625,0.03361338749527931
4813397,2025-08-30,3,Fulham,False,20.78106796,41.5990625,13.75441176519999,32.70374999999999,0.03797115013003349
4813397,2025-08-30,3,Fulham,False,13.75441176519999,32.70374999999999,4.359649124000001,26.774047619,0.08372465521097183
4813397,2025-08-30,3,Fulham,False,4.359649124000001,26.774047619,3.4912280711000108,33.161249999999995,0.07445527613162994
4813397,2025-08-30,3,Fulham,False,0.0,26.458750000000002,7.700000000000003,31.865,0.038164082914590836
4813397,2025-08-30,3,Fulham,False,0.0,26.942142857,5.807017545500003,33.466249999999995,0.07083062082529068
4813397,2025-08-30,3,Fulham,False,16.501456310399988,26.2853125,1.2719298247999973,35.143750000000004,0.12615084648132324
4813397,2025-08-30,3,Fulham,False,1.2719298247999973,35.143750000000004,-3.1034482759999946,31.254999999999995,0.4109908640384674
4813397,2025-08-30,3,Fulham,False,-3.1034482759999946,31.254999999999995,22.583009707200006,29.967857141,0.039314154535532
4813397,2025-08-30,3,Fulham,False,22.583009707200006,29.967857141,-0.922413793399997,46.7332484042,0.028702011331915855
4813400,2025-08-30,3,Man United,True,50.0,50.0,80.0072815544,35.75375,0.027312949299812317
4813400,2025-08-30,3,Man United,True,80.0072815544,35.75375,91.5,20.4960509585,0.022649336606264114
4813400,2025-08-30,3,Man United,True,91.5,20.4960509585,92.7,21.4068789844,0.07765359431505203
4813400,2025-08-30,3,Man United,True,92.7,21.4068789844,98.4385964909,37.78,0.0874803438782692
4813400,2025-08-30,3,Man United,True,98.4385964909,37.78,97.7631578942,34.99125,0.1305236667394638
4813400,2025-08-30,3,Man United,True,94.5789473669,31.178749999999994,86.24558823480001,31.4075,0.0346362367272377
4813400,2025-08-30,3,Man United,True,86.24558823480001,31.4075,100.1637931038,28.286904761,0.06230543181300163
4813400,2025-08-30,3,Man United,True,100.1637931038,28.286904761,94.5789473669,29.715714284,0.09306130558252335
4813400,2025-08-30,3,Man United,True,94.5789473669,29.715714284,98.24561403470001,36.5925,0.0961938202381134
4813400,2025-08-30,3,Man United,True,98.24561403470001,36.5925,90.6,22.597961787499997,0.04175449162721634
4813400,2025-08-30,3,Man United,True,90.6,22.597961787499997,102.06034482780001,26.111875,0.06217968091368675
4813400,2025-08-30,3,Man United,True,102.06034482780001,26.111875,80.5703883504,18.674394906699998,0.01591617986559868
4813400,2025-08-30,3,Man United,True,80.5703883504,18.674394906699998,96.50877192889999,34.305,0.14275480806827545
4813400,2025-08-30,3,Man United,True,94.0,41.483437499999994,96.605263157,38.872619049,0.5011997818946838
4813400,2025-08-30,3,Man United,True,96.605263157,38.872619049,97.1842105256,31.636249999999997,0.2007247358560562
4813400,2025-08-30,3,Man United,True,75.5024271864,30.22,97.95614035039999,39.040714287,0.10146337747573853
4813400,2025-08-30,3,Man United,True,98.8245614033,34.61,97.95614035039999,33.2375,0.5621285438537598
4813400,2025-08-30,3,Man United,True,97.95614035039999,33.2375,82.4849514568,23.859108284899996,0.024055059999227524
4813400,2025-08-30,3,Man United,True,82.4849514568,23.859108284899996,92.6,34.07625,0.09511549770832062
4813400,2025-08-30,3,Man United,True,100.0,35.220000000000006,83.2733009712,41.3678125,0.04569890350103378
4813400,2025-08-30,3,Man United,True,83.2733009712,41.3678125,101.4913793106,40.805714286,0.0726955235004425
4813400,2025-08-30,3,Man United,True,101.4913793106,40.805714286,85.4941176464,36.8975,0.023912690579891205
4813400,2025-08-30,3,Man United,True,85.4941176464,36.8975,87.53382352919999,31.865,0.04490213468670845
4813400,2025-08-30,3,Man United,True,87.53382352919999,31.865,99.21052631570001,36.135000000000005,0.1806560754776001
4813400,2025-08-30,3,Man United,True,99.21052631570001,36.135000000000005,97.8596491223,37.355000000000004,0.09206809103488922
4813400,2025-08-30,3,Burnley,False,2.236842105799994,34.99125,97.4396551726,32.0175,0.0
4813400,2025-08-30,3,Burnley,False,97.4396551726,32.0175,5.421052633100004,31.178749999999994,0.10785963386297226
4813400,2025-08-30,3,Burnley,False,3.4912280711000108,34.305,6.0,41.483437499999994,0.0942777767777443
4813400,2025-08-30,3,Burnley,False,2.815789474400006,31.636249999999997,24.4975728136,30.22,0.03493450954556465
4813400,2025-08-30,3,Burnley,False,2.0438596496000088,39.040714287,1.1754385967000047,34.61,0.5077874660491943
4813400,2025-08-30,3,Burnley,False,7.400000000000006,34.07625,4.456140352100007,29.379523808000002,0.12805843353271484
4813400,2025-08-30,3,Burnley,False,4.456140352100007,29.379523808000002,-0.922413793399997,35.220000000000006,0.38072553277015686
4813402,2025-08-30,3,Sunderland,True,50.0,50.0,1.0789473686000122,25.938437500000003,0.07479706406593323
4813402,2025-08-30,3,Sunderland,True,1.0789473686000122,25.938437500000003,2.3333333339000006,30.22,0.07892747968435287
4813402,2025-08-30,3,Sunderland,True,2.3333333339000006,30.22,20.668446600799996,43.16,0.0196169875562191
4813402,2025-08-30,3,Sunderland,True,2.429824561999993,29.715714284,11.099999999999994,44.5612738809,0.04561660811305046
4813402,2025-08-30,3,Sunderland,True,13.110294117999999,33.77125,17.177184465600007,30.135952379000003,0.04014808312058449
4813402,2025-08-30,3,Sunderland,True,17.177184465600007,30.135952379000003,10.200000000000003,35.0675,0.05219600722193718
4813402,2025-08-30,3,Sunderland,True,6.0,34.0,8.299999999999997,35.448750000000004,0.17029978334903717
4813402,2025-08-30,3,Sunderland,True,8.299999999999997,35.448750000000004,19.992718445600005,50.7268789793,0.013819511979818344
4813402,2025-08-30,3,Sunderland,True,19.992718445600005,50.7268789793,1.7543859652999885,38.536428573,0.09813147038221359
4813402,2025-08-30,3,Sunderland,True,14.183823529999998,34.533750000000005,8.299999999999997,17.5533757979,0.028143804520368576
4813402,2025-08-30,3,Sunderland,True,4.0701754396999945,38.452380954,2.6228070182000067,37.696,0.1328486055135727
4813402,2025-08-30,3,Brentford,False,79.3315533992,43.16,95.54385964789999,32.24625,0.0776674821972847
4813402,2025-08-30,3,Brentford,False,95.54385964789999,32.24625,97.570175438,29.715714284,0.08233372867107391
4813402,2025-08-30,3,Brentford,False,88.9,44.5612738809,86.889705882,33.77125,0.013627557083964348
4813402,2025-08-30,3,Brentford,False,98.24561403470001,38.536428573,98.24561403470001,35.6775,0.12311423569917679
4813402,2025-08-30,3,Brentford,False,94.0,34.0,85.81617647,34.533750000000005,0.03126354515552521
4813402,2025-08-30,3,Brentford,False,91.7,17.5533757979,95.9298245603,38.452380954,0.08133794367313385
4813403,2025-08-30,3,Tottenham,True,6.099999999999994,42.813125,22.019902911200006,28.791190475,0.011961064301431179
4813403,2025-08-30,3,Tottenham,True,18.303398057600006,24.5597452279,10.099999999999994,32.39875,0.056063178926706314
4813403,2025-08-30,3,Tottenham,True,1.657894737199996,21.547006373000002,6.799999999999997,43.044375,0.051265597343444824
4813403,2025-08-30,3,Tottenham,True,6.799999999999997,43.044375,12.358823529600002,32.551249999999996,0.04585645720362663
4813403,2025-08-30,3,Tottenham,True,12.358823529600002,32.551249999999996,5.035087720700005,40.049285714999996,0.02204418182373047
4813403,2025-08-30,3,Bournemouth,False,50.0,50.0,96.2192982446,44.4211464923,0.11625869572162628
4813403,2025-08-30,3,Bournemouth,False,96.2192982446,44.4211464923,86.889705882,34.838750000000005,0.073725126683712
4813403,2025-08-30,3,Bournemouth,False,86.889705882,34.838750000000005,97.3771929818,35.29625000000001,0.16802066564559937
4813403,2025-08-30,3,Bournemouth,False,97.3771929818,35.29625000000001,95.54385964789999,37.732,0.06312989443540573
4813403,2025-08-30,3,Bournemouth,False,95.54385964789999,37.732,75.1645631088,51.4275159223,0.035221491008996964
4813403,2025-08-30,3,Bournemouth,False,75.1645631088,51.4275159223,97.3771929818,38.116190478,0.05725026875734329
4813403,2025-08-30,3,Bournemouth,False,97.3771929818,38.116190478,94.7719298231,43.440254772100005,0.0889529213309288
4813403,2025-08-30,3,Bournemouth,False,94.7719298231,43.440254772100005,98.24561403470001,37.2025,0.11309365928173065
4813403,2025-08-30,3,Bournemouth,False,98.24561403470001,37.2025,78.655825244,30.34,0.013745746575295925
4813403,2025-08-30,3,Bournemouth,False,78.655825244,30.34,75.840291264,34.533750000000005,0.01181819848716259
4813403,2025-08-30,3,Bournemouth,False,75.840291264,34.533750000000005,91.3,45.2619108239,0.023258287459611893
4813403,2025-08-30,3,Bournemouth,False,91.3,45.2619108239,91.6,37.864047621,0.12309249490499496
4813403,2025-08-30,3,Bournemouth,False,91.6,37.864047621,100.6379310348,28.118809523000003,0.13032004237174988
4813403,2025-08-30,3,Bournemouth,False,100.6379310348,28.118809523000003,95.73684210409999,22.878216564699997,0.14191822707653046
4813403,2025-08-30,3,Bournemouth,False,95.73684210409999,22.878216564699997,97.6666666661,47.994394901599996,0.022462066262960434
4813403,2025-08-30,3,Bournemouth,False,97.6666666661,47.994394901599996,93.9,42.813125,0.10229496657848358
4813403,2025-08-30,3,Bournemouth,False,77.9800970888,28.791190475,89.5,47.714140124400004,0.0493071973323822
4813403,2025-08-30,3,Bournemouth,False,89.5,47.714140124400004,101.3965517244,25.418125,0.19837035238742828
4813403,2025-08-30,3,Bournemouth,False,101.3965517244,25.418125,81.6966019424,24.5597452279,0.025642581284046173
4813403,2025-08-30,3,Bournemouth,False,89.9,32.39875,98.3421052628,21.547006373000002,0.02838587760925293
4813404,2025-08-30,3,Wolves,True,50.0,50.0,21.456796115200007,33.00875,0.04162028804421425
4813404,2025-08-30,3,Wolves,True,0.0,32.17,5.807017545500003,32.0175,0.4196626543998718
4813404,2025-08-30,3,Wolves,True,3.7807017554000026,44.35108279800001,1.7543859652999885,34.38125,0.1293283998966217
4813404,2025-08-30,3,Wolves,True,7.5,31.7125,5.903508773600009,37.696,0.028202947229146957
4813404,2025-08-30,3,Wolves,True,5.903508773600009,37.696,27.087864075200002,30.95,0.011828933842480183
4813404,2025-08-30,3,Wolves,True,34.7461165008,2.1645497643,17.627669902399987,49.0453503161,0.01752854883670807
4813404,2025-08-30,3,Wolves,True,3.394736843000004,34.915000000000006,18.303398057600006,16.712611466299997,0.010884257964789867
4813404,2025-08-30,3,Wolves,True,18.303398057600006,16.712611466299997,2.7192982462999993,32.0175,0.2691662907600403
4813404,2025-08-30,3,Wolves,True,2.7192982462999993,32.0175,0.12068965480000315,39.881190477,0.030661337077617645
4813404,2025-08-30,3,Wolves,True,0.12068965480000315,39.881190477,15.0426470596,25.071250000000003,0.028097892180085182
4813404,2025-08-30,3,Wolves,True,19.880097086399985,26.0540625,17.177184465600007,48.4147770674,0.029982656240463257
4813404,2025-08-30,3,Wolves,True,17.177184465600007,48.4147770674,5.5175438611999965,36.135000000000005,0.0922517478466034
4813404,2025-08-30,3,Everton,False,78.5432038848,33.00875,102.72413793119999,32.17,0.6330351233482361
4813404,2025-08-30,3,Everton,False,94.1929824545,32.0175,96.2192982446,44.35108279800001,0.06981224566698074
4813404,2025-08-30,3,Everton,False,98.24561403470001,34.38125,99.59482758659999,46.873375792800005,0.21414342522621155
4813404,2025-08-30,3,Everton,False,99.59482758659999,46.873375792800005,98.24561403470001,31.559999999999995,0.5611827969551086
4813404,2025-08-30,3,Everton,False,98.24561403470001,31.559999999999995,92.5,31.7125,0.1735815852880478
4813404,2025-08-30,3,Everton,False,72.9121359248,30.95,94.4824561388,45.752356684000006,0.05518785119056702
4813404,2025-08-30,3,Everton,False,94.4824561388,45.752356684000006,87.85588235280001,35.60125,0.04735712707042694
4813404,2025-08-30,3,Everton,False,87.85588235280001,35.60125,65.2538834992,2.1645497643,0.08075606822967529
4813404,2025-08-30,3,Everton,False,82.37233009760001,49.0453503161,96.605263157,34.915000000000006,0.06537473201751709
4813404,2025-08-30,3,Everton,False,84.9573529404,25.071250000000003,80.11990291360001,26.0540625,0.03154166042804718
4813398,2025-08-30,3,Leeds,True,50.0,50.0,5.5175438611999965,37.94809524,0.09827134758234024
4813398,2025-08-30,3,Leeds,True,5.5175438611999965,37.94809524,7.5,36.05875,0.09268350899219513
4813398,2025-08-30,3,Leeds,True,7.5,36.05875,24.835436891200004,18.674394906699998,0.035221491008996964
4813398,2025-08-30,3,Leeds,True,9.900000000000006,26.111875,19.654854368000002,39.376904763,0.04894762113690376
4813398,2025-08-30,3,Leeds,True,19.654854368000002,39.376904763,-2.8189655174000023,27.278333333000003,0.21859510242938995
4813398,2025-08-30,3,Leeds,True,-2.8189655174000023,27.278333333000003,14.398529412399995,49.3256050933,0.022796066477894783
4813398,2025-08-30,3,Leeds,True,14.398529412399995,49.3256050933,15.0426470596,47.4338853472,0.019021550193428993
4813398,2025-08-30,3,Leeds,True,21.118932037600004,29.547619046,12.68088235319999,32.39875,0.08202338218688965
4813398,2025-08-30,3,Leeds,True,17.627669902399987,44.5612738809,24.272330095200005,42.061562499999994,0.01528964750468731
4813398,2025-08-30,3,Leeds,True,24.272330095200005,42.061562499999994,4.6491228082999925,22.738089176099997,0.05483602359890938
4813398,2025-08-30,3,Newcastle,False,75.1645631088,18.674394906699998,95.2543859636,32.551249999999996,0.23753929138183594
4813398,2025-08-30,3,Newcastle,False,95.2543859636,32.551249999999996,90.1,26.111875,0.02814224548637867
4813398,2025-08-30,3,Newcastle,False,84.9573529404,47.4338853472,103.3879310346,43.044375,0.0264674574136734
4813398,2025-08-30,3,Newcastle,False,103.3879310346,43.044375,93.5,20.4259872642,0.03701072186231613
4813398,2025-08-30,3,Newcastle,False,93.5,20.4259872642,78.8810679624,29.547619046,0.043226197361946106
4813398,2025-08-30,3,Newcastle,False,87.31911764680001,32.39875,77.7548543704,31.941249999999997,0.020085899159312248
4813398,2025-08-30,3,Newcastle,False,77.7548543704,31.941249999999997,82.37233009760001,44.5612738809,0.03507038950920105
4813398,2025-08-30,3,Newcastle,False,95.35087719170001,22.738089176099997,82.4849514568,45.9625477669,0.03267470747232437
4813396,2025-08-31,3,Brighton,True,8.900000000000006,42.7553125,16.7266990288,24.2794904507,0.05435571074485779
4813396,2025-08-31,3,Brighton,True,3.394736843000004,30.873749999999998,10.299999999999997,42.2928125,0.07423708587884903
4813396,2025-08-31,3,Brighton,True,10.299999999999997,42.2928125,0.9824561404999912,47.153630570000004,0.028984462842345238
4813396,2025-08-31,3,Brighton,True,6.0,34.0,7.599999999999994,24.955625,0.12549445033073425
4813396,2025-08-31,3,Brighton,True,2.3333333339000006,34.38125,8.0,46.1727388498,0.024467360228300095
4813396,2025-08-31,3,Brighton,True,8.0,46.1727388498,5.131578948799998,45.8224203783,0.06959495693445206
4813396,2025-08-31,3,Brighton,True,5.131578948799998,45.8224203783,17.515048543199995,45.3319745182,0.021816778928041458
4813396,2025-08-31,3,Brighton,True,17.515048543199995,45.3319745182,7.900000000000006,21.3368152901,0.051694102585315704
4813396,2025-08-31,3,Brighton,True,7.900000000000006,21.3368152901,-1.112068965800006,34.68625,0.28728437423706055
4813396,2025-08-31,3,Brighton,True,-1.112068965800006,34.68625,8.400000000000006,42.581875,0.05997047200798988
4813396,2025-08-31,3,Brighton,True,8.400000000000006,42.581875,4.0701754396999945,29.631666665,0.7111613750457764
4813396,2025-08-31,3,Man City,False,50.0,50.0,91.1,42.7553125,0.1597585380077362
4813396,2025-08-31,3,Man City,False,83.2733009712,24.2794904507,87.1044117644,36.51625,0.08202338218688965
4813396,2025-08-31,3,Man City,False,87.1044117644,36.51625,102.06034482780001,29.463571426999998,0.17393632233142853
4813396,2025-08-31,3,Man City,False,102.06034482780001,29.463571426999998,97.4736842099,38.956666668,0.05483712628483772
4813396,2025-08-31,3,Man City,False,97.4736842099,38.956666668,97.4736842099,25.418125,0.05458733066916466
4813396,2025-08-31,3,Man City,False,97.4736842099,25.418125,100.44827586240001,34.07625,0.798487663269043
4813396,2025-08-31,3,Man City,False,100.44827586240001,34.07625,83.2733009712,41.7146875,0.02549310028553009
4813396,2025-08-31,3,Man City,False,83.2733009712,41.7146875,96.605263157,30.873749999999998,0.299644410610199
4813396,2025-08-31,3,Man City,False,92.4,24.955625,73.8131067984,35.29625000000001,0.018473420292139053
4813396,2025-08-31,3,Man City,False,73.8131067984,35.29625000000001,97.6666666661,34.38125,0.09265807271003723
4813396,2025-08-31,3,Man City,False,95.9298245603,29.631666665,94.7719298231,24.955625,0.0386473573744297
4813396,2025-08-31,3,Man City,False,94.7719298231,24.955625,83.160679612,45.752356684000006,0.021678393706679344
4813401,2025-08-31,3,Nottm Forest,True,0.0,27.446428571,-1.3965517243999983,41.057857143,0.06857272237539291
4813401,2025-08-31,3,Nottm Forest,True,8.599999999999994,39.713095239,3.973684211600002,31.4075,0.12153773009777069
4813401,2025-08-31,3,Nottm Forest,True,6.400000000000006,47.4338853472,1.368421052900004,46.312866238400005,0.07743764668703079
4813401,2025-08-31,3,Nottm Forest,True,1.368421052900004,46.312866238400005,7.900000000000006,30.328,0.17802955210208893
4813401,2025-08-31,3,Nottm Forest,True,7.900000000000006,30.328,9.799999999999997,41.9459375,0.033200014382600784
4813401,2025-08-31,3,Nottm Forest,True,9.799999999999997,41.9459375,19.542233008799997,47.013503181400004,0.016929954290390015
4813401,2025-08-31,3,Nottm Forest,True,19.542233008799997,47.013503181400004,5.5175438611999965,50.7268789793,0.043374303728342056
4813401,2025-08-31,3,Nottm Forest,True,5.5175438611999965,50.7268789793,3.105263158699998,36.5925,0.10562397539615631
4813401,2025-08-31,3,Nottm Forest,True,2.9122807024999986,36.8975,2.9122807024999986,36.97375,0.05149519816040993
4813401,2025-08-31,3,Nottm Forest,True,6.0,34.0,9.0,15.311337580299998,0.0216431375592947
4813401,2025-08-31,3,Nottm Forest,True,2.815789474400006,30.244,18.753883494399986,17.4833121036,0.0156424380838871
4813401,2025-08-31,3,West Ham,False,50.0,50.0,100.1637931038,26.111875,0.038467224687337875
4813401,2025-08-31,3,West Ham,False,100.1637931038,26.111875,101.3965517244,27.446428571,0.06552867591381073
4813401,2025-08-31,3,West Ham,False,100.0,41.057857143,91.4,39.713095239,0.12639392912387848
4813401,2025-08-31,3,West Ham,False,96.0263157884,31.4075,97.6666666661,28.791190475,0.19686152040958405
4813401,2025-08-31,3,West Ham,False,97.6666666661,28.791190475,93.6,47.4338853472,0.0415872260928154
4813401,2025-08-31,3,West Ham,False,96.8947368413,36.5925,86.5676470584,25.7071875,0.05575351417064667
4813401,2025-08-31,3,West Ham,False,86.5676470584,25.7071875,97.0877192975,36.8975,0.06080599129199982
4813401,2025-08-31,3,West Ham,False,97.0877192975,36.97375,101.9655172416,21.7571974559,0.018484849482774734
4813401,2025-08-31,3,West Ham,False,101.9655172416,21.7571974559,86.889705882,35.9825,0.06695329397916794
4813401,2025-08-31,3,West Ham,False,91.0,15.311337580299998,97.2807017537,32.474999999999994,0.36367267370224
4813401,2025-08-31,3,West Ham,False,97.2807017537,32.474999999999994,97.1842105256,30.244,0.5974051356315613
4813399,2025-08-31,3,Liverpool,True,50.0,50.0,16.050970873600008,46.943439487099994,0.03381761163473129
4813399,2025-08-31,3,Liverpool,True,27.42572815279999,50.2364331192,10.700000000000003,33.2375,0.053451329469680786
4813399,2025-08-31,3,Liverpool,True,3.5877192992000033,36.440000000000005,23.821844658399996,30.34,0.024599172174930573
4813399,2025-08-31,3,Liverpool,True,23.821844658399996,30.34,6.5,28.118809523000003,0.14581920206546783
4813399,2025-08-31,3,Liverpool,True,8.599999999999994,44.981656046699996,10.799999999999997,46.452993627000005,0.020595306530594826
4813399,2025-08-31,3,Liverpool,True,10.799999999999997,46.452993627000005,9.5,29.379523808000002,0.05204842612147331
4813399,2025-08-31,3,Liverpool,True,9.5,29.379523808000002,12.466176470800008,28.791190475,0.035971060395240784
4813399,2025-08-31,3,Liverpool,True,12.466176470800008,28.791190475,26.29951456079999,34.838750000000005,0.03401414304971695
4813399,2025-08-31,3,Liverpool,True,6.799999999999997,33.161249999999995,13.002941176800007,36.745000000000005,0.12455631792545319
4813399,2025-08-31,3,Arsenal,False,83.94902912639999,46.943439487099994,91.7,39.881190477,0.056874971836805344
4813399,2025-08-31,3,Arsenal,False,91.7,39.881190477,72.57427184720001,50.2364331192,0.018290849402546883
4813399,2025-08-31,3,Arsenal,False,89.3,33.2375,96.605263157,23.158471341899997,0.05424710735678673
4813399,2025-08-31,3,Arsenal,False,96.605263157,23.158471341899997,92.9,26.774047619,0.09184947609901428
4813399,2025-08-31,3,Arsenal,False,92.9,26.774047619,92.1,45.8224203783,0.031152868643403053
4813399,2025-08-31,3,Arsenal,False,92.1,45.8224203783,96.4122807008,36.440000000000005,0.057170916348695755
4813399,2025-08-31,3,Arsenal,False,93.5,28.118809523000003,86.99705882319999,35.3725,0.0435902401804924
4813399,2025-08-31,3,Arsenal,False,86.99705882319999,35.3725,79.21893204,43.440254772100005,0.01811533421278
4813399,2025-08-31,3,Arsenal,False,79.21893204,43.440254772100005,91.4,44.981656046699996,0.026498235762119293
4813399,2025-08-31,3,Arsenal,False,73.70048543920001,34.838750000000005,99.1140350876,23.859108284899996,0.05799681320786476
4813399,2025-08-31,3,Arsenal,False,99.1140350876,23.859108284899996,93.2,33.161249999999995,0.02953440323472023
4813395,2025-08-31,3,Aston Villa,True,50.0,50.0,3.684210527299996,40.049285714999996,0.042218271642923355
4813395,2025-08-31,3,Aston Villa,True,6.0,34.0,8.200000000000003,43.9307006322,0.06847423315048218
4813395,2025-08-31,3,Aston Villa,True,0.0,35.6775,0.40517241340000965,37.12625,0.5394226312637329
4813395,2025-08-31,3,Aston Villa,True,0.40517241340000965,37.12625,1.7543859652999885,41.7146875,0.03659762442111969
4813395,2025-08-31,3,Aston Villa,True,1.7543859652999885,41.7146875,5.5175438611999965,21.8272611502,0.030346620827913284
4813395,2025-08-31,3,Aston Villa,True,5.5175438611999965,21.8272611502,23.371359221600002,36.66875,0.013664822094142437
4813395,2025-08-31,3,Aston Villa,True,23.371359221600002,36.66875,8.799999999999997,43.860636937900004,0.04472992941737175
4813395,2025-08-31,3,Aston Villa,True,8.799999999999997,43.860636937900004,23.934466017600002,26.774047619,0.008580668829381466
4813395,2025-08-31,3,Aston Villa,True,10.099999999999994,47.50394904150001,5.5175438611999965,32.551249999999996,0.03586003929376602
4813395,2025-08-31,3,Aston Villa,True,5.5175438611999965,32.551249999999996,6.799999999999997,43.044375,0.13002803921699524
4813395,2025-08-31,3,Aston Villa,True,6.799999999999997,43.044375,-1.5862068968000074,23.5788535077,0.14470787346363068
4813395,2025-08-31,3,Aston Villa,True,0.0,36.8975,17.965533980000004,35.448750000000004,0.036682385951280594
4813395,2025-08-31,3,Aston Villa,True,17.965533980000004,35.448750000000004,9.799999999999997,21.547006373000002,0.009217104874551296
4813395,2025-08-31,3,Crystal Palace,False,91.8,43.9307006322,103.19827586219999,35.6775,0.9140775203704834
4813395,2025-08-31,3,Crystal Palace,False,76.0655339824,26.774047619,89.9,47.50394904150001,0.04849611595273018
4813395,2025-08-31,3,Crystal Palace,False,100.0,23.5788535077,102.155172414,36.8975,0.5150407552719116
4813395,2025-08-31,3,Crystal Palace,False,90.2,21.547006373000002,95.15789473550001,42.9865625,0.3591369092464447
4813395,2025-08-31,3,Crystal Palace,False,95.15789473550001,42.9865625,83.160679612,40.553571429,0.024454506114125252
4813406,2025-09-13,4,Arsenal,True,50.0,50.0,101.206896552,29.715714284,0.12913024425506592
4813406,2025-09-13,4,Arsenal,True,101.206896552,29.715714284,101.3017241382,30.797499999999996,0.18308304250240326
4813406,2025-09-13,4,Arsenal,True,101.3017241382,30.797499999999996,85.9235294112,42.46625,0.026623772457242012
4813406,2025-09-13,4,Arsenal,True,85.9235294112,42.46625,99.784482759,37.732,0.13734719157218933
4813406,2025-09-13,4,Arsenal,True,99.784482759,37.732,89.6,29.715714284,0.04953465238213539
4813406,2025-09-13,4,Arsenal,True,89.6,29.715714284,89.8,42.813125,0.03103119134902954
4813406,2025-09-13,4,Arsenal,True,89.8,42.813125,102.25000000019999,32.551249999999996,0.2974216341972351
4813406,2025-09-13,4,Arsenal,True,102.25000000019999,32.551249999999996,85.279411764,32.551249999999996,0.0360652394592762
4813406,2025-09-13,4,Arsenal,True,85.279411764,32.551249999999996,85.6014705876,51.287388533699996,0.019126925617456436
4813406,2025-09-13,4,Arsenal,True,85.6014705876,51.287388533699996,83.160679612,33.695,0.04149584844708443
4813406,2025-09-13,4,Arsenal,True,91.9,41.8303125,100.3534482762,37.732,0.16512025892734528
4813406,2025-09-13,4,Arsenal,True,100.3534482762,37.732,99.01754385950001,34.0,0.46463698148727417
4813406,2025-09-13,4,Arsenal,True,91.8,25.302500000000002,92.1,19.445095544,0.035026438534259796
4813406,2025-09-13,4,Arsenal,True,92.1,19.445095544,90.8,34.533750000000005,0.06251301616430283
4813406,2025-09-13,4,Arsenal,True,90.8,34.533750000000005,99.784482759,22.247643316,0.0727553516626358
4813406,2025-09-13,4,Arsenal,True,87.31911764680001,21.1266242072,97.4736842099,30.797499999999996,0.08431000262498856
4813406,2025-09-13,4,Nottm Forest,False,16.839320388000004,33.695,8.099999999999994,41.8303125,0.043313249945640564
4813406,2025-09-13,4,Nottm Forest,False,0.9824561404999912,34.0,8.200000000000003,25.302500000000002,0.031490884721279144
4813406,2025-09-13,4,Nottm Forest,False,0.21551724100000058,22.247643316,12.68088235319999,21.1266242072,0.020200276747345924
4813406,2025-09-13,4,Nottm Forest,False,2.5263157901,30.797499999999996,18.528640776000003,47.2937579586,0.012065580114722252
4813406,2025-09-13,4,Nottm Forest,False,18.528640776000003,47.2937579586,7.299999999999997,24.2094267564,0.09285750240087509
4813405,2025-09-13,4,Bournemouth,True,50.0,50.0,13.432352941600001,29.883809522,0.05949952080845833
4813405,2025-09-13,4,Bournemouth,True,13.432352941600001,29.883809522,4.456140352100007,39.208809525,0.05689086392521858
4813405,2025-09-13,4,Bournemouth,True,4.456140352100007,39.208809525,7.099999999999994,32.0175,0.032080162316560745
4813405,2025-09-13,4,Bournemouth,True,7.099999999999994,32.0175,4.6491228082999925,22.387770704599998,0.07687567174434662
4813405,2025-09-13,4,Bournemouth,True,1.1754385967000047,21.3368152901,6.5,30.645,0.04953509196639061
4813405,2025-09-13,4,Bournemouth,True,6.5,30.645,9.599999999999994,28.623095236999998,0.05341815948486328
4813405,2025-09-13,4,Bournemouth,True,9.599999999999994,28.623095236999998,22.808252425600003,42.2928125,0.03520650416612625
4813405,2025-09-13,4,Bournemouth,True,6.0,34.0,13.75441176519999,34.0,0.0438760444521904
4813405,2025-09-13,4,Bournemouth,True,13.75441176519999,34.0,21.231553396799995,24.2794904507,0.038384098559617996
4813405,2025-09-13,4,Bournemouth,True,21.231553396799995,24.2794904507,13.647058823999998,36.8975,0.050586260855197906
4813405,2025-09-13,4,Bournemouth,True,8.400000000000006,18.043821658,12.358823529600002,48.7650955389,0.0406789593398571
4813405,2025-09-13,4,Bournemouth,True,12.358823529600002,48.7650955389,-0.6379310348000047,30.232,0.12201972305774689
4813405,2025-09-13,4,Brighton,False,95.35087719170001,22.387770704599998,98.8245614033,21.3368152901,0.05073206499218941
4813405,2025-09-13,4,Brighton,False,77.1917475744,42.2928125,102.53448275880001,40.805714286,0.37228286266326904
4813405,2025-09-13,4,Brighton,False,102.53448275880001,40.805714286,99.59482758659999,20.005605098399997,0.04116373881697655
4813405,2025-09-13,4,Brighton,False,99.59482758659999,20.005605098399997,94.2894736826,30.316,0.09457637369632721
4813405,2025-09-13,4,Brighton,False,86.352941176,36.8975,91.6,18.043821658,0.031377196311950684
4813405,2025-09-13,4,Brighton,False,100.0,30.232,80.79563106879999,33.466249999999995,0.01938655599951744
4813409,2025-09-13,4,Crystal Palace,True,50.0,50.0,18.07815533920001,49.535796176199995,0.02563146874308586
4813409,2025-09-13,4,Crystal Palace,True,10.299999999999997,29.715714284,18.303398057600006,21.2667515958,0.020936110988259315
4813409,2025-09-13,4,Crystal Palace,True,18.303398057600006,21.2667515958,9.200000000000003,31.1025,0.5856044292449951
4813409,2025-09-13,4,Crystal Palace,True,1.947368421500002,27.446428571,0.40517241340000965,39.881190477,0.10149039328098297
4813409,2025-09-13,4,Crystal Palace,True,0.40517241340000965,39.881190477,3.5877192992000033,37.768,0.11976658552885056
4813409,2025-09-13,4,Crystal Palace,True,16.1635922328,24.2794904507,13.432352941600001,45.1217834353,0.036485686898231506
4813409,2025-09-13,4,Crystal Palace,True,13.432352941600001,45.1217834353,21.344174756,21.4068789844,0.021279504522681236
4813409,2025-09-13,4,Crystal Palace,True,21.344174756,21.4068789844,2.0438596496000088,33.8475,0.48915380239486694
4813409,2025-09-13,4,Crystal Palace,True,2.0438596496000088,33.8475,2.0438596496000088,20.84636943,0.00924650114029646
4813409,2025-09-13,4,Crystal Palace,True,2.0438596496000088,20.84636943,17.515048543199995,26.516562500000003,0.03131909668445587
4813409,2025-09-13,4,Crystal Palace,True,17.515048543199995,26.516562500000003,-0.6379310348000047,35.29625000000001,0.18582382798194885
4813409,2025-09-13,4,Crystal Palace,True,-0.6379310348000047,35.29625000000001,14.076470588800007,35.143750000000004,0.032007575035095215
4813409,2025-09-13,4,Crystal Palace,True,14.076470588800007,35.143750000000004,4.6491228082999925,37.05,0.02737221121788025
4813409,2025-09-13,4,Crystal Palace,True,4.6491228082999925,37.05,-2.4396551725999984,40.217380953,0.09591629356145859
4813409,2025-09-13,4,Sunderland,False,81.92184466079999,49.535796176199995,98.7280701752,46.452993627000005,0.053210314363241196
4813409,2025-09-13,4,Sunderland,False,98.7280701752,46.452993627000005,89.7,29.715714284,0.03675759583711624
4813409,2025-09-13,4,Sunderland,False,90.8,31.1025,98.0526315785,27.446428571,0.20371322333812714
4813409,2025-09-13,4,Sunderland,False,96.4122807008,37.768,97.7631578942,15.661656051799998,0.011056986637413502
4813409,2025-09-13,4,Sunderland,False,97.7631578942,15.661656051799998,95.54385964789999,29.211428570000002,0.061449211090803146
4813409,2025-09-13,4,Sunderland,False,95.54385964789999,29.211428570000002,83.8364077672,24.2794904507,0.028734887018799782
4813410,2025-09-13,4,Everton,True,50.0,50.0,95.54385964789999,33.31375,0.2803973853588104
4813410,2025-09-13,4,Everton,True,95.54385964789999,33.31375,86.889705882,35.83,0.07732639461755753
4813410,2025-09-13,4,Everton,True,86.889705882,35.83,96.7017543851,33.8475,0.08329509198665619
4813410,2025-09-13,4,Everton,True,96.7017543851,33.8475,94.9649122793,31.865,0.1154673621058464
4813410,2025-09-13,4,Everton,True,94.9649122793,31.865,91.1,37.05,0.07019320875406265
4813410,2025-09-13,4,Everton,True,67.393689324,29.379523808000002,101.4913793106,34.533750000000005,0.3103400766849518
4813410,2025-09-13,4,Everton,True,101.4913793106,34.533750000000005,101.8706896554,37.50750000000001,0.19776952266693115
4813410,2025-09-13,4,Everton,True,86.4602941172,33.77125,97.1842105256,50.166369424900005,0.015023890882730484
4813410,2025-09-13,4,Everton,True,97.1842105256,50.166369424900005,78.655825244,47.013503181400004,0.01912097819149494
4813410,2025-09-13,4,Everton,True,78.092718448,40.30142857199999,96.79824561320001,35.448750000000004,0.2656698226928711
4813410,2025-09-13,4,Everton,True,90.2,35.60125,92.2,22.247643316,0.051591601222753525
4813410,2025-09-13,4,Everton,True,92.2,22.247643316,83.160679612,23.859108284899996,0.04188719764351845
4813410,2025-09-13,4,Everton,True,83.160679612,23.859108284899996,97.1842105256,39.881190477,0.0692213773727417
4813410,2025-09-13,4,Everton,True,97.1842105256,39.881190477,77.529611652,34.22875,0.028748976066708565
4813410,2025-09-13,4,Everton,True,77.529611652,34.22875,96.3157894727,45.1217834353,0.07106438279151917
4813410,2025-09-13,4,Everton,True,96.3157894727,45.1217834353,88.6,39.040714287,0.055507875978946686
4813410,2025-09-13,4,Everton,True,88.6,39.040714287,88.1779411764,43.16,0.0770171731710434
4813410,2025-09-13,4,Everton,True,88.1779411764,43.16,85.4941176464,25.186875,0.016346942633390427
4813410,2025-09-13,4,Everton,True,85.4941176464,25.186875,98.0526315785,36.8975,0.19963598251342773
4813410,2025-09-13,4,Everton,True,98.0526315785,36.8975,94.09649122639999,32.17,0.03560546040534973
4813410,2025-09-13,4,Aston Villa,False,8.900000000000006,37.05,32.60631067600001,29.379523808000002,0.016206953674554825
4813410,2025-09-13,4,Aston Villa,False,0.0,37.50750000000001,13.539705882800007,33.77125,0.07991847395896912
4813410,2025-09-13,4,Aston Villa,False,21.344174756,47.013503181400004,21.907281552,40.30142857199999,0.04840482398867607
4813410,2025-09-13,4,Aston Villa,False,3.2017543867999905,35.448750000000004,18.866504853600006,25.302500000000002,0.02777879312634468
4813410,2025-09-13,4,Aston Villa,False,18.866504853600006,25.302500000000002,-1.3017241382000009,37.78,0.17200274765491486
4813410,2025-09-13,4,Aston Villa,False,-1.3017241382000009,37.78,8.299999999999997,46.1727388498,0.03285282850265503
4813410,2025-09-13,4,Aston Villa,False,8.299999999999997,46.1727388498,9.799999999999997,35.60125,0.06175430491566658
4813411,2025-09-13,4,Fulham,True,83.2733009712,20.84636943,81.0208737872,30.05190476,0.10689886659383774
4813411,2025-09-13,4,Fulham,True,81.0208737872,30.05190476,98.3421052628,36.135000000000005,0.24528639018535614
4813411,2025-09-13,4,Fulham,True,81.24611650560001,25.8228125,100.6379310348,36.36375,0.500594437122345
4813411,2025-09-13,4,Fulham,True,100.6379310348,36.36375,95.9298245603,30.05190476,0.04443785920739174
4813411,2025-09-13,4,Fulham,True,95.9298245603,30.05190476,86.352941176,48.34471337309999,0.01847444474697113
4813411,2025-09-13,4,Leeds,False,50.0,50.0,1.7543859652999885,33.77125,0.30415078997612
4813411,2025-09-13,4,Leeds,False,1.7543859652999885,33.77125,8.099999999999994,45.2619108239,0.032601531594991684
4813411,2025-09-13,4,Leeds,False,8.099999999999994,45.2619108239,7.799999999999997,19.0947770725,0.020937280729413033
4813411,2025-09-13,4,Leeds,False,7.799999999999997,19.0947770725,12.78823529440001,37.672,0.04198664426803589
4813411,2025-09-13,4,Leeds,False,12.78823529440001,37.672,1.657894737199996,41.483437499999994,0.1317729949951172
4813411,2025-09-13,4,Leeds,False,1.657894737199996,41.483437499999994,4.263157895900008,40.553571429,0.09331395477056503
4813411,2025-09-13,4,Leeds,False,4.263157895900008,40.553571429,2.236842105799994,41.3678125,0.08935535699129105
4813411,2025-09-13,4,Leeds,False,2.236842105799994,41.3678125,16.7266990288,20.84636943,0.02913612313568592
4813411,2025-09-13,4,Leeds,False,1.657894737199996,36.135000000000005,1.4649122809999966,49.6759235648,0.01715494692325592
4813411,2025-09-13,4,Leeds,False,1.4649122809999966,49.6759235648,18.753883494399986,25.8228125,0.029371926560997963
4813411,2025-09-13,4,Leeds,False,13.647058823999998,48.34471337309999,90.5438596479,32.24625,0.0
4813413,2025-09-13,4,Newcastle,True,8.799999999999997,43.790573243599994,19.20436893120001,25.649375000000003,0.028772670775651932
4813413,2025-09-13,4,Newcastle,True,4.359649124000001,46.1727388498,-0.7327586210000021,32.856249999999996,0.6833764910697937
4813413,2025-09-13,4,Newcastle,True,-0.7327586210000021,32.856249999999996,16.951941747199996,34.22875,0.04149584844708443
4813413,2025-09-13,4,Newcastle,True,16.951941747199996,34.22875,2.1403508777000013,36.36375,0.0899154469370842
4813413,2025-09-13,4,Newcastle,True,3.105263158699998,44.4912101866,8.400000000000006,22.878216564699997,0.03319881111383438
4813413,2025-09-13,4,Newcastle,True,8.400000000000006,22.878216564699997,3.7807017554000026,36.8975,0.04294879734516144
4813413,2025-09-13,4,Newcastle,True,3.7807017554000026,36.8975,0.12068965480000315,37.684,0.1513768434524536
4813413,2025-09-13,4,Newcastle,True,0.12068965480000315,37.684,11.822058823600003,50.166369424900005,0.03492571786046028
4813413,2025-09-13,4,Newcastle,True,3.394736843000004,30.05190476,18.979126212799997,26.0540625,0.048979662358760834
4813413,2025-09-13,4,Newcastle,True,18.979126212799997,26.0540625,18.528640776000003,32.0175,0.06116415560245514
4813413,2025-09-13,4,Newcastle,True,18.528640776000003,32.0175,17.627669902399987,33.466249999999995,0.04218495637178421
4813413,2025-09-13,4,Newcastle,True,17.627669902399987,33.466249999999995,9.5,24.699872616500002,0.038877733051776886
4813413,2025-09-13,4,Newcastle,True,9.5,24.699872616500002,11.400000000000006,33.161249999999995,0.054370980709791183
4813413,2025-09-13,4,Newcastle,True,11.400000000000006,33.161249999999995,15.825728155199997,41.8303125,0.03211119771003723
4813413,2025-09-13,4,Newcastle,True,15.825728155199997,41.8303125,5.807017545500003,26.6321875,0.09117722511291504
4813413,2025-09-13,4,Newcastle,True,0.7894736842999919,21.8272611502,13.539705882800007,35.448750000000004,0.07926851511001587
4813413,2025-09-13,4,Wolves,False,50.0,50.0,93.8,46.6631847099,0.10739061236381531
4813413,2025-09-13,4,Wolves,False,93.8,46.6631847099,91.2,43.790573243599994,0.0410926453769207
4813413,2025-09-13,4,Wolves,False,80.79563106879999,25.649375000000003,95.640350876,46.1727388498,0.06301292777061462
4813413,2025-09-13,4,Wolves,False,97.8596491223,36.36375,96.8947368413,44.4912101866,0.009750891476869583
4813413,2025-09-13,4,Wolves,False,88.1779411764,50.166369424900005,101.1120689658,26.516562500000003,0.0981799066066742
4813413,2025-09-13,4,Wolves,False,101.1120689658,26.516562500000003,96.605263157,30.05190476,0.09435954689979553
4813413,2025-09-13,4,Wolves,False,94.1929824545,26.6321875,79.4441747584,24.139363062099996,0.04798015207052231
4813413,2025-09-13,4,Wolves,False,79.4441747584,24.139363062099996,99.21052631570001,21.8272611502,0.04157092422246933
4813414,2025-09-13,4,West Ham,True,9.599999999999994,21.1266242072,4.5526315802,36.745000000000005,0.24251125752925873
4813414,2025-09-13,4,West Ham,True,16.7266990288,43.3001273835,-0.7327586210000021,21.4068789844,0.01342827919870615
4813414,2025-09-13,4,West Ham,True,0.21551724100000058,27.950714285,21.456796115200007,34.38125,0.020839951932430267
4813414,2025-09-13,4,West Ham,True,0.0,28.118809523000003,9.599999999999994,35.448750000000004,0.12170810997486115
4813414,2025-09-13,4,West Ham,True,9.599999999999994,35.448750000000004,9.700000000000003,36.5925,0.019298061728477478
4813414,2025-09-13,4,West Ham,True,16.839320388000004,47.5740127358,-1.5862068968000074,37.684,0.20160336792469025
4813414,2025-09-13,4,West Ham,True,13.432352941600001,32.39875,5.903508773600009,18.884585989599998,0.03191836550831795
4813414,2025-09-13,4,Tottenham,False,50.0,50.0,90.4,21.1266242072,0.019010288640856743
4813414,2025-09-13,4,Tottenham,False,95.4473684198,36.745000000000005,83.2733009712,43.3001273835,0.03055785782635212
4813414,2025-09-13,4,Tottenham,False,100.0,21.4068789844,101.58620689680001,30.232,0.15305683016777039
4813414,2025-09-13,4,Tottenham,False,101.58620689680001,30.232,99.784482759,27.950714285,0.06723633408546448
4813414,2025-09-13,4,Tottenham,False,78.5432038848,34.38125,102.53448275880001,28.118809523000003,0.12560130655765533
4813414,2025-09-13,4,Tottenham,False,90.3,36.5925,83.160679612,47.5740127358,0.02043602056801319
4813414,2025-09-13,4,Tottenham,False,100.0,37.684,95.54385964789999,37.355000000000004,0.12215271592140198
4813414,2025-09-13,4,Tottenham,False,95.54385964789999,37.355000000000004,102.72413793119999,27.950714285,0.09574349224567413
4813414,2025-09-13,4,Tottenham,False,102.72413793119999,27.950714285,93.9,31.254999999999995,0.08697279542684555
4813414,2025-09-13,4,Tottenham,False,93.9,31.254999999999995,86.5676470584,32.39875,0.055905088782310486
4813414,2025-09-13,4,Tottenham,False,94.09649122639999,18.884585989599998,85.279411764,43.440254772100005,0.03123978152871132
4813414,2025-09-13,4,Tottenham,False,85.279411764,43.440254772100005,97.1842105256,31.7125,0.11012201756238937
4813414,2025-09-13,4,Tottenham,False,97.1842105256,31.7125,96.50877192889999,37.05,0.28237149119377136
4813414,2025-09-13,4,Tottenham,False,96.50877192889999,37.05,101.58620689680001,26.6321875,0.08814938366413116
4813407,2025-09-13,4,Brentford,True,92.2,36.745000000000005,94.675438595,37.708,0.30364009737968445
4813407,2025-09-13,4,Brentford,True,94.675438595,37.708,93.8,36.5925,0.03330986574292183
4813407,2025-09-13,4,Brentford,True,92.1,36.2875,93.0,40.049285714999996,0.2112286388874054
4813407,2025-09-13,4,Brentford,True,95.54385964789999,33.00875,89.9,32.9325,0.061412014067173004
4813407,2025-09-13,4,Brentford,True,95.0614035074,35.448750000000004,96.2192982446,38.452380954,0.09797394275665283
4813407,2025-09-13,4,Brentford,True,86.5676470584,34.22875,95.54385964789999,32.70374999999999,0.040430523455142975
4813407,2025-09-13,4,Brentford,True,95.54385964789999,32.70374999999999,102.629310345,31.1025,0.6709492802619934
4813407,2025-09-13,4,Chelsea,False,50.0,50.0,7.799999999999997,36.745000000000005,0.14717401564121246
4813407,2025-09-13,4,Chelsea,False,6.200000000000003,36.5925,7.900000000000006,36.2875,0.013241755776107311
4813407,2025-09-13,4,Chelsea,False,7.0,40.049285714999996,22.808252425600003,38.284285716,0.018657702952623367
4813407,2025-09-13,4,Chelsea,False,22.808252425600003,38.284285716,18.64126213520001,46.0326114612,0.014333903789520264
4813407,2025-09-13,4,Chelsea,False,18.64126213520001,46.0326114612,6.5,43.5803821607,0.10652748495340347
4813407,2025-09-13,4,Chelsea,False,6.5,43.5803821607,2.9122807024999986,18.954649683899998,0.039780329912900925
4813407,2025-09-13,4,Chelsea,False,2.9122807024999986,18.954649683899998,8.900000000000006,43.5803821607,0.05547967180609703
4813407,2025-09-13,4,Chelsea,False,8.900000000000006,43.5803821607,18.528640776000003,35.143750000000004,0.03626056760549545
4813407,2025-09-13,4,Chelsea,False,18.528640776000003,35.143750000000004,4.456140352100007,33.00875,0.1808585375547409
4813407,2025-09-13,4,Chelsea,False,10.099999999999994,32.9325,27.650970871200002,40.385476190999995,0.027441108599305153
4813407,2025-09-13,4,Chelsea,False,27.650970871200002,40.385476190999995,23.033495144,39.292857143999996,0.009207847528159618
4813407,2025-09-13,4,Chelsea,False,23.033495144,39.292857143999996,3.105263158699998,23.859108284899996,0.06188378855586052
4813407,2025-09-13,4,Chelsea,False,3.105263158699998,23.859108284899996,9.700000000000003,44.841528658099996,0.05566227063536644
4813407,2025-09-13,4,Chelsea,False,9.700000000000003,44.841528658099996,4.9385964925999986,35.448750000000004,0.32849636673927307
4813407,2025-09-13,4,Chelsea,False,3.7807017554000026,38.452380954,13.432352941600001,34.22875,0.06945381313562393
4813407,2025-09-13,4,Chelsea,False,0.0,31.1025,4.6491228082999925,43.044375,0.08792822808027267
4813408,2025-09-14,4,Burnley,True,14.398529412399995,48.695031844599995,13.647058823999998,35.143750000000004,0.1102665513753891
4813408,2025-09-14,4,Burnley,True,16.7266990288,19.5852229326,4.456140352100007,25.418125,0.02439284324645996
4813408,2025-09-14,4,Burnley,True,3.394736843000004,31.1025,18.753883494399986,23.9291719792,0.010066220536828041
4813408,2025-09-14,4,Liverpool,False,50.0,50.0,85.6014705876,48.695031844599995,0.01979801617562771
4813408,2025-09-14,4,Liverpool,False,86.352941176,35.143750000000004,98.7280701752,36.135000000000005,0.16637936234474182
4813408,2025-09-14,4,Liverpool,False,98.7280701752,36.135000000000005,103.103448276,35.6775,0.49225252866744995
4813408,2025-09-14,4,Liverpool,False,103.103448276,35.6775,86.24558823480001,31.865,0.05452314764261246
4813408,2025-09-14,4,Liverpool,False,86.24558823480001,31.865,92.4,46.873375792800005,0.0383506640791893
4813408,2025-09-14,4,Liverpool,False,92.4,46.873375792800005,85.6014705876,37.50750000000001,0.04893418401479721
4813408,2025-09-14,4,Liverpool,False,85.6014705876,37.50750000000001,83.2733009712,19.5852229326,0.012896479107439518
4813408,2025-09-14,4,Liverpool,False,95.54385964789999,25.418125,92.5,41.8303125,0.10076921433210373
4813408,2025-09-14,4,Liverpool,False,92.5,41.8303125,102.25000000019999,45.4020382125,0.05355978012084961
4813408,2025-09-14,4,Liverpool,False,102.25000000019999,45.4020382125,85.279411764,48.134522290199996,0.021664602681994438
4813408,2025-09-14,4,Liverpool,False,85.279411764,48.134522290199996,91.2,41.656875,0.0463392473757267
4813408,2025-09-14,4,Liverpool,False,91.2,41.656875,95.0614035074,28.623095236999998,0.02604289911687374
4813408,2025-09-14,4,Liverpool,False,95.0614035074,28.623095236999998,92.2,42.581875,0.07992026209831238
4813408,2025-09-14,4,Liverpool,False,92.2,42.581875,86.13823529359999,34.61,0.06489787250757217
4813408,2025-09-14,4,Liverpool,False,86.13823529359999,34.61,93.9,24.699872616500002,0.04868374764919281
4813408,2025-09-14,4,Liverpool,False,93.9,24.699872616500002,75.0519417496,34.07625,0.021264847368001938
4813408,2025-09-14,4,Liverpool,False,75.0519417496,34.07625,84.286893204,42.581875,0.037895288318395615
4813408,2025-09-14,4,Liverpool,False,84.286893204,42.581875,75.5024271864,39.629047619999994,0.021106332540512085
4813408,2025-09-14,4,Liverpool,False,75.5024271864,39.629047619999994,86.4602941172,33.466249999999995,0.06340239197015762
4813408,2025-09-14,4,Liverpool,False,86.4602941172,33.466249999999995,96.605263157,31.1025,0.13764669001102448
4813408,2025-09-14,4,Liverpool,False,81.24611650560001,23.9291719792,85.6014705876,23.9992356735,0.03844459354877472
4813408,2025-09-14,4,Liverpool,False,85.6014705876,23.9992356735,85.6014705876,21.617070067300002,0.016745850443840027
4813408,2025-09-14,4,Liverpool,False,85.6014705876,21.617070067300002,97.8596491223,28.454999999,0.054650962352752686
4813408,2025-09-14,4,Liverpool,False,97.8596491223,28.454999999,82.2597087384,25.2446875,0.06030777469277382
4813408,2025-09-14,4,Liverpool,False,82.2597087384,25.2446875,95.9298245603,33.466249999999995,0.06315246969461441
4813408,2025-09-14,4,Liverpool,False,95.9298245603,33.466249999999995,96.605263157,24.5597452279,0.0706530287861824
4813412,2025-09-14,4,Man City,True,50.0,50.0,97.6666666661,49.8861146477,0.02285388484597206
4813412,2025-09-14,4,Man City,True,82.7101941752,34.99125,97.0877192975,31.7125,0.13261961936950684
4813412,2025-09-14,4,Man City,True,97.0877192975,31.7125,95.0614035074,37.2025,0.09887344390153885
4813412,2025-09-14,4,Man City,True,95.0614035074,37.2025,85.279411764,39.376904763,0.05029858276247978
4813412,2025-09-14,4,Man City,True,85.279411764,39.376904763,98.3421052628,43.720509549300004,0.3239758312702179
4813412,2025-09-14,4,Man City,True,98.3421052628,43.720509549300004,101.3965517244,37.78,0.9291802048683167
4813412,2025-09-14,4,Man City,True,101.3965517244,37.78,100.1637931038,23.5788535077,0.05388829857110977
4813412,2025-09-14,4,Man City,True,94.1929824545,21.1966879015,95.2543859636,30.291999999999998,0.183756023645401
4813412,2025-09-14,4,Man City,True,95.2543859636,30.291999999999998,91.6,26.0540625,0.41696274280548096
4813412,2025-09-14,4,Man City,True,79.3315533992,34.7625,95.0614035074,23.438726119099996,0.27487364411354065
4813412,2025-09-14,4,Man City,True,93.4,40.553571429,101.681034483,46.452993627000005,0.035405054688453674
4813412,2025-09-14,4,Man City,True,97.8596491223,38.536428573,92.7,30.316,0.13651005923748016
4813412,2025-09-14,4,Man City,True,92.7,30.316,103.7672413794,42.8709375,0.022372128441929817
4813412,2025-09-14,4,Man United,False,2.3333333339000006,49.8861146477,17.2898058248,34.99125,0.02955441176891327
4813412,2025-09-14,4,Man United,False,0.0,23.5788535077,5.807017545500003,21.1966879015,0.024652613326907158
4813412,2025-09-14,4,Man United,False,8.400000000000006,26.0540625,1.1754385967000047,22.6680254818,0.07001610100269318
4813412,2025-09-14,4,Man United,False,1.1754385967000047,22.6680254818,20.668446600799996,34.7625,0.020363211631774902
4813412,2025-09-14,4,Man United,False,4.9385964925999986,23.438726119099996,-0.0689655175999917,23.0183439533,0.045994069427251816
4813412,2025-09-14,4,Man United,False,-0.0689655175999917,23.0183439533,19.880097086399985,22.878216564699997,0.017284974455833435
4813412,2025-09-14,4,Man United,False,19.880097086399985,22.878216564699997,-1.8706896553999997,30.492499999999996,0.5814489126205444
4813412,2025-09-14,4,Man United,False,-1.8706896553999997,30.492499999999996,13.21764705919999,42.00375,0.03381354361772537
4813412,2025-09-14,4,Man United,False,13.21764705919999,42.00375,-2.0603448278000087,28.286904761,0.46983757615089417
4813412,2025-09-14,4,Man United,False,-2.0603448278000087,28.286904761,6.599999999999994,40.553571429,0.12016049772500992
4813412,2025-09-14,4,Man United,False,0.0,46.452993627000005,21.456796115200007,33.466249999999995,0.01823146641254425
4813412,2025-09-14,4,Man United,False,21.456796115200007,33.466249999999995,2.1403508777000013,38.536428573,0.07598086446523666
