season,date,home_team,away_team,home_goals,away_goals,result,ht_home_goals,ht_away_goals,ht_result,referee,home_shots,away_shots,home_shots_on_target,away_shots_on_target,home_fouls,away_fouls,home_corners,away_corners,home_yellows,away_yellows,home_reds,away_reds,b365_home,b365_draw,b365_away,time,avg_home,avg_draw,avg_away,b365_over_2_5,b365_under_2_5,avg_over_2_5,avg_under_2_5,asian_handicap_line,avg_ah_home,avg_ah_away
2015/16,2015-08-08,Bournemouth,Aston Villa,0,1,A,0,0,D,M Clattenburg,11,7,2,3,13,13,6,3,3,4,0,0,2.0,3.6,4.0,,,,,,,,,,,
2015/16,2015-08-08,Chelsea,Swansea,2,2,D,2,1,H,M Oliver,11,18,3,10,15,16,4,8,1,3,1,0,1.36,5.0,11.0,,,,,,,,,,,
2015/16,2015-08-08,Everton,Watford,2,2,D,0,1,A,M Jones,10,11,5,5,7,13,8,2,1,2,0,0,1.7,3.9,5.5,,,,,,,,,,,
2015/16,2015-08-08,Leicester,Sunderland,4,2,H,3,0,H,L Mason,19,10,8,5,13,17,6,3,2,4,0,0,1.95,3.5,4.33,,,,,,,,,,,
2015/16,2015-08-08,Man United,Tottenham,1,0,H,1,0,H,J Moss,9,9,1,4,12,12,1,2,2,3,0,0,1.65,4.0,6.0,,,,,,,,,,,
2015/16,2015-08-08,Norwich,Crystal Palace,1,3,A,0,1,A,S Hooper,17,11,6,7,14,20,1,4,1,0,0,0,2.55,3.3,3.0,,,,,,,,,,,
2015/16,2015-08-09,Arsenal,West Ham,0,2,A,0,1,A,M Atkinson,22,8,6,4,12,9,5,4,1,3,0,0,1.29,6.0,12.0,,,,,,,,,,,
2015/16,2015-08-09,Newcastle,Southampton,2,2,D,1,1,D,C Pawson,9,15,4,5,9,12,6,6,2,4,0,0,2.88,3.3,2.7,,,,,,,,,,,
2015/16,2015-08-09,Stoke,Liverpool,0,1,A,0,0,D,A Taylor,7,8,1,3,9,16,3,5,2,4,0,0,3.4,3.4,2.3,,,,,,,,,,,
2015/16,2015-08-10,West Brom,Man City,0,3,A,0,2,A,M Dean,9,19,2,7,12,9,6,6,4,1,0,0,5.75,4.0,1.67,,,,,,,,,,,
2015/16,2015-08-14,Aston Villa,Man United,0,1,A,0,1,A,M Dean,5,9,1,2,14,10,3,5,2,2,0,0,5.5,3.8,1.73,,,,,,,,,,,
2015/16,2015-08-15,Watford,West Brom,0,0,D,0,0,D,P Tierney,16,6,5,0,13,10,2,4,1,2,0,0,2.3,3.4,3.4,,,,,,,,,,,
2015/16,2015-08-15,Tottenham,Stoke,2,2,D,2,0,H,R Madley,13,16,7,7,15,11,4,3,2,2,0,0,1.8,3.75,5.0,,,,,,,,,,,
2015/16,2015-08-15,West Ham,Leicester,1,2,A,0,2,A,A Taylor,10,11,3,6,11,12,8,4,1,3,1,0,2.25,3.5,3.4,,,,,,,,,,,
2015/16,2015-08-15,Sunderland,Norwich,1,3,A,0,2,A,K Friend,6,19,2,6,7,7,6,6,1,2,0,0,2.5,3.3,3.1,,,,,,,,,,,
2015/16,2015-08-15,Southampton,Everton,0,3,A,0,2,A,M Oliver,17,10,4,4,11,10,9,9,4,2,0,0,1.95,3.6,4.33,,,,,,,,,,,
2015/16,2015-08-15,Swansea,Newcastle,2,0,H,1,0,H,M Jones,19,4,6,2,11,8,4,4,2,1,0,1,1.95,3.6,4.33,,,,,,,,,,,
2015/16,2015-08-16,Crystal Palace,Arsenal,1,2,A,1,1,D,L Mason,11,20,4,7,14,12,6,6,1,1,0,0,5.25,3.9,1.73,,,,,,,,,,,
2015/16,2015-08-16,Man City,Chelsea,3,0,H,1,0,H,M Atkinson,18,10,8,3,19,13,5,1,4,2,0,0,2.1,3.5,3.75,,,,,,,,,,,
2015/16,2015-08-17,Liverpool,Bournemouth,1,0,H,1,0,H,C Pawson,18,13,2,2,11,18,6,8,1,4,0,0,1.45,4.75,8.0,,,,,,,,,,,
2015/16,2015-08-22,West Ham,Bournemouth,3,4,A,0,2,A,J Moss,10,15,4,7,8,11,5,4,0,0,1,0,2.38,3.4,3.2,,,,,,,,,,,
2015/16,2015-08-22,Sunderland,Swansea,1,1,D,0,1,A,N Swarbrick,10,20,2,9,16,9,3,4,4,2,0,0,4.0,3.4,2.1,,,,,,,,,,,
2015/16,2015-08-22,Norwich,Stoke,1,1,D,1,1,D,M Dean,21,6,7,1,16,5,9,0,4,1,0,0,2.3,3.3,3.5,,,,,,,,,,,
2015/16,2015-08-22,Leicester,Tottenham,1,1,D,0,0,D,M Atkinson,13,19,2,6,7,14,2,7,1,4,0,0,2.63,3.6,2.75,,,,,,,,,,,
2015/16,2015-08-22,Crystal Palace,Aston Villa,2,1,H,0,0,D,K Stroud,16,11,6,2,12,15,6,4,3,3,0,0,1.85,3.6,4.75,,,,,,,,,,,
2015/16,2015-08-22,Man United,Newcastle,0,0,D,0,0,D,C Pawson,20,7,8,0,15,11,11,5,2,2,0,0,1.36,5.25,10.0,,,,,,,,,,,
2015/16,2015-08-23,Everton,Man City,0,2,A,0,0,D,A Taylor,10,16,1,9,5,7,8,7,0,3,0,0,5.0,4.0,1.73,,,,,,,,,,,
2015/16,2015-08-23,Watford,Southampton,0,0,D,0,0,D,A Marriner,13,14,0,5,10,11,5,2,0,2,0,0,2.8,3.3,2.75,,,,,,,,,,,
2015/16,2015-08-23,West Brom,Chelsea,2,3,A,1,3,A,M Clattenburg,15,15,6,5,9,12,8,7,2,1,0,1,6.5,4.0,1.62,,,,,,,,,,,
2015/16,2015-08-24,Arsenal,Liverpool,0,0,D,0,0,D,M Oliver,19,15,5,8,2,13,7,8,1,4,0,0,1.75,4.0,5.0,,,,,,,,,,,
2015/16,2015-08-29,Newcastle,Arsenal,0,1,A,0,0,D,A Marriner,1,22,0,9,15,8,0,9,6,1,1,0,6.0,4.2,1.62,,,,,,,,,,,
2015/16,2015-08-29,Tottenham,Everton,0,0,D,0,0,D,M Jones,20,8,6,3,20,9,6,2,4,1,0,0,2.0,3.5,4.2,,,,,,,,,,,
2015/16,2015-08-29,Stoke,West Brom,0,1,A,0,1,A,M Oliver,13,15,5,5,4,9,6,5,1,4,2,0,1.95,3.4,4.5,,,,,,,,,,,
2015/16,2015-08-29,Man City,Watford,2,0,H,0,0,D,M Clattenburg,18,7,5,0,9,12,9,3,1,2,0,0,1.2,8.0,15.0,,,,,,,,,,,
2015/16,2015-08-29,Bournemouth,Leicester,1,1,D,1,0,H,N Swarbrick,5,4,2,2,9,19,4,4,2,4,0,0,2.2,3.6,3.4,,,,,,,,,,,
2015/16,2015-08-29,Chelsea,Crystal Palace,1,2,A,0,0,D,C Pawson,26,13,9,6,9,15,7,7,1,1,0,0,1.36,5.0,11.0,,,,,,,,,,,
2015/16,2015-08-29,Liverpool,West Ham,0,3,A,0,2,A,K Friend,13,12,1,5,17,11,5,7,3,1,1,1,1.36,5.5,9.0,,,,,,,,,,,
2015/16,2015-08-29,Aston Villa,Sunderland,2,2,D,2,1,H,R Madley,21,7,6,3,10,14,5,4,2,1,0,0,1.91,3.5,4.75,,,,,,,,,,,
2015/16,2015-08-30,Southampton,Norwich,3,0,H,1,0,H,J Moss,23,6,8,1,4,12,6,4,0,0,0,1,2.05,3.5,4.0,,,,,,,,,,,
2015/16,2015-08-30,Swansea,Man United,2,1,H,0,0,D,M Atkinson,9,11,4,4,6,15,0,1,2,2,0,0,3.6,3.3,2.25,,,,,,,,,,,
2015/16,2015-09-12,Arsenal,Stoke,2,0,H,1,0,H,J Moss,29,9,12,4,6,13,13,1,1,1,0,0,1.29,6.0,12.0,,,,,,,,,,,
2015/16,2015-09-12,Crystal Palace,Man City,0,1,A,0,0,D,M Jones,10,21,2,7,13,13,4,4,2,3,0,0,5.5,4.2,1.67,,,,,,,,,,,
2015/16,2015-09-12,Everton,Chelsea,3,1,H,2,1,H,A Marriner,14,15,9,2,12,12,7,14,2,2,0,0,4.0,3.6,2.0,,,,,,,,,,,
2015/16,2015-09-12,Man United,Liverpool,3,1,H,0,0,D,M Oliver,9,8,3,4,6,11,4,4,1,2,0,0,2.0,3.4,4.33,,,,,,,,,,,
2015/16,2015-09-12,Norwich,Bournemouth,3,1,H,1,0,H,M Atkinson,12,7,4,2,10,11,4,4,2,3,0,0,2.4,3.4,3.2,,,,,,,,,,,
2015/16,2015-09-12,Watford,Swansea,1,0,H,0,0,D,R Madley,17,8,6,3,11,14,1,3,1,1,1,0,2.75,3.4,2.75,,,,,,,,,,,
2015/16,2015-09-12,West Brom,Southampton,0,0,D,0,0,D,S Attwell,8,14,1,4,5,5,4,5,1,0,0,0,3.2,3.2,2.5,,,,,,,,,,,
2015/16,2015-09-13,Sunderland,Tottenham,0,1,A,0,0,D,C Pawson,12,15,2,4,11,12,6,8,2,1,0,0,4.33,3.6,1.95,,,,,,,,,,,
2015/16,2015-09-13,Leicester,Aston Villa,3,2,H,0,1,A,M Dean,21,11,6,4,8,13,4,5,2,1,0,0,1.91,3.75,4.33,,,,,,,,,,,
2015/16,2015-09-14,West Ham,Newcastle,2,0,H,1,0,H,A Taylor,17,14,3,4,8,11,6,7,0,2,0,0,2.25,3.5,3.4,,,,,,,,,,,
2015/16,2015-09-19,Aston Villa,West Brom,0,1,A,0,1,A,M Atkinson,13,11,3,6,10,11,2,7,2,3,0,0,2.3,3.25,3.5,,,,,,,,,,,
2015/16,2015-09-19,Bournemouth,Sunderland,2,0,H,2,0,H,K Friend,15,9,5,2,14,15,7,3,2,4,0,1,1.7,4.0,5.5,,,,,,,,,,,
2015/16,2015-09-19,Chelsea,Arsenal,2,0,H,0,0,D,M Dean,22,9,7,2,12,11,5,5,3,1,0,2,2.45,3.5,3.0,,,,,,,,,,,
2015/16,2015-09-19,Man City,West Ham,1,2,A,1,2,A,R Madley,27,6,8,3,10,7,16,3,1,2,0,0,1.29,6.5,11.0,,,,,,,,,,,
2015/16,2015-09-19,Newcastle,Watford,1,2,A,0,2,A,R East,15,13,5,4,8,12,5,5,1,2,0,0,2.5,3.3,3.1,,,,,,,,,,,
2015/16,2015-09-19,Stoke,Leicester,2,2,D,2,0,H,A Marriner,11,12,4,5,7,12,3,4,1,4,0,0,2.5,3.4,3.0,,,,,,,,,,,
2015/16,2015-09-19,Swansea,Everton,0,0,D,0,0,D,S Attwell,12,17,3,2,12,11,2,4,2,2,0,1,2.3,3.4,3.4,,,,,,,,,,,
2015/16,2015-09-20,Liverpool,Norwich,1,1,D,0,0,D,A Taylor,23,7,7,2,4,13,6,2,1,2,0,0,1.67,4.0,5.75,,,,,,,,,,,
2015/16,2015-09-20,Southampton,Man United,2,3,A,1,1,D,M Clattenburg,15,10,8,3,6,13,5,5,2,0,0,0,3.1,3.3,2.5,,,,,,,,,,,
2015/16,2015-09-20,Tottenham,Crystal Palace,1,0,H,0,0,D,M Oliver,22,12,6,4,9,11,6,5,1,2,0,0,2.0,3.6,4.0,,,,,,,,,,,
2015/16,2015-09-26,Stoke,Bournemouth,2,1,H,1,0,H,L Mason,8,11,5,6,13,11,3,7,1,0,0,0,2.55,3.3,3.0,,,,,,,,,,,
2015/16,2015-09-26,West Ham,Norwich,2,2,D,1,1,D,M Dean,19,16,7,7,7,17,7,5,0,0,0,0,2.25,3.5,3.4,,,,,,,,,,,
2015/16,2015-09-26,Southampton,Swansea,3,1,H,1,0,H,R East,18,11,7,4,18,14,4,3,3,1,0,0,2.05,3.4,4.2,,,,,,,,,,,
2015/16,2015-09-26,Tottenham,Man City,4,1,H,1,1,D,M Clattenburg,15,22,8,8,17,6,5,9,5,1,0,0,4.2,3.8,1.91,,,,,,,,,,,
2015/16,2015-09-26,Man United,Sunderland,3,0,H,1,0,H,M Jones,12,9,7,4,12,17,5,2,0,3,0,0,1.2,7.5,16.0,,,,,,,,,,,
2015/16,2015-09-26,Leicester,Arsenal,2,5,A,1,2,A,C Pawson,16,26,7,12,9,12,6,5,1,1,0,0,4.5,4.0,1.8,,,,,,,,,,,
2015/16,2015-09-26,Newcastle,Chelsea,2,2,D,1,0,H,M Atkinson,11,16,5,4,12,15,4,6,1,2,0,0,6.0,4.2,1.62,,,,,,,,,,,
2015/16,2015-09-26,Liverpool,Aston Villa,3,2,H,1,0,H,J Moss,21,10,12,4,8,13,11,1,0,0,0,0,1.53,4.33,7.0,,,,,,,,,,,
2015/16,2015-09-27,Watford,Crystal Palace,0,1,A,0,0,D,A Taylor,15,16,2,3,17,22,6,4,4,4,0,0,2.5,3.3,3.1,,,,,,,,,,,
2015/16,2015-09-28,West Brom,Everton,2,3,A,1,0,H,R Madley,9,12,4,4,9,8,6,4,0,3,0,0,3.1,3.3,2.5,,,,,,,,,,,
2015/16,2015-10-03,Sunderland,West Ham,2,2,D,2,1,H,N Swarbrick,12,20,3,6,14,11,1,8,2,4,1,0,3.2,3.4,2.4,,,,,,,,,,,
2015/16,2015-10-03,Man City,Newcastle,6,1,H,1,1,D,K Friend,23,6,11,4,13,8,6,3,3,1,0,0,1.25,7.0,13.0,,,,,,,,,,,
2015/16,2015-10-03,Crystal Palace,West Brom,2,0,H,0,0,D,J Moss,21,7,8,2,14,13,8,3,3,3,0,0,1.83,3.6,5.0,,,,,,,,,,,
2015/16,2015-10-03,Norwich,Leicester,1,2,A,0,1,A,M Clattenburg,17,16,2,5,4,4,16,8,0,1,0,0,2.3,3.5,3.3,,,,,,,,,,,
2015/16,2015-10-03,Bournemouth,Watford,1,1,D,1,1,D,M Oliver,12,11,6,2,8,13,5,3,1,1,0,0,2.1,3.5,3.8,,,,,,,,,,,
2015/16,2015-10-03,Aston Villa,Stoke,0,1,A,0,0,D,M Jones,13,12,2,5,12,12,9,5,1,0,0,0,2.5,3.3,3.1,,,,,,,,,,,
2015/16,2015-10-03,Chelsea,Southampton,1,3,A,1,1,D,R Madley,10,13,3,5,14,14,4,6,2,5,0,0,1.83,3.7,4.8,,,,,,,,,,,
2015/16,2015-10-04,Arsenal,Man United,3,0,H,3,0,H,A Taylor,12,9,5,5,8,17,3,6,1,3,0,0,2.0,3.8,3.8,,,,,,,,,,,
2015/16,2015-10-04,Everton,Liverpool,1,1,D,1,1,D,M Atkinson,14,13,4,4,10,19,5,11,3,3,0,0,2.7,3.4,2.8,,,,,,,,,,,
2015/16,2015-10-04,Swansea,Tottenham,2,2,D,2,1,H,M Dean,11,19,2,11,8,19,5,6,1,4,0,0,2.75,3.25,2.8,,,,,,,,,,,
2015/16,2015-10-17,Tottenham,Liverpool,0,0,D,0,0,D,C Pawson,13,12,4,3,15,11,8,6,1,2,0,0,2.5,3.5,3.0,,,,,,,,,,,
2015/16,2015-10-17,West Brom,Sunderland,1,0,H,0,0,D,M Atkinson,8,9,1,2,12,13,1,5,2,2,0,0,2.05,3.4,4.2,,,,,,,,,,,
2015/16,2015-10-17,Watford,Arsenal,0,3,A,0,0,D,M Jones,8,17,1,6,11,12,3,9,2,1,0,0,6.0,4.2,1.62,,,,,,,,,,,
2015/16,2015-10-17,Southampton,Leicester,2,2,D,2,0,H,P Tierney,14,26,6,7,16,10,6,7,2,0,0,0,1.75,4.0,5.0,,,,,,,,,,,
2015/16,2015-10-17,Crystal Palace,West Ham,1,3,A,1,1,D,M Clattenburg,6,24,1,4,9,11,1,9,1,3,1,0,2.0,3.6,4.0,,,,,,,,,,,
2015/16,2015-10-17,Everton,Man United,0,3,A,0,2,A,J Moss,12,10,3,7,12,14,5,3,2,2,0,0,3.25,3.4,2.38,,,,,,,,,,,
2015/16,2015-10-17,Man City,Bournemouth,5,1,H,4,1,H,M Dean,15,5,11,1,11,5,1,7,2,1,0,0,1.33,5.75,10.0,,,,,,,,,,,
2015/16,2015-10-17,Chelsea,Aston Villa,2,0,H,1,0,H,R East,9,8,3,1,22,17,4,4,1,3,0,0,1.33,5.75,10.0,,,,,,,,,,,
2015/16,2015-10-18,Newcastle,Norwich,6,2,H,3,2,H,A Taylor,11,18,6,6,10,10,3,7,1,1,0,0,2.6,3.4,2.88,,,,,,,,,,,
2015/16,2015-10-19,Swansea,Stoke,0,1,A,0,1,A,R Madley,14,9,2,2,6,14,1,2,2,2,0,0,2.05,3.4,4.2,,,,,,,,,,,
2015/16,2015-10-24,West Ham,Chelsea,2,1,H,1,0,H,J Moss,12,8,5,4,10,12,7,4,1,5,0,1,4.0,3.8,1.95,,,,,,,,,,,
2015/16,2015-10-24,Arsenal,Everton,2,1,H,2,1,H,L Mason,20,10,5,5,11,14,7,5,2,0,0,1,1.44,4.75,8.0,,,,,,,,,,,
2015/16,2015-10-24,Aston Villa,Swansea,1,2,A,0,0,D,N Swarbrick,9,11,3,4,10,8,4,6,2,3,0,0,3.0,3.3,2.6,,,,,,,,,,,
2015/16,2015-10-24,Leicester,Crystal Palace,1,0,H,0,0,D,M Dean,12,9,3,4,7,11,3,2,3,1,0,0,2.2,3.6,3.4,,,,,,,,,,,
2015/16,2015-10-24,Norwich,West Brom,0,1,A,0,0,D,K Friend,16,7,3,4,11,6,13,3,1,2,0,0,2.0,3.5,4.2,,,,,,,,,,,
2015/16,2015-10-24,Stoke,Watford,0,2,A,0,1,A,M Atkinson,12,13,1,3,10,18,11,5,3,1,0,0,2.1,3.3,4.0,,,,,,,,,,,
2015/16,2015-10-25,Sunderland,Newcastle,3,0,H,1,0,H,R Madley,9,21,3,8,12,10,1,10,0,2,0,1,2.6,3.4,2.9,,,,,,,,,,,
2015/16,2015-10-25,Man United,Man City,0,0,D,0,0,D,M Clattenburg,6,6,1,1,17,13,6,4,2,2,0,0,2.6,3.5,2.8,,,,,,,,,,,
2015/16,2015-10-25,Bournemouth,Tottenham,1,5,A,1,3,A,R East,11,14,3,9,8,15,4,5,0,1,0,0,3.4,3.5,2.25,,,,,,,,,,,
2015/16,2015-10-25,Liverpool,Southampton,1,1,D,0,0,D,A Marriner,15,8,2,3,8,11,10,7,1,0,0,1,2.05,3.6,3.8,,,,,,,,,,,
2015/16,2015-10-31,Chelsea,Liverpool,1,3,A,1,1,D,M Clattenburg,8,16,2,7,9,21,1,7,1,4,0,0,2.1,3.5,3.75,,,,,,,,,,,
2015/16,2015-10-31,Crystal Palace,Man United,0,0,D,0,0,D,M Jones,10,5,5,1,12,15,7,3,3,3,0,0,3.8,3.5,2.1,,,,,,,,,,,
2015/16,2015-10-31,Man City,Norwich,2,1,H,0,0,D,R Madley,21,5,5,3,4,13,12,4,2,2,0,1,1.29,6.0,12.0,,,,,,,,,,,
2015/16,2015-10-31,Newcastle,Stoke,0,0,D,0,0,D,R East,15,9,6,2,6,16,11,4,1,3,0,0,2.4,3.4,3.2,,,,,,,,,,,
2015/16,2015-10-31,Swansea,Arsenal,0,3,A,0,0,D,K Friend,8,15,3,5,12,7,4,4,2,0,0,0,5.0,4.0,1.75,,,,,,,,,,,
2015/16,2015-10-31,Watford,West Ham,2,0,H,1,0,H,K Stroud,20,8,5,3,16,12,7,2,3,0,0,1,2.6,3.4,2.9,,,,,,,,,,,
2015/16,2015-10-31,West Brom,Leicester,2,3,A,1,0,H,A Taylor,14,13,6,5,3,11,6,4,0,2,0,0,2.9,3.4,2.6,,,,,,,,,,,
2015/16,2015-11-01,Everton,Sunderland,6,2,H,2,1,H,A Marriner,15,17,8,9,6,5,6,1,3,2,0,0,1.5,4.5,7.5,,,,,,,,,,,
2015/16,2015-11-01,Southampton,Bournemouth,2,0,H,2,0,H,C Pawson,11,16,2,2,5,5,4,6,0,2,1,0,1.55,4.33,6.5,,,,,,,,,,,
2015/16,2015-11-02,Tottenham,Aston Villa,3,1,H,2,0,H,M Dean,17,13,6,2,6,15,4,3,0,3,0,0,1.44,4.75,8.0,,,,,,,,,,,
2015/16,2015-11-07,West Ham,Everton,1,1,D,1,1,D,P Tierney,16,13,5,4,11,12,3,5,1,2,0,0,2.6,3.5,2.8,,,,,,,,,,,
2015/16,2015-11-07,Stoke,Chelsea,1,0,H,0,0,D,A Taylor,8,19,2,4,13,10,1,9,3,1,0,0,3.8,3.6,2.05,,,,,,,,,,,
2015/16,2015-11-07,Norwich,Swansea,1,0,H,0,0,D,M Clattenburg,9,8,5,0,12,7,5,2,1,0,0,0,2.45,3.4,3.1,,,,,,,,,,,
2015/16,2015-11-07,Sunderland,Southampton,0,1,A,0,0,D,M Jones,9,11,3,4,3,7,10,11,1,3,0,0,4.75,3.8,1.8,,,,,,,,,,,
2015/16,2015-11-07,Leicester,Watford,2,1,H,0,0,D,R East,12,8,6,4,10,10,4,2,0,1,0,0,1.85,3.8,4.5,,,,,,,,,,,
2015/16,2015-11-07,Bournemouth,Newcastle,0,1,A,0,1,A,L Mason,20,2,5,1,9,11,16,0,2,2,0,0,2.25,3.5,3.4,,,,,,,,,,,
2015/16,2015-11-07,Man United,West Brom,2,0,H,0,0,D,M Dean,13,4,3,0,11,10,5,1,1,3,0,1,1.33,5.25,12.0,,,,,,,,,,,
2015/16,2015-11-08,Arsenal,Tottenham,1,1,D,0,1,A,M Atkinson,10,14,4,4,12,17,7,6,0,1,0,0,1.73,4.0,5.0,,,,,,,,,,,
2015/16,2015-11-08,Aston Villa,Man City,0,0,D,0,0,D,C Pawson,3,13,0,3,7,7,3,8,1,1,0,0,7.5,5.0,1.44,,,,,,,,,,,
2015/16,2015-11-08,Liverpool,Crystal Palace,1,2,A,1,1,D,N Swarbrick,22,9,4,4,7,6,14,6,1,2,0,0,1.67,3.8,6.0,,,,,,,,,,,
2015/16,2015-11-21,West Brom,Arsenal,2,1,H,2,1,H,M Clattenburg,4,11,1,3,14,10,3,5,3,2,0,0,7.0,4.33,1.53,,,,,,,,,,,
2015/16,2015-11-21,Watford,Man United,1,2,A,0,1,A,R Madley,10,13,5,6,6,12,4,10,1,2,0,0,4.33,3.4,2.0,,,,,,,,,,,
2015/16,2015-11-21,Swansea,Bournemouth,2,2,D,2,2,D,A Marriner,11,16,4,4,7,9,4,5,3,2,0,0,1.91,3.6,4.5,,,,,,,,,,,
2015/16,2015-11-21,Southampton,Stoke,0,1,A,0,1,A,L Mason,16,16,1,4,8,8,7,3,2,0,0,0,1.57,4.0,7.0,,,,,,,,,,,
2015/16,2015-11-21,Newcastle,Leicester,0,3,A,0,1,A,M Jones,9,18,1,7,9,12,4,9,4,1,0,0,2.88,3.6,2.5,,,,,,,,,,,
2015/16,2015-11-21,Everton,Aston Villa,4,0,H,3,0,H,M Oliver,16,10,9,3,6,9,2,3,0,0,0,0,1.57,4.2,6.5,,,,,,,,,,,
2015/16,2015-11-21,Chelsea,Norwich,1,0,H,0,0,D,C Pawson,21,4,7,2,4,12,6,5,1,4,0,0,1.4,5.0,9.0,,,,,,,,,,,
2015/16,2015-11-21,Man City,Liverpool,1,4,A,1,3,A,J Moss,11,14,3,9,5,13,11,5,0,3,0,0,1.7,4.0,5.5,,,,,,,,,,,
2015/16,2015-11-22,Tottenham,West Ham,4,1,H,2,0,H,A Taylor,22,10,12,4,13,9,7,6,2,2,0,0,1.57,4.2,6.5,,,,,,,,,,,
2015/16,2015-11-23,Crystal Palace,Sunderland,0,1,A,0,0,D,M Atkinson,19,12,7,4,18,11,11,2,1,3,0,0,1.57,4.0,7.0,,,,,,,,,,,
2015/16,2015-11-28,Man City,Southampton,3,1,H,2,0,H,R East,16,12,9,8,14,11,6,4,2,1,0,0,1.6,4.33,6.0,,,,,,,,,,,
2015/16,2015-11-28,Sunderland,Stoke,2,0,H,0,0,D,M Dean,18,7,5,3,4,10,9,5,0,2,0,1,3.2,3.3,2.45,,,,,,,,,,,
2015/16,2015-11-28,Leicester,Man United,1,1,D,1,1,D,C Pawson,7,10,3,2,5,7,1,8,0,1,0,0,3.1,3.5,2.4,,,,,,,,,,,
2015/16,2015-11-28,Bournemouth,Everton,3,3,D,0,2,A,K Friend,19,11,10,6,6,6,10,5,2,0,0,0,2.9,3.6,2.5,,,,,,,,,,,
2015/16,2015-11-28,Crystal Palace,Newcastle,5,1,H,3,1,H,S Attwell,19,7,8,2,7,13,7,5,1,1,0,0,1.7,3.9,5.5,,,,,,,,,,,
2015/16,2015-11-28,Aston Villa,Watford,2,3,A,1,1,D,L Mason,12,14,6,6,6,13,10,10,2,3,0,0,2.75,3.3,2.8,,,,,,,,,,,
2015/16,2015-11-29,Liverpool,Swansea,1,0,H,0,0,D,A Taylor,10,8,2,0,12,6,8,7,3,1,0,0,1.44,4.75,8.0,,,,,,,,,,,
2015/16,2015-11-29,Norwich,Arsenal,1,1,D,1,1,D,J Moss,7,12,2,3,8,6,3,6,1,1,0,0,6.0,4.2,1.62,,,,,,,,,,,
2015/16,2015-11-29,Tottenham,Chelsea,0,0,D,0,0,D,M Oliver,9,5,4,1,14,9,4,4,4,2,0,0,2.6,3.4,2.9,,,,,,,,,,,
2015/16,2015-11-29,West Ham,West Brom,1,1,D,1,0,H,M Atkinson,17,7,6,3,15,16,5,2,0,2,0,0,2.05,3.5,4.0,,,,,,,,,,,
2015/16,2015-12-05,Arsenal,Sunderland,3,1,H,1,1,D,R Madley,16,11,7,4,7,11,3,2,1,1,0,0,1.29,6.0,13.0,,,,,,,,,,,
2015/16,2015-12-05,Chelsea,Bournemouth,0,1,A,0,0,D,M Jones,19,15,6,5,10,13,11,4,2,1,0,0,1.36,5.25,9.5,,,,,,,,,,,
2015/16,2015-12-05,Man United,West Ham,0,0,D,0,0,D,M Clattenburg,21,9,1,2,9,13,6,2,1,0,0,0,1.44,4.5,9.0,,,,,,,,,,,
2015/16,2015-12-05,Southampton,Aston Villa,1,1,D,0,1,A,A Taylor,23,9,5,2,4,9,10,4,1,2,0,0,1.5,4.5,7.5,,,,,,,,,,,
2015/16,2015-12-05,Stoke,Man City,2,0,H,2,0,H,M Atkinson,7,11,4,4,9,10,1,6,0,1,0,0,5.25,4.0,1.7,,,,,,,,,,,
2015/16,2015-12-05,Swansea,Leicester,0,3,A,0,2,A,M Oliver,10,16,2,5,3,19,3,8,2,3,0,0,2.7,3.4,2.75,,,,,,,,,,,
2015/16,2015-12-05,Watford,Norwich,2,0,H,1,0,H,M Dean,14,6,7,1,11,10,4,1,3,3,0,0,2.15,3.5,3.6,,,,,,,,,,,
2015/16,2015-12-05,West Brom,Tottenham,1,1,D,1,1,D,J Moss,11,9,4,3,13,10,3,6,3,2,0,0,4.75,3.6,1.85,,,,,,,,,,,
2015/16,2015-12-06,Newcastle,Liverpool,2,0,H,0,0,D,A Marriner,6,10,1,1,6,10,2,7,3,1,0,0,5.75,4.33,1.62,,,,,,,,,,,
2015/16,2015-12-07,Everton,Crystal Palace,1,1,D,0,0,D,C Pawson,19,14,4,5,4,11,13,6,1,2,0,0,2.1,3.6,3.75,,,,,,,,,,,
2015/16,2015-12-12,Bournemouth,Man United,2,1,H,1,1,D,A Taylor,11,11,5,5,12,12,5,7,2,1,0,0,3.4,3.4,2.3,,,,,,,,,,,
2015/16,2015-12-12,Crystal Palace,Southampton,1,0,H,1,0,H,M Dean,12,15,5,3,11,13,8,5,0,0,0,0,2.6,3.3,3.0,,,,,,,,,,,
2015/16,2015-12-12,Man City,Swansea,2,1,H,1,0,H,R Madley,13,13,5,7,13,15,5,5,3,1,0,0,1.3,6.0,11.0,,,,,,,,,,,
2015/16,2015-12-12,Norwich,Everton,1,1,D,0,1,A,M Atkinson,9,15,2,3,9,6,5,4,1,0,0,0,2.9,3.5,2.55,,,,,,,,,,,
2015/16,2015-12-12,Sunderland,Watford,0,1,A,0,1,A,G Scott,14,13,2,6,6,9,8,3,1,0,0,0,2.9,3.3,2.63,,,,,,,,,,,
2015/16,2015-12-12,West Ham,Stoke,0,0,D,0,0,D,A Marriner,22,12,9,3,7,9,11,7,1,2,0,0,2.63,3.3,2.9,,,,,,,,,,,
2015/16,2015-12-13,Aston Villa,Arsenal,0,2,A,0,2,A,K Friend,18,8,2,4,8,7,5,5,0,0,0,0,6.5,4.2,1.57,,,,,,,,,,,
2015/16,2015-12-13,Liverpool,West Brom,2,2,D,1,1,D,C Pawson,28,4,8,2,7,10,4,4,0,0,0,0,1.4,4.75,10.0,,,,,,,,,,,
2015/16,2015-12-13,Tottenham,Newcastle,1,2,A,1,0,H,R East,20,8,8,4,13,14,6,2,2,2,0,0,1.36,5.5,9.0,,,,,,,,,,,
2015/16,2015-12-14,Leicester,Chelsea,2,1,H,1,0,H,M Clattenburg,9,11,5,5,16,8,1,8,2,0,0,0,3.2,3.5,2.35,,,,,,,,,,,
2015/16,2015-12-19,Stoke,Crystal Palace,1,2,A,0,1,A,R Madley,26,12,5,3,6,12,7,3,2,0,0,0,2.5,3.2,3.2,,,,,,,,,,,
2015/16,2015-12-19,Southampton,Tottenham,0,2,A,0,2,A,K Friend,11,13,4,6,18,9,4,7,1,1,0,0,2.7,3.4,2.8,,,,,,,,,,,
2015/16,2015-12-19,Newcastle,Aston Villa,1,1,D,1,0,H,M Atkinson,8,10,4,7,9,14,3,7,1,3,0,0,2.05,3.5,4.0,,,,,,,,,,,
2015/16,2015-12-19,West Brom,Bournemouth,1,2,A,0,0,D,M Dean,6,16,2,7,12,9,4,8,2,1,2,0,2.55,3.3,3.0,,,,,,,,,,,
2015/16,2015-12-19,Everton,Leicester,2,3,A,1,1,D,J Moss,13,10,5,5,6,14,10,2,2,1,0,0,2.1,3.75,3.6,,,,,,,,,,,
2015/16,2015-12-19,Chelsea,Sunderland,3,1,H,2,0,H,R East,17,11,7,3,12,12,2,2,1,3,0,0,1.33,5.25,12.0,,,,,,,,,,,
2015/16,2015-12-19,Man United,Norwich,1,2,A,0,1,A,M Oliver,11,6,2,4,4,10,11,0,0,2,0,0,1.45,4.5,8.5,,,,,,,,,,,
2015/16,2015-12-20,Swansea,West Ham,0,0,D,0,0,D,L Mason,21,11,2,2,6,9,8,9,0,1,0,0,2.1,3.4,3.9,,,,,,,,,,,
2015/16,2015-12-20,Watford,Liverpool,3,0,H,2,0,H,M Clattenburg,6,12,5,4,6,9,7,9,1,0,0,0,4.2,3.6,1.95,,,,,,,,,,,
2015/16,2015-12-21,Arsenal,Man City,2,1,H,2,0,H,A Marriner,8,20,5,6,5,16,4,8,0,2,0,0,2.45,3.5,3.0,,,,,,,,,,,
2015/16,2015-12-26,Tottenham,Norwich,3,0,H,2,0,H,M Jones,15,11,10,3,4,13,9,4,1,2,0,0,1.4,4.75,8.0,,,,,,,,,,,
2015/16,2015-12-26,Swansea,West Brom,1,0,H,1,0,H,R East,7,9,2,3,10,13,0,7,1,3,0,0,1.91,3.4,4.5,,,,,,,,,,,
2015/16,2015-12-26,Stoke,Man United,2,0,H,2,0,H,K Friend,13,11,3,6,13,16,1,12,1,2,0,0,3.25,3.2,2.3,,,,,,,,,,,
2015/16,2015-12-26,Southampton,Arsenal,4,0,H,1,0,H,J Moss,15,7,5,4,10,9,3,4,1,0,0,0,3.6,3.5,2.05,,,,,,,,,,,
2015/16,2015-12-26,Newcastle,Everton,0,1,A,0,0,D,L Mason,10,20,1,7,16,12,1,7,2,2,0,0,3.2,3.5,2.2,,,,,,,,,,,
2015/16,2015-12-26,Liverpool,Leicester,1,0,H,0,0,D,M Atkinson,25,7,4,3,11,8,7,6,2,1,0,0,1.91,3.8,3.8,,,,,,,,,,,
2015/16,2015-12-26,Chelsea,Watford,2,2,D,1,1,D,A Marriner,17,12,2,3,7,15,9,4,1,4,0,0,1.44,4.5,7.5,,,,,,,,,,,
2015/16,2015-12-26,Bournemouth,Crystal Palace,0,0,D,0,0,D,M Oliver,10,8,4,0,10,13,8,9,1,0,0,0,2.4,3.3,3.0,,,,,,,,,,,
2015/16,2015-12-26,Aston Villa,West Ham,1,1,D,0,1,A,M Dean,15,10,8,4,14,13,9,6,3,3,0,0,2.63,3.25,2.75,,,,,,,,,,,
2015/16,2015-12-26,Man City,Sunderland,4,1,H,3,0,H,A Taylor,19,11,9,3,10,11,5,1,1,1,0,0,1.2,7.0,13.0,,,,,,,,,,,
2015/16,2015-12-28,Watford,Tottenham,1,2,A,1,1,D,A Taylor,9,10,1,3,11,13,5,3,4,2,1,0,3.75,3.5,2.1,,,,,,,,,,,
2015/16,2015-12-28,West Brom,Newcastle,1,0,H,0,0,D,M Jones,22,7,5,2,7,13,18,6,0,0,0,0,2.2,3.25,3.75,,,,,,,,,,,
2015/16,2015-12-28,West Ham,Southampton,2,1,H,0,1,A,M Oliver,13,15,5,4,6,12,4,7,1,3,0,0,3.6,3.4,2.2,,,,,,,,,,,
2015/16,2015-12-28,Norwich,Aston Villa,2,0,H,1,0,H,G Scott,9,6,4,3,10,21,3,7,2,5,0,0,2.05,3.6,3.8,,,,,,,,,,,
2015/16,2015-12-28,Crystal Palace,Swansea,0,0,D,0,0,D,N Swarbrick,10,5,2,3,11,16,7,4,3,2,0,0,2.1,3.4,4.0,,,,,,,,,,,
2015/16,2015-12-28,Everton,Stoke,3,4,A,1,2,A,M Clattenburg,15,8,3,5,10,12,6,2,2,1,0,0,1.95,3.6,4.2,,,,,,,,,,,
2015/16,2015-12-28,Arsenal,Bournemouth,2,0,H,1,0,H,R East,13,10,6,3,7,8,9,3,2,0,0,0,1.44,4.75,8.0,,,,,,,,,,,
2015/16,2015-12-28,Man United,Chelsea,0,0,D,0,0,D,M Atkinson,12,8,2,3,16,6,5,3,4,2,0,0,2.6,3.3,3.0,,,,,,,,,,,
2015/16,2015-12-29,Leicester,Man City,0,0,D,0,0,D,C Pawson,11,21,4,5,11,8,1,13,1,3,0,0,4.33,4.0,1.85,,,,,,,,,,,
2015/16,2015-12-30,Sunderland,Liverpool,0,1,A,0,0,D,K Friend,8,17,3,6,8,16,6,4,1,3,0,0,5.5,3.9,1.7,,,,,,,,,,,
2015/16,2016-01-02,West Ham,Liverpool,2,0,H,1,0,H,R Madley,18,23,10,2,11,8,3,9,1,1,0,0,4.0,3.5,2.05,,,,,,,,,,,
2015/16,2016-01-02,Arsenal,Newcastle,1,0,H,0,0,D,A Taylor,16,15,3,6,10,9,7,4,2,2,0,0,1.29,6.5,11.0,,,,,,,,,,,
2015/16,2016-01-02,Leicester,Bournemouth,0,0,D,0,0,D,A Marriner,16,9,2,0,9,5,7,1,1,1,0,1,1.91,3.75,4.33,,,,,,,,,,,
2015/16,2016-01-02,Man United,Swansea,2,1,H,0,0,D,J Moss,19,9,6,4,14,10,4,2,2,1,0,0,1.55,4.2,7.0,,,,,,,,,,,
2015/16,2016-01-02,Norwich,Southampton,1,0,H,0,0,D,M Clattenburg,10,10,1,4,9,7,4,9,1,0,0,1,3.2,3.4,2.4,,,,,,,,,,,
2015/16,2016-01-02,Sunderland,Aston Villa,3,1,H,1,0,H,C Pawson,13,8,6,3,8,13,3,3,3,4,0,0,2.5,3.25,3.2,,,,,,,,,,,
2015/16,2016-01-02,Watford,Man City,1,2,A,0,0,D,M Atkinson,11,16,3,5,6,10,4,5,1,0,0,0,5.0,4.0,1.75,,,,,,,,,,,
2015/16,2016-01-02,West Brom,Stoke,2,1,H,0,0,D,L Mason,16,10,5,3,7,15,4,6,1,1,0,1,2.8,3.2,2.8,,,,,,,,,,,
2015/16,2016-01-03,Everton,Tottenham,1,1,D,1,1,D,M Oliver,12,19,3,4,8,11,4,4,1,2,0,0,2.8,3.5,2.63,,,,,,,,,,,
2015/16,2016-01-03,Crystal Palace,Chelsea,0,3,A,0,1,A,K Friend,8,10,4,4,12,15,5,7,3,0,0,0,3.8,3.5,2.1,,,,,,,,,,,
2015/16,2016-01-12,Aston Villa,Crystal Palace,1,0,H,0,0,D,M Clattenburg,13,9,3,1,15,9,9,0,2,1,0,0,3.2,3.25,2.45,,,,,,,,,,,
2015/16,2016-01-12,Bournemouth,West Ham,1,3,A,1,0,H,M Atkinson,11,10,4,5,8,5,4,7,1,1,0,0,2.0,3.6,4.0,,,,,,,,,,,
2015/16,2016-01-12,Newcastle,Man United,3,3,D,1,2,A,M Dean,14,12,6,4,10,12,5,3,1,3,0,0,5.0,3.7,1.8,,,,,,,,,,,
2015/16,2016-01-13,Chelsea,West Brom,2,2,D,1,1,D,A Taylor,14,13,2,6,13,8,7,7,3,3,0,0,1.44,4.5,9.0,,,,,,,,,,,
2015/16,2016-01-13,Liverpool,Arsenal,3,3,D,2,2,D,M Jones,22,14,6,5,9,7,9,3,2,0,0,0,2.88,3.4,2.6,,,,,,,,,,,
2015/16,2016-01-13,Man City,Everton,0,0,D,0,0,D,R East,22,7,5,2,5,6,12,5,0,1,0,0,1.53,4.75,6.0,,,,,,,,,,,
2015/16,2016-01-13,Southampton,Watford,2,0,H,1,0,H,C Pawson,15,4,7,1,9,11,8,1,1,2,0,0,1.95,3.5,4.33,,,,,,,,,,,
2015/16,2016-01-13,Stoke,Norwich,3,1,H,0,0,D,N Swarbrick,14,5,4,2,5,8,7,3,0,1,0,1,2.05,3.3,4.2,,,,,,,,,,,
2015/16,2016-01-13,Swansea,Sunderland,2,4,A,2,1,H,G Scott,10,7,5,5,9,12,8,6,2,0,1,0,1.8,3.6,5.25,,,,,,,,,,,
2015/16,2016-01-13,Tottenham,Leicester,0,1,A,0,0,D,L Mason,21,10,5,2,13,10,16,8,1,0,0,0,1.75,3.8,5.25,,,,,,,,,,,
2015/16,2016-01-16,Tottenham,Sunderland,4,1,H,1,1,D,M Dean,26,5,11,2,8,13,11,3,0,2,0,0,1.36,5.25,9.5,,,,,,,,,,,
2015/16,2016-01-16,Southampton,West Brom,3,0,H,2,0,H,M Atkinson,9,9,5,0,10,11,1,3,0,0,0,0,1.73,3.75,5.5,,,,,,,,,,,
2015/16,2016-01-16,Newcastle,West Ham,2,1,H,2,0,H,N Swarbrick,23,10,10,3,9,4,3,3,1,0,0,0,2.5,3.4,3.0,,,,,,,,,,,
2015/16,2016-01-16,Man City,Crystal Palace,4,0,H,2,0,H,J Moss,17,9,4,3,10,11,5,6,0,2,0,0,1.4,5.25,8.5,,,,,,,,,,,
2015/16,2016-01-16,Chelsea,Everton,3,3,D,0,0,D,M Jones,14,9,7,4,12,5,6,4,1,1,0,0,1.83,3.75,4.75,,,,,,,,,,,
2015/16,2016-01-16,Bournemouth,Norwich,3,0,H,1,0,H,R Madley,15,10,8,3,8,13,5,3,1,1,0,0,1.91,3.6,4.5,,,,,,,,,,,
2015/16,2016-01-16,Aston Villa,Leicester,1,1,D,0,1,A,R East,14,12,5,5,13,15,3,4,3,2,0,0,3.6,3.4,2.2,,,,,,,,,,,
2015/16,2016-01-17,Liverpool,Man United,0,1,A,0,0,D,M Clattenburg,19,7,4,1,6,18,5,4,0,2,0,0,2.3,3.25,3.5,,,,,,,,,,,
2015/16,2016-01-17,Stoke,Arsenal,0,0,D,0,0,D,C Pawson,14,8,6,3,16,10,6,6,0,0,0,0,4.33,3.6,1.95,,,,,,,,,,,
2015/16,2016-01-18,Swansea,Watford,1,0,H,1,0,H,M Oliver,10,13,2,2,8,11,6,3,2,2,0,0,2.38,3.25,3.4,,,,,,,,,,,
2015/16,2016-01-23,Crystal Palace,Tottenham,1,3,A,1,0,H,M Atkinson,11,24,3,11,11,12,3,10,2,2,0,0,3.6,3.5,2.15,,,,,,,,,,,
2015/16,2016-01-23,Leicester,Stoke,3,0,H,1,0,H,M Dean,15,3,5,2,10,13,8,4,0,1,0,0,2.1,3.5,3.8,,,,,,,,,,,
2015/16,2016-01-23,Man United,Southampton,0,1,A,0,0,D,M Jones,8,7,1,2,11,8,4,4,0,0,0,0,1.91,3.5,4.75,,,,,,,,,,,
2015/16,2016-01-23,Norwich,Liverpool,4,5,A,2,1,H,L Mason,6,13,5,7,10,14,3,3,0,1,0,0,4.33,3.5,1.95,,,,,,,,,,,
2015/16,2016-01-23,Sunderland,Bournemouth,1,1,D,1,1,D,R East,10,15,5,5,5,9,3,4,1,1,0,0,3.0,3.4,2.5,,,,,,,,,,,
2015/16,2016-01-23,Watford,Newcastle,2,1,H,0,0,D,A Marriner,13,11,5,2,10,12,2,7,2,1,0,0,2.05,3.5,4.0,,,,,,,,,,,
2015/16,2016-01-23,West Brom,Aston Villa,0,0,D,0,0,D,R Madley,4,15,0,4,7,13,2,6,0,1,0,0,2.1,3.3,4.0,,,,,,,,,,,
2015/16,2016-01-23,West Ham,Man City,2,2,D,1,1,D,C Pawson,10,16,3,3,11,15,5,2,2,3,0,0,5.0,4.0,1.73,,,,,,,,,,,
2015/16,2016-01-24,Everton,Swansea,1,2,A,1,2,A,A Taylor,20,7,2,5,5,12,7,1,0,3,0,0,1.73,3.8,5.5,,,,,,,,,,,
2015/16,2016-01-24,Arsenal,Chelsea,0,1,A,0,1,A,M Clattenburg,9,12,1,6,14,13,6,7,1,3,1,0,2.1,3.5,3.9,,,,,,,,,,,
2015/16,2016-02-02,Arsenal,Southampton,0,0,D,0,0,D,L Mason,21,14,11,3,11,19,13,3,2,1,0,0,1.75,3.75,5.25,,,,,,,,,,,
2015/16,2016-02-02,Crystal Palace,Bournemouth,1,2,A,1,1,D,M Jones,14,8,3,4,11,15,5,3,3,4,0,0,2.45,3.3,3.2,,,,,,,,,,,
2015/16,2016-02-02,Leicester,Liverpool,2,0,H,0,0,D,A Marriner,13,14,6,2,6,7,3,12,0,1,0,0,2.63,3.4,2.88,,,,,,,,,,,
2015/16,2016-02-02,Man United,Stoke,3,0,H,2,0,H,R East,15,10,5,0,13,13,2,5,2,1,0,0,1.7,3.75,5.75,,,,,,,,,,,
2015/16,2016-02-02,Norwich,Tottenham,0,3,A,0,2,A,K Friend,10,17,2,6,8,9,6,8,2,2,0,0,4.5,3.75,1.85,,,,,,,,,,,
2015/16,2016-02-02,Sunderland,Man City,0,1,A,0,1,A,S Attwell,11,6,2,2,6,15,8,4,1,4,0,0,8.0,4.75,1.45,,,,,,,,,,,
2015/16,2016-02-02,West Brom,Swansea,1,1,D,0,0,D,N Swarbrick,17,18,7,4,12,13,7,7,0,0,0,0,2.63,3.1,3.1,,,,,,,,,,,
2015/16,2016-02-02,West Ham,Aston Villa,2,0,H,0,0,D,J Moss,25,6,6,2,9,11,5,5,3,0,0,1,1.91,3.5,4.75,,,,,,,,,,,
2015/16,2016-02-03,Everton,Newcastle,3,0,H,1,0,H,C Pawson,18,7,7,3,8,15,3,3,1,2,0,1,1.65,4.2,5.5,,,,,,,,,,,
2015/16,2016-02-03,Watford,Chelsea,0,0,D,0,0,D,M Dean,12,12,3,4,10,13,7,7,2,1,0,0,4.33,3.5,1.95,,,,,,,,,,,
2015/16,2016-02-06,Southampton,West Ham,1,0,H,1,0,H,M Clattenburg,8,18,2,2,17,10,4,5,1,2,1,0,1.73,3.8,5.5,,,,,,,,,,,
2015/16,2016-02-06,Tottenham,Watford,1,0,H,0,0,D,R East,26,3,9,0,12,9,15,1,0,1,0,0,1.5,4.33,8.0,,,,,,,,,,,
2015/16,2016-02-06,Swansea,Crystal Palace,1,1,D,1,0,H,M Dean,19,12,3,2,11,14,9,5,1,2,0,0,2.25,3.3,3.6,,,,,,,,,,,
2015/16,2016-02-06,Stoke,Everton,0,3,A,0,3,A,A Marriner,11,14,3,6,11,8,6,4,1,0,0,0,2.7,3.4,2.8,,,,,,,,,,,
2015/16,2016-02-06,Man City,Leicester,1,3,A,0,1,A,A Taylor,22,14,4,7,9,15,11,4,2,2,0,0,1.62,4.2,6.0,,,,,,,,,,,
2015/16,2016-02-06,Liverpool,Sunderland,2,2,D,0,0,D,R Madley,16,7,5,2,4,12,7,2,1,1,0,0,1.44,4.75,8.5,,,,,,,,,,,
2015/16,2016-02-06,Aston Villa,Norwich,2,0,H,1,0,H,M Atkinson,10,12,3,4,10,11,2,11,0,2,0,0,2.45,3.2,3.3,,,,,,,,,,,
2015/16,2016-02-06,Newcastle,West Brom,1,0,H,1,0,H,L Mason,19,7,7,0,12,12,8,4,0,3,0,0,2.15,3.4,3.8,,,,,,,,,,,
2015/16,2016-02-07,Bournemouth,Arsenal,0,2,A,0,2,A,K Friend,17,10,4,5,6,8,7,3,0,1,0,0,3.8,3.5,2.1,,,,,,,,,,,
2015/16,2016-02-07,Chelsea,Man United,1,1,D,0,0,D,M Oliver,16,17,5,7,6,9,10,11,0,3,0,0,2.15,3.3,3.9,,,,,,,,,,,
2015/16,2016-02-13,Sunderland,Man United,2,1,H,1,1,D,A Marriner,21,12,5,6,7,15,6,8,2,3,0,0,5.25,3.75,1.75,,,,,,,,,,,
2015/16,2016-02-13,Bournemouth,Stoke,1,3,A,0,1,A,G Scott,11,11,2,6,7,18,9,2,4,2,0,0,2.05,3.4,4.1,,,,,,,,,,,
2015/16,2016-02-13,Chelsea,Newcastle,5,1,H,3,0,H,R Madley,15,10,5,4,16,14,8,3,0,1,1,0,1.44,4.75,8.0,,,,,,,,,,,
2015/16,2016-02-13,Crystal Palace,Watford,1,2,A,1,1,D,R East,14,10,7,3,11,16,8,5,0,2,0,0,2.25,3.3,3.6,,,,,,,,,,,
2015/16,2016-02-13,Everton,West Brom,0,1,A,0,1,A,M Oliver,34,5,6,1,9,12,14,1,1,3,0,0,1.53,4.2,7.5,,,,,,,,,,,
2015/16,2016-02-13,Norwich,West Ham,2,2,D,0,0,D,M Jones,13,11,3,6,16,11,3,3,2,2,0,0,2.38,3.4,3.25,,,,,,,,,,,
2015/16,2016-02-13,Swansea,Southampton,0,1,A,0,0,D,J Moss,13,13,2,5,10,12,5,4,0,3,0,0,3.2,3.25,2.5,,,,,,,,,,,
2015/16,2016-02-14,Aston Villa,Liverpool,0,6,A,0,2,A,N Swarbrick,6,11,1,9,10,9,0,6,3,1,0,0,4.75,3.6,1.85,,,,,,,,,,,
2015/16,2016-02-14,Arsenal,Leicester,2,1,H,0,1,A,M Atkinson,24,7,6,3,9,10,11,1,4,3,0,1,1.75,4.0,5.0,,,,,,,,,,,
2015/16,2016-02-14,Man City,Tottenham,1,2,A,0,0,D,M Clattenburg,19,6,4,3,12,17,7,1,1,3,0,0,2.1,3.75,3.6,,,,,,,,,,,
2015/16,2016-02-27,West Brom,Crystal Palace,3,2,H,3,0,H,J Moss,11,15,5,2,14,16,3,6,2,2,0,0,2.6,3.1,2.8,,,,,,,,,,,
2015/16,2016-02-27,West Ham,Sunderland,1,0,H,1,0,H,M Dean,9,13,3,4,11,9,5,6,1,0,0,0,1.8,3.5,4.5,,,,,,,,,,,
2015/16,2016-02-27,Watford,Bournemouth,0,0,D,0,0,D,A Taylor,14,11,1,3,14,17,4,5,3,1,0,0,2.38,3.25,3.0,,,,,,,,,,,
2015/16,2016-02-27,Southampton,Chelsea,1,2,A,1,0,H,M Atkinson,7,16,2,4,10,11,7,8,3,1,0,0,2.8,3.25,2.5,,,,,,,,,,,
2015/16,2016-02-27,Leicester,Norwich,1,0,H,0,0,D,N Swarbrick,13,9,3,1,9,11,3,4,0,2,0,0,1.5,4.33,6.0,,,,,,,,,,,
2015/16,2016-02-27,Stoke,Aston Villa,2,1,H,0,0,D,K Friend,11,5,3,1,7,15,11,0,0,3,0,0,1.62,3.75,5.5,,,,,,,,,,,
2015/16,2016-02-28,Man United,Arsenal,3,2,H,2,1,H,C Pawson,7,13,5,5,21,15,2,3,4,3,0,0,3.0,3.25,2.38,,,,,,,,,,,
2015/16,2016-02-28,Tottenham,Swansea,2,1,H,0,1,A,M Jones,34,10,14,4,11,14,7,7,2,3,0,0,1.4,4.2,9.0,,,,,,,,,,,
2015/16,2016-03-01,Sunderland,Crystal Palace,2,2,D,1,0,H,A Taylor,17,13,6,5,11,14,4,5,1,1,0,0,2.5,3.3,3.1,,,,,,,,,,,
2015/16,2016-03-01,Aston Villa,Everton,1,3,A,0,2,A,R East,14,10,5,7,8,7,9,8,3,1,0,0,4.5,3.6,1.91,,,,,,,,,,,
2015/16,2016-03-01,Bournemouth,Southampton,2,0,H,1,0,H,M Dean,9,6,4,1,11,18,10,2,0,0,0,0,2.9,3.25,2.7,,,,,,,,,,,
2015/16,2016-03-01,Leicester,West Brom,2,2,D,2,1,H,M Clattenburg,22,11,5,3,10,8,11,3,0,2,0,0,1.73,3.8,5.5,,,,,,,,,,,
2015/16,2016-03-01,Norwich,Chelsea,1,2,A,0,2,A,L Mason,13,10,2,2,17,5,4,4,3,2,0,0,5.25,4.0,1.7,,,,,,,,,,,
2015/16,2016-03-02,Arsenal,Swansea,1,2,A,1,1,D,R Madley,18,11,4,2,8,11,7,3,0,2,0,0,1.36,5.25,10.0,,,,,,,,,,,
2015/16,2016-03-02,Liverpool,Man City,3,0,H,2,0,H,M Atkinson,11,4,7,2,14,14,3,2,0,1,0,0,2.63,3.4,2.88,,,,,,,,,,,
2015/16,2016-03-02,Man United,Watford,1,0,H,0,0,D,M Jones,14,13,3,3,7,17,9,7,1,2,0,0,1.67,3.8,6.0,,,,,,,,,,,
2015/16,2016-03-02,Stoke,Newcastle,1,0,H,0,0,D,N Swarbrick,9,5,2,3,11,6,5,2,1,0,0,0,2.0,3.5,4.2,,,,,,,,,,,
2015/16,2016-03-02,West Ham,Tottenham,1,0,H,1,0,H,A Marriner,14,9,3,2,10,11,6,3,0,3,0,0,4.0,3.6,2.0,,,,,,,,,,,
2015/16,2016-03-05,Everton,West Ham,2,3,A,1,0,H,A Taylor,15,17,8,5,12,13,9,6,2,3,1,0,1.73,4.0,5.0,,,,,,,,,,,
2015/16,2016-03-05,Tottenham,Arsenal,2,2,D,0,1,A,M Oliver,26,10,11,4,9,10,9,2,2,2,0,1,2.38,3.4,3.25,,,,,,,,,,,
2015/16,2016-03-05,Watford,Leicester,0,1,A,0,0,D,J Moss,11,14,4,7,10,11,3,8,2,2,0,0,3.0,3.4,2.55,,,,,,,,,,,
2015/16,2016-03-05,Swansea,Norwich,1,0,H,0,0,D,C Pawson,10,8,3,3,14,15,5,0,2,5,0,0,2.05,3.5,4.0,,,,,,,,,,,
2015/16,2016-03-05,Chelsea,Stoke,1,1,D,1,0,H,M Clattenburg,20,16,7,5,9,10,8,4,1,2,0,0,1.5,4.5,7.5,,,,,,,,,,,
2015/16,2016-03-05,Newcastle,Bournemouth,1,3,A,0,1,A,P Tierney,14,16,3,5,13,8,5,4,1,3,0,0,2.63,3.4,2.88,,,,,,,,,,,
2015/16,2016-03-05,Man City,Aston Villa,4,0,H,0,0,D,L Mason,22,2,9,1,10,10,9,1,0,1,0,0,1.22,7.0,15.0,,,,,,,,,,,
2015/16,2016-03-05,Southampton,Sunderland,1,1,D,0,0,D,N Swarbrick,16,11,5,3,9,9,12,2,2,1,1,0,1.6,4.0,6.5,,,,,,,,,,,
2015/16,2016-03-06,Crystal Palace,Liverpool,1,2,A,0,0,D,A Marriner,14,19,4,5,12,16,6,6,1,2,0,1,3.8,3.5,2.1,,,,,,,,,,,
2015/16,2016-03-06,West Brom,Man United,1,0,H,0,0,D,M Dean,9,7,2,1,8,7,4,5,1,0,0,1,4.33,3.4,2.0,,,,,,,,,,,
2015/16,2016-03-12,Bournemouth,Swansea,3,2,H,1,1,D,R East,12,12,4,4,12,11,5,3,1,0,0,0,1.95,3.5,4.33,,,,,,,,,,,
2015/16,2016-03-12,Norwich,Man City,0,0,D,0,0,D,J Moss,5,15,0,3,15,10,3,8,3,1,0,0,6.0,4.2,1.6,,,,,,,,,,,
2015/16,2016-03-12,Stoke,Southampton,1,2,A,0,2,A,L Mason,13,11,2,4,13,12,1,4,1,2,0,1,2.7,3.2,2.9,,,,,,,,,,,
2015/16,2016-03-13,Aston Villa,Tottenham,0,2,A,0,1,A,A Taylor,11,19,2,8,6,6,5,8,0,0,0,0,7.5,4.5,1.5,,,,,,,,,,,
2015/16,2016-03-14,Leicester,Newcastle,1,0,H,1,0,H,C Pawson,10,13,1,2,4,9,8,4,0,0,0,0,1.57,4.33,6.25,,,,,,,,,,,
2015/16,2016-03-19,Crystal Palace,Leicester,0,1,A,0,1,A,M Jones,12,8,4,3,9,13,10,7,1,1,0,0,3.0,3.4,2.5,,,,,,,,,,,
2015/16,2016-03-19,West Brom,Norwich,0,1,A,0,0,D,A Taylor,10,7,0,1,8,13,4,3,1,2,0,0,2.25,3.3,3.6,,,,,,,,,,,
2015/16,2016-03-19,Watford,Stoke,1,2,A,0,1,A,C Pawson,9,9,4,6,10,14,9,2,3,1,0,0,2.4,3.25,3.3,,,,,,,,,,,
2015/16,2016-03-19,Chelsea,West Ham,2,2,D,1,1,D,R Madley,22,13,5,6,13,14,10,9,3,5,0,0,1.75,3.8,5.25,,,,,,,,,,,
2015/16,2016-03-19,Everton,Arsenal,0,2,A,0,2,A,M Clattenburg,8,11,2,3,7,10,7,5,0,0,0,0,2.7,3.5,2.7,,,,,,,,,,,
2015/16,2016-03-19,Swansea,Aston Villa,1,0,H,0,0,D,M Dean,10,12,1,2,9,10,4,6,3,2,0,0,1.67,3.8,6.0,,,,,,,,,,,
2015/16,2016-03-20,Man City,Man United,0,1,A,0,1,A,M Oliver,26,5,2,3,9,12,11,5,1,1,0,0,1.83,3.75,4.75,,,,,,,,,,,
2015/16,2016-03-20,Newcastle,Sunderland,1,1,D,0,1,A,M Atkinson,17,14,8,4,14,7,2,5,4,1,0,0,2.1,3.5,3.8,,,,,,,,,,,
2015/16,2016-03-20,Southampton,Liverpool,3,2,H,0,2,A,R East,16,18,5,9,10,13,3,5,1,3,0,0,2.63,3.4,2.88,,,,,,,,,,,
2015/16,2016-03-20,Tottenham,Bournemouth,3,0,H,2,0,H,N Swarbrick,17,2,8,0,11,6,4,5,0,1,0,0,1.53,4.33,7.0,,,,,,,,,,,
2015/16,2016-04-02,Sunderland,West Brom,0,0,D,0,0,D,R East,22,3,7,0,11,13,9,3,1,1,0,0,2.1,3.3,4.0,,,,,,,,,,,
2015/16,2016-04-02,Stoke,Swansea,2,2,D,1,0,H,M Atkinson,12,12,5,3,6,16,5,5,0,1,0,0,2.2,3.4,3.6,,,,,,,,,,,
2015/16,2016-04-02,Norwich,Newcastle,3,2,H,1,0,H,M Dean,13,13,6,5,6,11,6,5,0,0,0,0,2.2,3.4,3.6,,,,,,,,,,,
2015/16,2016-04-02,West Ham,Crystal Palace,2,2,D,2,1,H,M Clattenburg,18,12,6,5,12,19,4,5,2,2,1,0,1.95,3.6,4.2,,,,,,,,,,,
2015/16,2016-04-02,Bournemouth,Man City,0,4,A,0,3,A,R Madley,11,15,2,7,9,8,4,4,0,1,0,0,3.75,3.6,2.1,,,,,,,,,,,
2015/16,2016-04-02,Aston Villa,Chelsea,0,4,A,0,2,A,N Swarbrick,15,11,4,8,12,8,7,2,4,1,1,0,6.5,4.33,1.57,,,,,,,,,,,
2015/16,2016-04-02,Arsenal,Watford,4,0,H,2,0,H,A Taylor,19,6,12,2,7,10,8,3,1,1,0,0,1.36,5.25,10.0,,,,,,,,,,,
2015/16,2016-04-02,Liverpool,Tottenham,1,1,D,0,0,D,J Moss,15,18,7,5,11,11,12,9,2,0,0,0,2.5,3.4,3.0,,,,,,,,,,,
2015/16,2016-04-03,Leicester,Southampton,1,0,H,1,0,H,M Oliver,11,10,4,2,12,13,7,8,2,2,0,0,2.25,3.4,3.5,,,,,,,,,,,
2015/16,2016-04-03,Man United,Everton,1,0,H,0,0,D,A Marriner,10,7,2,1,15,6,5,5,2,0,0,0,2.1,3.5,3.75,,,,,,,,,,,
2015/16,2016-04-09,West Ham,Arsenal,3,3,D,2,2,D,C Pawson,19,11,7,6,11,8,7,4,2,0,0,0,3.6,3.5,2.0,,,,,,,,,,,
2015/16,2016-04-09,Watford,Everton,1,1,D,1,1,D,K Friend,13,12,5,7,13,10,7,6,2,1,0,0,3.4,3.3,2.15,,,,,,,,,,,
2015/16,2016-04-09,Swansea,Chelsea,1,0,H,1,0,H,A Marriner,12,8,6,2,15,13,1,9,5,4,0,0,3.75,3.4,2.0,,,,,,,,,,,
2015/16,2016-04-09,Man City,West Brom,2,1,H,1,1,D,M Jones,13,13,4,2,10,7,8,8,0,1,0,0,1.33,5.0,9.0,,,,,,,,,,,
2015/16,2016-04-09,Crystal Palace,Norwich,1,0,H,0,0,D,M Oliver,13,13,6,4,13,10,10,4,2,1,0,0,2.05,3.4,3.6,,,,,,,,,,,
2015/16,2016-04-09,Aston Villa,Bournemouth,1,2,A,0,1,A,M Atkinson,6,12,1,3,13,11,3,8,2,2,0,0,3.4,3.2,2.2,,,,,,,,,,,
2015/16,2016-04-09,Southampton,Newcastle,3,1,H,2,0,H,R Madley,20,5,6,3,8,7,11,2,0,0,0,0,1.53,4.0,6.0,,,,,,,,,,,
2015/16,2016-04-10,Tottenham,Man United,3,0,H,0,0,D,M Dean,16,5,8,1,10,10,2,7,3,3,0,0,1.91,3.5,4.0,,,,,,,,,,,
2015/16,2016-04-10,Liverpool,Stoke,4,1,H,2,1,H,M Clattenburg,14,10,6,3,14,14,6,3,0,2,0,0,1.55,4.0,5.75,,,,,,,,,,,
2015/16,2016-04-10,Sunderland,Leicester,0,2,A,0,0,D,A Taylor,15,17,1,7,9,9,1,7,1,1,0,0,3.4,3.4,2.1,,,,,,,,,,,
2015/16,2016-04-13,Crystal Palace,Everton,0,0,D,0,0,D,M Jones,18,9,6,5,7,9,10,7,0,1,0,1,2.9,3.4,2.6,,,,,,,,,,,
2015/16,2016-04-16,West Brom,Watford,0,1,A,0,1,A,M Oliver,16,11,4,4,11,17,9,3,0,3,0,0,2.4,3.2,3.4,,,,,,,,,,,
2015/16,2016-04-16,Norwich,Sunderland,0,3,A,0,1,A,A Marriner,19,8,6,3,7,11,14,0,2,2,0,0,2.4,3.3,3.25,,,,,,,,,,,
2015/16,2016-04-16,Newcastle,Swansea,3,0,H,1,0,H,L Mason,12,11,7,1,13,9,3,7,2,1,0,0,2.3,3.4,3.4,,,,,,,,,,,
2015/16,2016-04-16,Man United,Aston Villa,1,0,H,1,0,H,K Friend,13,7,4,1,9,10,14,3,0,1,0,0,1.22,7.0,17.0,,,,,,,,,,,
2015/16,2016-04-16,Everton,Southampton,1,1,D,0,0,D,C Pawson,7,18,2,4,8,14,3,10,1,1,0,0,2.7,3.4,2.8,,,,,,,,,,,
2015/16,2016-04-16,Chelsea,Man City,0,3,A,0,1,A,M Dean,11,11,4,8,12,15,11,3,2,3,1,0,2.75,3.4,2.7,,,,,,,,,,,
2015/16,2016-04-17,Arsenal,Crystal Palace,1,1,D,1,0,H,R East,21,7,6,2,7,13,10,5,0,2,0,0,1.33,5.75,9.5,,,,,,,,,,,
2015/16,2016-04-17,Bournemouth,Liverpool,1,2,A,0,2,A,M Jones,18,19,5,6,9,9,5,4,0,0,0,0,3.6,3.5,2.15,,,,,,,,,,,
2015/16,2016-04-17,Leicester,West Ham,2,2,D,1,0,H,J Moss,6,19,2,4,14,14,0,5,1,3,1,0,1.95,3.6,4.2,,,,,,,,,,,
2015/16,2016-04-18,Stoke,Tottenham,0,4,A,0,1,A,N Swarbrick,12,23,2,6,12,12,5,3,2,0,0,0,4.5,3.75,1.85,,,,,,,,,,,
2015/16,2016-04-19,Newcastle,Man City,1,1,D,1,1,D,K Friend,5,9,3,5,13,8,5,3,3,2,0,0,6.0,4.5,1.57,,,,,,,,,,,
2015/16,2016-04-20,West Ham,Watford,3,1,H,2,0,H,M Dean,18,7,7,4,11,17,4,2,0,2,0,1,1.57,4.33,6.5,,,,,,,,,,,
2015/16,2016-04-20,Liverpool,Everton,4,0,H,2,0,H,R Madley,37,3,13,0,8,11,9,1,1,1,0,1,1.73,4.0,5.0,,,,,,,,,,,
2015/16,2016-04-20,Man United,Crystal Palace,2,0,H,1,0,H,L Mason,16,5,10,0,13,7,10,2,1,2,0,0,1.53,4.33,7.0,,,,,,,,,,,
2015/16,2016-04-21,Arsenal,West Brom,2,0,H,2,0,H,J Moss,16,8,7,1,14,14,2,6,0,1,0,0,1.29,6.0,13.0,,,,,,,,,,,
2015/16,2016-04-23,Man City,Stoke,4,0,H,2,0,H,R Madley,11,14,6,2,8,8,9,4,0,0,0,0,1.3,6.0,11.0,,,,,,,,,,,
2015/16,2016-04-23,Aston Villa,Southampton,2,4,A,1,2,A,N Swarbrick,16,17,7,7,8,9,6,11,2,0,0,0,7.5,4.2,1.53,,,,,,,,,,,
2015/16,2016-04-23,Bournemouth,Chelsea,1,4,A,1,2,A,R East,13,16,4,4,11,4,10,7,1,0,0,0,3.1,3.5,2.4,,,,,,,,,,,
2015/16,2016-04-23,Liverpool,Newcastle,2,2,D,2,0,H,A Marriner,13,6,4,3,8,17,5,4,1,1,0,0,1.57,4.5,6.0,,,,,,,,,,,
2015/16,2016-04-24,Sunderland,Arsenal,0,0,D,0,0,D,M Dean,12,20,3,7,10,8,7,7,2,4,0,0,4.5,4.0,1.8,,,,,,,,,,,
2015/16,2016-04-24,Leicester,Swansea,4,0,H,2,0,H,M Clattenburg,18,9,9,1,15,10,4,6,1,2,0,0,1.75,3.7,5.5,,,,,,,,,,,
2015/16,2016-04-25,Tottenham,West Brom,1,1,D,1,0,H,M Jones,19,16,2,3,8,13,9,7,0,1,0,0,1.22,7.0,15.0,,,,,,,,,,,
2015/16,2016-04-30,Arsenal,Norwich,1,0,H,0,0,D,M Jones,14,12,3,3,8,7,7,3,1,0,0,0,1.29,6.5,11.0,,,,,,,,,,,
2015/16,2016-04-30,Everton,Bournemouth,2,1,H,1,1,D,N Swarbrick,12,16,5,2,4,8,3,5,1,0,0,0,2.0,3.8,3.8,,,,,,,,,,,
2015/16,2016-04-30,Newcastle,Crystal Palace,1,0,H,0,0,D,M Dean,10,9,4,3,11,12,4,8,2,0,0,0,2.0,3.6,4.0,,,,,,,,,,,
2015/16,2016-04-30,Stoke,Sunderland,1,1,D,0,0,D,C Pawson,11,14,3,5,13,13,2,8,2,2,0,0,2.75,3.3,2.8,,,,,,,,,,,
2015/16,2016-04-30,Watford,Aston Villa,3,2,H,1,1,D,A Taylor,18,7,6,2,14,10,8,4,2,3,0,1,1.7,3.8,5.75,,,,,,,,,,,
2015/16,2016-04-30,West Brom,West Ham,0,3,A,0,2,A,L Mason,15,8,5,4,14,7,8,6,0,0,0,0,4.0,3.4,2.1,,,,,,,,,,,
2015/16,2016-05-01,Man United,Leicester,1,1,D,1,1,D,M Oliver,21,14,6,3,16,10,6,5,3,0,0,1,2.1,3.4,3.9,,,,,,,,,,,
2015/16,2016-05-01,Southampton,Man City,4,2,H,2,1,H,A Marriner,14,6,7,5,12,9,8,2,2,1,0,0,2.8,3.4,2.7,,,,,,,,,,,
2015/16,2016-05-01,Swansea,Liverpool,3,1,H,2,0,H,R East,18,11,9,3,12,13,4,7,2,2,0,1,3.1,3.5,2.4,,,,,,,,,,,
2015/16,2016-05-02,Chelsea,Tottenham,2,2,D,0,2,A,M Clattenburg,13,16,5,5,9,20,7,8,3,9,0,0,2.75,3.6,2.63,,,,,,,,,,,
2015/16,2016-05-07,West Ham,Swansea,1,4,A,0,2,A,M Oliver,25,13,7,6,11,8,13,3,3,0,0,0,1.44,4.75,8.0,,,,,,,,,,,
2015/16,2016-05-07,Sunderland,Chelsea,3,2,H,1,2,A,M Jones,15,9,4,8,11,9,3,3,4,1,0,1,3.0,3.5,2.45,,,,,,,,,,,
2015/16,2016-05-07,Norwich,Man United,0,1,A,0,0,D,C Pawson,8,15,2,2,11,10,1,6,1,0,0,0,4.5,3.6,1.91,,,,,,,,,,,
2015/16,2016-05-07,Leicester,Everton,3,1,H,2,0,H,A Marriner,32,9,8,5,4,12,12,4,0,3,0,0,1.91,4.0,4.0,,,,,,,,,,,
2015/16,2016-05-07,Crystal Palace,Stoke,2,1,H,0,1,A,K Friend,17,12,4,3,8,18,4,3,2,3,0,0,2.05,3.5,3.9,,,,,,,,,,,
2015/16,2016-05-07,Bournemouth,West Brom,1,1,D,0,1,A,M Clattenburg,12,12,4,4,5,8,5,3,2,1,0,0,1.95,3.6,4.2,,,,,,,,,,,
2015/16,2016-05-07,Aston Villa,Newcastle,0,0,D,0,0,D,R Madley,2,9,0,3,8,13,0,5,1,1,0,0,5.75,4.2,1.65,,,,,,,,,,,
2015/16,2016-05-08,Liverpool,Watford,2,0,H,1,0,H,L Mason,19,14,5,3,10,15,8,8,1,2,0,0,1.5,4.5,7.5,,,,,,,,,,,
2015/16,2016-05-08,Man City,Arsenal,2,2,D,1,1,D,A Taylor,14,5,3,2,16,10,7,2,2,1,0,0,2.5,3.6,2.9,,,,,,,,,,,
2015/16,2016-05-08,Tottenham,Southampton,1,2,A,1,1,D,J Moss,20,10,6,2,8,16,10,2,0,3,0,0,2.05,3.6,3.9,,,,,,,,,,,
2015/16,2016-05-10,West Ham,Man United,3,2,H,1,0,H,M Dean,20,3,6,2,6,18,6,2,1,3,0,0,3.0,3.5,2.45,,,,,,,,,,,
2015/16,2016-05-11,Liverpool,Chelsea,1,1,D,0,1,A,M Oliver,28,13,9,7,11,12,7,3,3,1,0,0,2.0,3.8,3.8,,,,,,,,,,,
2015/16,2016-05-11,Norwich,Watford,4,2,H,3,1,H,R East,18,12,6,7,8,12,5,1,2,3,0,0,1.83,3.75,4.75,,,,,,,,,,,
2015/16,2016-05-11,Sunderland,Everton,3,0,H,2,0,H,A Taylor,14,17,8,6,15,7,5,5,1,0,0,0,1.75,4.0,5.0,,,,,,,,,,,
2015/16,2016-05-15,West Brom,Liverpool,1,1,D,1,1,D,R Madley,13,7,1,3,11,14,7,5,3,1,0,0,2.4,3.6,3.0,,,,,,,,,,,
2015/16,2016-05-15,Watford,Sunderland,2,2,D,0,1,A,K Friend,21,6,6,4,11,10,7,4,1,0,0,0,2.05,3.75,3.7,,,,,,,,,,,
2015/16,2016-05-15,Swansea,Man City,1,1,D,1,1,D,M Dean,4,18,1,5,4,19,4,4,1,3,0,0,6.0,4.75,1.53,,,,,,,,,,,
2015/16,2016-05-15,Southampton,Crystal Palace,4,1,H,1,0,H,M Oliver,18,16,5,4,7,14,2,5,1,2,0,0,1.36,5.5,9.0,,,,,,,,,,,
2015/16,2016-05-15,Stoke,West Ham,2,1,H,0,1,A,M Jones,7,20,4,7,8,12,4,10,3,1,0,0,3.5,3.6,2.15,,,,,,,,,,,
2015/16,2016-05-15,Everton,Norwich,3,0,H,2,0,H,L Mason,15,10,8,2,7,11,4,11,0,0,0,0,1.8,4.0,4.5,,,,,,,,,,,
2015/16,2016-05-15,Chelsea,Leicester,1,1,D,0,0,D,C Pawson,17,18,4,5,4,12,7,6,0,0,0,0,2.3,3.75,3.1,,,,,,,,,,,
2015/16,2016-05-15,Arsenal,Aston Villa,4,0,H,1,0,H,M Clattenburg,16,5,7,2,12,6,5,4,0,1,0,0,1.17,9.0,17.0,,,,,,,,,,,
2015/16,2016-05-15,Newcastle,Tottenham,5,1,H,2,0,H,A Taylor,19,17,10,5,7,6,3,8,1,2,1,0,4.5,4.0,1.8,,,,,,,,,,,
2015/16,2016-05-17,Man United,Bournemouth,3,1,H,1,0,H,J Moss,12,7,5,0,9,8,7,1,1,0,0,0,1.67,4.2,5.25,,,,,,,,,,,
2016/17,2016-08-13,Burnley,Swansea,0,1,A,0,0,D,J Moss,10,17,3,9,10,14,7,4,3,2,0,0,2.4,3.3,3.25,,,,,,,,,,,
2016/17,2016-08-13,Crystal Palace,West Brom,0,1,A,0,0,D,C Pawson,14,13,4,3,12,15,3,6,2,2,0,0,2.0,3.3,4.5,,,,,,,,,,,
2016/17,2016-08-13,Everton,Tottenham,1,1,D,1,0,H,M Atkinson,12,13,6,4,10,14,5,6,0,0,0,0,3.2,3.4,2.4,,,,,,,,,,,
2016/17,2016-08-13,Hull,Leicester,2,1,H,1,0,H,M Dean,14,18,5,5,8,17,5,3,2,2,0,0,4.5,3.6,1.91,,,,,,,,,,,
2016/17,2016-08-13,Man City,Sunderland,2,1,H,1,0,H,R Madley,16,7,4,3,11,14,9,6,1,2,0,0,1.25,6.5,15.0,,,,,,,,,,,
2016/17,2016-08-13,Middlesbrough,Stoke,1,1,D,1,0,H,K Friend,12,12,2,1,18,14,9,6,3,5,0,0,2.38,3.2,3.4,,,,,,,,,,,
2016/17,2016-08-13,Southampton,Watford,1,1,D,0,1,A,R East,24,5,6,1,8,12,6,2,1,2,0,1,1.8,3.75,5.0,,,,,,,,,,,
2016/17,2016-08-14,Bournemouth,Man United,1,3,A,0,1,A,A Marriner,9,11,3,7,7,10,4,2,0,1,0,0,4.75,3.6,1.85,,,,,,,,,,,
2016/17,2016-08-14,Arsenal,Liverpool,3,4,A,1,1,D,M Oliver,9,16,5,7,13,17,5,4,3,3,0,0,2.4,3.5,3.1,,,,,,,,,,,
2016/17,2016-08-15,Chelsea,West Ham,2,1,H,0,0,D,A Taylor,16,7,6,3,16,16,7,1,5,2,0,0,1.65,4.0,6.0,,,,,,,,,,,
2016/17,2016-08-19,Man United,Southampton,2,0,H,1,0,H,A Taylor,12,13,5,1,11,8,4,0,0,0,0,0,1.53,4.2,7.5,,,,,,,,,,,
2016/17,2016-08-20,Watford,Chelsea,1,2,A,0,0,D,J Moss,6,13,2,4,20,10,0,5,4,3,0,0,5.5,3.8,1.73,,,,,,,,,,,
2016/17,2016-08-20,Stoke,Man City,1,4,A,0,2,A,M Dean,8,12,3,6,12,13,7,7,3,4,0,0,5.5,3.8,1.73,,,,,,,,,,,
2016/17,2016-08-20,West Brom,Everton,1,2,A,1,1,D,N Swarbrick,11,13,4,7,16,10,7,4,3,1,0,0,3.0,3.25,2.6,,,,,,,,,,,
2016/17,2016-08-20,Tottenham,Crystal Palace,1,0,H,0,0,D,M Oliver,20,10,5,2,19,9,10,4,3,3,0,0,1.45,4.75,8.0,,,,,,,,,,,
2016/17,2016-08-20,Burnley,Liverpool,2,0,H,2,0,H,L Mason,3,26,2,5,14,5,1,12,0,1,0,0,6.5,4.2,1.57,,,,,,,,,,,
2016/17,2016-08-20,Leicester,Arsenal,0,0,D,0,0,D,M Clattenburg,8,13,1,4,11,7,2,7,1,2,0,0,2.88,3.6,2.5,,,,,,,,,,,
2016/17,2016-08-20,Swansea,Hull,0,2,A,0,0,D,S Attwell,13,12,3,4,7,10,8,3,0,0,0,0,1.8,3.6,5.25,,,,,,,,,,,
2016/17,2016-08-21,Sunderland,Middlesbrough,1,2,A,0,2,A,M Atkinson,18,8,5,3,11,14,8,1,1,1,0,0,2.55,3.2,3.1,,,,,,,,,,,
2016/17,2016-08-21,West Ham,Bournemouth,1,0,H,0,0,D,C Pawson,15,8,2,5,15,15,1,6,3,1,0,1,1.95,3.75,4.0,,,,,,,,,,,
2016/17,2016-08-27,Chelsea,Burnley,3,0,H,2,0,H,M Clattenburg,22,6,10,0,6,9,9,5,2,2,0,0,1.25,5.5,15.0,,,,,,,,,,,
2016/17,2016-08-27,Crystal Palace,Bournemouth,1,1,D,0,1,A,M Dean,24,10,5,3,15,10,10,4,2,1,0,0,2.3,3.2,3.3,,,,,,,,,,,
2016/17,2016-08-27,Everton,Stoke,1,0,H,0,0,D,M Oliver,21,8,9,1,14,11,9,2,2,1,0,0,1.73,3.6,5.25,,,,,,,,,,,
2016/17,2016-08-27,Hull,Man United,0,1,A,0,0,D,J Moss,8,29,2,9,9,6,1,6,2,3,0,0,8.0,4.1,1.44,,,,,,,,,,,
2016/17,2016-08-27,Leicester,Swansea,2,1,H,1,0,H,R East,13,9,6,3,14,10,4,6,2,2,0,0,1.73,3.6,5.25,,,,,,,,,,,
2016/17,2016-08-27,Southampton,Sunderland,1,1,D,0,0,D,L Mason,16,5,7,2,15,8,5,5,2,2,0,0,1.57,3.6,6.5,,,,,,,,,,,
2016/17,2016-08-27,Tottenham,Liverpool,1,1,D,0,1,A,R Madley,11,13,4,3,11,17,5,5,3,5,0,0,2.38,3.4,3.0,,,,,,,,,,,
2016/17,2016-08-27,Watford,Arsenal,1,3,A,0,3,A,K Friend,14,10,6,7,18,15,3,2,6,1,0,0,5.0,3.75,1.73,,,,,,,,,,,
2016/17,2016-08-28,Man City,West Ham,3,1,H,2,0,H,A Marriner,22,9,5,2,5,10,5,4,1,3,0,0,1.25,6.0,11.0,,,,,,,,,,,
2016/17,2016-08-28,West Brom,Middlesbrough,0,0,D,0,0,D,A Taylor,13,7,2,2,12,11,5,4,1,3,0,0,2.6,3.1,2.9,,,,,,,,,,,
2016/17,2016-09-10,West Ham,Watford,2,4,A,2,2,D,M Atkinson,19,13,4,8,10,15,4,4,2,2,0,0,1.91,3.6,4.5,,,,,,,,,,,
2016/17,2016-09-10,Stoke,Tottenham,0,4,A,0,1,A,A Taylor,15,20,2,8,13,18,10,8,3,2,0,0,4.6,3.75,1.85,,,,,,,,,,,
2016/17,2016-09-10,Middlesbrough,Crystal Palace,1,2,A,1,1,D,N Swarbrick,12,12,4,4,5,9,6,6,1,2,0,0,2.3,3.2,3.6,,,,,,,,,,,
2016/17,2016-09-10,Man United,Man City,1,2,A,1,2,A,M Clattenburg,14,18,3,6,15,10,4,4,4,2,0,0,2.38,3.25,3.4,,,,,,,,,,,
2016/17,2016-09-10,Burnley,Hull,1,1,D,0,0,D,P Tierney,13,11,2,3,13,3,5,9,2,0,0,0,2.45,3.1,3.4,,,,,,,,,,,
2016/17,2016-09-10,Bournemouth,West Brom,1,0,H,0,0,D,K Friend,12,12,5,2,9,11,10,5,1,3,0,0,2.05,3.25,4.33,,,,,,,,,,,
2016/17,2016-09-10,Arsenal,Southampton,2,1,H,1,1,D,R Madley,17,11,2,5,10,8,6,1,2,5,0,0,1.57,4.2,6.5,,,,,,,,,,,
2016/17,2016-09-10,Liverpool,Leicester,4,1,H,2,1,H,C Pawson,17,12,11,3,4,8,1,7,1,2,0,0,1.7,4.0,5.5,,,,,,,,,,,
2016/17,2016-09-11,Swansea,Chelsea,2,2,D,0,1,A,A Marriner,6,28,2,7,17,8,1,11,3,4,0,0,5.75,4.0,1.67,,,,,,,,,,,
2016/17,2016-09-12,Sunderland,Everton,0,3,A,0,0,D,M Jones,11,20,2,9,11,8,5,4,1,1,0,0,3.8,3.5,2.1,,,,,,,,,,,
2016/17,2016-09-16,Chelsea,Liverpool,1,2,A,0,2,A,M Atkinson,12,13,4,5,6,13,6,4,1,1,0,0,2.25,3.5,3.4,,,,,,,,,,,
2016/17,2016-09-17,Everton,Middlesbrough,3,1,H,3,1,H,L Mason,11,7,6,0,5,15,6,3,2,1,0,0,1.67,3.8,6.0,,,,,,,,,,,
2016/17,2016-09-17,Hull,Arsenal,1,4,A,0,1,A,R East,6,24,2,9,9,12,2,4,0,2,1,0,6.0,4.2,1.6,,,,,,,,,,,
2016/17,2016-09-17,Leicester,Burnley,3,0,H,1,0,H,A Taylor,14,7,6,2,10,9,7,1,0,1,0,0,1.5,4.33,8.0,,,,,,,,,,,
2016/17,2016-09-17,Man City,Bournemouth,4,0,H,2,0,H,J Moss,20,6,12,2,8,11,5,5,1,1,1,0,1.29,6.0,12.0,,,,,,,,,,,
2016/17,2016-09-17,West Brom,West Ham,4,2,H,3,0,H,M Clattenburg,8,23,6,5,14,6,2,6,2,1,0,0,2.8,3.2,2.8,,,,,,,,,,,
2016/17,2016-09-18,Watford,Man United,3,1,H,1,0,H,M Oliver,10,15,5,2,14,19,5,7,3,4,0,0,6.0,4.2,1.62,,,,,,,,,,,
2016/17,2016-09-18,Tottenham,Sunderland,1,0,H,0,0,D,M Dean,31,6,9,2,7,16,14,1,1,5,0,1,1.33,5.5,11.0,,,,,,,,,,,
2016/17,2016-09-18,Southampton,Swansea,1,0,H,0,0,D,M Jones,19,9,6,3,14,9,7,1,1,1,0,0,1.7,3.8,5.75,,,,,,,,,,,
2016/17,2016-09-18,Crystal Palace,Stoke,4,1,H,2,0,H,C Pawson,14,11,8,4,15,9,10,5,2,1,0,0,2.0,3.5,4.2,,,,,,,,,,,
2016/17,2016-09-24,Arsenal,Chelsea,3,0,H,3,0,H,M Oliver,14,9,5,2,9,11,9,1,0,2,0,0,2.4,3.5,3.1,,,,,,,,,,,
2016/17,2016-09-24,Bournemouth,Everton,1,0,H,1,0,H,R Madley,12,13,1,2,10,14,5,3,2,2,0,0,3.6,3.5,2.15,,,,,,,,,,,
2016/17,2016-09-24,Liverpool,Hull,5,1,H,3,0,H,A Marriner,32,2,12,1,8,8,13,2,1,2,0,1,1.22,7.0,15.0,,,,,,,,,,,
2016/17,2016-09-24,Man United,Leicester,4,1,H,4,0,H,M Dean,16,10,7,3,9,12,8,6,0,2,0,0,1.73,3.9,5.25,,,,,,,,,,,
2016/17,2016-09-24,Middlesbrough,Tottenham,1,2,A,0,2,A,G Scott,6,19,2,5,14,9,2,10,2,1,0,0,3.75,3.5,2.1,,,,,,,,,,,
2016/17,2016-09-24,Stoke,West Brom,1,1,D,0,0,D,M Atkinson,12,9,2,3,9,13,6,6,3,4,0,0,2.38,3.3,3.3,,,,,,,,,,,
2016/17,2016-09-24,Sunderland,Crystal Palace,2,3,A,1,0,H,A Taylor,11,20,4,4,15,12,3,5,0,2,0,0,2.88,3.25,2.7,,,,,,,,,,,
2016/17,2016-09-24,Swansea,Man City,1,3,A,1,1,D,N Swarbrick,13,18,5,4,15,9,2,7,2,4,0,0,9.0,5.5,1.36,,,,,,,,,,,
2016/17,2016-09-25,West Ham,Southampton,0,3,A,0,1,A,J Moss,13,18,1,9,9,14,6,2,5,2,0,0,2.8,3.3,2.75,,,,,,,,,,,
2016/17,2016-09-26,Burnley,Watford,2,0,H,1,0,H,M Jones,13,12,4,3,11,15,7,6,1,3,0,0,2.9,3.2,2.7,,,,,,,,,,,
2016/17,2016-09-30,Everton,Crystal Palace,1,1,D,1,0,H,J Moss,13,10,3,2,16,11,10,9,5,4,0,0,1.73,4.0,5.0,,,,,,,,,,,
2016/17,2016-10-01,West Ham,Middlesbrough,1,1,D,0,0,D,N Swarbrick,19,9,2,3,13,12,4,5,2,3,0,0,2.25,3.4,3.5,,,,,,,,,,,
2016/17,2016-10-01,Watford,Bournemouth,2,2,D,0,1,A,M Dean,17,11,7,2,17,12,4,5,3,4,0,0,2.38,3.3,3.3,,,,,,,,,,,
2016/17,2016-10-01,Swansea,Liverpool,1,2,A,1,0,H,M Oliver,8,18,3,6,11,9,3,10,2,2,0,0,8.0,4.75,1.45,,,,,,,,,,,
2016/17,2016-10-01,Sunderland,West Brom,1,1,D,0,1,A,S Attwell,7,17,2,7,7,13,6,5,1,3,0,0,2.5,3.25,3.2,,,,,,,,,,,
2016/17,2016-10-01,Hull,Chelsea,0,2,A,0,0,D,A Taylor,8,22,3,9,13,15,5,7,2,2,0,0,7.5,4.5,1.5,,,,,,,,,,,
2016/17,2016-10-02,Burnley,Arsenal,0,1,A,0,0,D,C Pawson,10,18,1,3,2,3,2,6,0,0,0,0,9.0,5.0,1.4,,,,,,,,,,,
2016/17,2016-10-02,Leicester,Southampton,0,0,D,0,0,D,M Atkinson,9,11,1,5,9,9,3,6,1,0,0,0,2.25,3.4,3.5,,,,,,,,,,,
2016/17,2016-10-02,Man United,Stoke,1,1,D,0,0,D,R Madley,24,7,9,6,14,9,13,2,3,0,0,0,1.33,5.75,10.0,,,,,,,,,,,
2016/17,2016-10-02,Tottenham,Man City,2,0,H,2,0,H,A Marriner,13,12,7,6,20,10,4,3,2,2,0,0,3.0,3.5,2.5,,,,,,,,,,,
2016/17,2016-10-15,Arsenal,Swansea,3,2,H,2,1,H,J Moss,16,13,6,6,7,10,5,6,0,1,1,0,1.29,6.5,11.0,,,,,,,,,,,
2016/17,2016-10-15,Bournemouth,Hull,6,1,H,3,1,H,L Mason,22,11,10,4,8,14,5,4,0,3,0,0,1.85,3.5,5.0,,,,,,,,,,,
2016/17,2016-10-15,Chelsea,Leicester,3,0,H,2,0,H,A Marriner,16,5,6,0,6,12,8,5,1,1,0,0,1.57,4.5,6.0,,,,,,,,,,,
2016/17,2016-10-15,Crystal Palace,West Ham,0,1,A,0,1,A,M Atkinson,12,12,3,4,12,13,7,6,1,3,0,1,2.15,3.5,3.6,,,,,,,,,,,
2016/17,2016-10-15,Man City,Everton,1,1,D,0,0,D,M Oliver,19,3,8,2,7,9,13,1,0,2,0,0,1.5,4.75,7.0,,,,,,,,,,,
2016/17,2016-10-15,Stoke,Sunderland,2,0,H,2,0,H,M Jones,18,11,6,1,10,13,6,4,1,1,0,0,2.0,3.6,4.0,,,,,,,,,,,
2016/17,2016-10-15,West Brom,Tottenham,1,1,D,0,0,D,K Friend,8,20,4,8,14,10,5,8,2,2,0,0,5.5,3.8,1.73,,,,,,,,,,,
2016/17,2016-10-16,Southampton,Burnley,3,1,H,0,0,D,M Dean,34,6,14,1,11,10,8,4,1,2,0,0,1.4,4.8,9.5,,,,,,,,,,,
2016/17,2016-10-16,Middlesbrough,Watford,0,1,A,0,0,D,R East,10,4,3,2,15,10,4,6,4,1,0,0,2.25,3.3,3.6,,,,,,,,,,,
2016/17,2016-10-17,Liverpool,Man United,0,0,D,0,0,D,A Taylor,9,7,3,1,14,20,3,1,0,4,0,0,2.2,3.5,3.5,,,,,,,,,,,
2016/17,2016-10-22,Arsenal,Middlesbrough,0,0,D,0,0,D,M Dean,9,11,5,4,6,13,8,3,1,0,0,0,1.25,6.5,15.0,,,,,,,,,,,
2016/17,2016-10-22,Bournemouth,Tottenham,0,0,D,0,0,D,C Pawson,8,16,1,4,10,15,7,4,2,4,0,0,4.2,3.6,1.95,,,,,,,,,,,
2016/17,2016-10-22,Burnley,Everton,2,1,H,1,0,H,M Jones,9,20,3,8,16,15,2,8,2,3,0,0,6.0,3.8,1.67,,,,,,,,,,,
2016/17,2016-10-22,Hull,Stoke,0,2,A,0,1,A,K Friend,9,12,2,6,16,8,5,7,2,3,0,0,3.1,3.3,2.5,,,,,,,,,,,
2016/17,2016-10-22,Leicester,Crystal Palace,3,1,H,1,0,H,M Oliver,17,23,4,7,10,8,8,8,0,0,0,0,2.05,3.5,3.9,,,,,,,,,,,
2016/17,2016-10-22,Liverpool,West Brom,2,1,H,2,0,H,N Swarbrick,21,6,7,1,9,13,3,2,1,3,0,0,1.29,6.0,13.0,,,,,,,,,,,
2016/17,2016-10-22,Swansea,Watford,0,0,D,0,0,D,P Tierney,11,10,5,2,15,16,7,2,2,1,0,0,2.38,3.3,3.3,,,,,,,,,,,
2016/17,2016-10-22,West Ham,Sunderland,1,0,H,0,0,D,R Madley,20,10,3,2,10,13,6,2,2,5,0,0,1.67,4.0,5.75,,,,,,,,,,,
2016/17,2016-10-23,Chelsea,Man United,4,0,H,2,0,H,M Atkinson,14,16,6,5,7,17,5,7,3,2,0,0,2.15,3.4,3.8,,,,,,,,,,,
2016/17,2016-10-23,Man City,Southampton,1,1,D,0,1,A,M Clattenburg,14,6,3,2,11,10,10,3,3,3,0,0,1.5,4.5,7.5,,,,,,,,,,,
2016/17,2016-10-29,West Brom,Man City,0,4,A,0,2,A,L Mason,9,21,1,8,17,10,1,7,4,3,0,0,8.0,4.75,1.44,,,,,,,,,,,
2016/17,2016-10-29,Watford,Hull,1,0,H,0,0,D,J Moss,22,8,0,2,13,8,7,2,1,2,0,0,1.75,3.75,5.25,,,,,,,,,,,
2016/17,2016-10-29,Tottenham,Leicester,1,1,D,1,0,H,R Madley,22,6,5,1,11,20,8,1,3,4,0,0,1.62,4.2,6.0,,,,,,,,,,,
2016/17,2016-10-29,Middlesbrough,Bournemouth,2,0,H,1,0,H,S Attwell,10,15,3,3,3,5,4,7,1,1,0,0,2.5,3.2,3.2,,,,,,,,,,,
2016/17,2016-10-29,Man United,Burnley,0,0,D,0,0,D,M Clattenburg,37,7,11,1,12,9,19,1,1,3,1,0,1.2,7.0,19.0,,,,,,,,,,,
2016/17,2016-10-29,Crystal Palace,Liverpool,2,4,A,2,3,A,A Marriner,7,17,6,10,15,5,3,3,1,2,0,0,5.25,4.0,1.7,,,,,,,,,,,
2016/17,2016-10-29,Sunderland,Arsenal,1,4,A,0,1,A,M Atkinson,3,21,1,7,9,13,0,8,4,3,0,0,9.0,5.0,1.4,,,,,,,,,,,
2016/17,2016-10-30,Everton,West Ham,2,0,H,0,0,D,A Taylor,17,13,6,3,15,12,8,8,2,3,0,0,1.8,3.8,4.75,,,,,,,,,,,
2016/17,2016-10-30,Southampton,Chelsea,0,2,A,0,1,A,M Jones,9,13,1,7,13,16,7,3,0,0,0,0,3.2,3.4,2.4,,,,,,,,,,,
2016/17,2016-10-31,Stoke,Swansea,3,1,H,1,1,D,M Oliver,17,14,4,6,7,14,6,4,2,0,0,0,2.05,3.6,3.8,,,,,,,,,,,
2016/17,2016-11-05,Bournemouth,Sunderland,1,2,A,1,1,D,M Dean,22,9,7,4,14,17,12,2,3,2,0,1,1.65,4.2,5.5,,,,,,,,,,,
2016/17,2016-11-05,Burnley,Crystal Palace,3,2,H,2,0,H,A Taylor,14,16,7,5,11,12,4,7,1,2,0,0,3.3,3.3,2.38,,,,,,,,,,,
2016/17,2016-11-05,Chelsea,Everton,5,0,H,3,0,H,R Madley,21,1,9,0,5,16,4,2,0,3,0,0,1.53,4.33,7.0,,,,,,,,,,,
2016/17,2016-11-05,Man City,Middlesbrough,1,1,D,1,0,H,K Friend,25,5,7,3,7,15,8,2,1,3,0,0,1.22,7.0,15.0,,,,,,,,,,,
2016/17,2016-11-05,West Ham,Stoke,1,1,D,0,0,D,A Marriner,9,12,2,4,11,10,6,4,4,1,0,0,2.0,3.6,4.0,,,,,,,,,,,
2016/17,2016-11-06,Liverpool,Watford,6,1,H,3,0,H,M Oliver,28,11,17,8,14,10,6,3,1,2,0,0,1.29,6.0,12.0,,,,,,,,,,,
2016/17,2016-11-06,Leicester,West Brom,1,2,A,0,0,D,C Pawson,5,11,2,5,8,8,5,6,0,2,0,0,1.8,3.6,5.25,,,,,,,,,,,
2016/17,2016-11-06,Swansea,Man United,1,3,A,0,3,A,N Swarbrick,6,9,1,3,9,16,2,0,0,2,0,0,5.0,4.0,1.73,,,,,,,,,,,
2016/17,2016-11-06,Arsenal,Tottenham,1,1,D,1,0,H,M Clattenburg,15,10,2,3,11,17,7,2,1,2,0,0,1.95,3.6,4.2,,,,,,,,,,,
2016/17,2016-11-06,Hull,Southampton,2,1,H,0,1,A,G Scott,6,19,2,7,13,15,1,10,0,5,0,0,5.75,3.8,1.7,,,,,,,,,,,
2016/17,2016-11-19,Crystal Palace,Man City,1,2,A,0,1,A,R Madley,9,10,2,4,12,15,2,7,1,2,0,0,6.5,4.5,1.53,,,,,,,,,,,
2016/17,2016-11-19,Everton,Swansea,1,1,D,0,1,A,M Atkinson,14,5,6,3,13,12,10,3,4,2,0,0,1.6,4.33,6.0,,,,,,,,,,,
2016/17,2016-11-19,Man United,Arsenal,1,1,D,0,0,D,A Marriner,12,5,5,1,14,11,10,4,3,3,0,0,2.6,3.4,2.9,,,,,,,,,,,
2016/17,2016-11-19,Southampton,Liverpool,0,0,D,0,0,D,M Clattenburg,3,15,0,2,8,11,1,8,1,1,0,0,3.4,3.6,2.2,,,,,,,,,,,
2016/17,2016-11-19,Stoke,Bournemouth,0,1,A,0,1,A,R East,14,9,6,2,17,10,3,4,3,2,0,0,2.3,3.4,3.4,,,,,,,,,,,
2016/17,2016-11-19,Sunderland,Hull,3,0,H,1,0,H,L Mason,11,17,4,7,9,8,2,8,1,0,1,0,2.15,3.4,3.8,,,,,,,,,,,
2016/17,2016-11-19,Tottenham,West Ham,3,2,H,0,1,A,M Dean,14,11,6,3,13,16,4,5,3,2,0,1,1.5,4.5,7.5,,,,,,,,,,,
2016/17,2016-11-19,Watford,Leicester,2,1,H,2,1,H,N Swarbrick,10,10,3,2,12,18,4,6,2,3,0,0,2.8,3.3,2.75,,,,,,,,,,,
2016/17,2016-11-20,Middlesbrough,Chelsea,0,1,A,0,1,A,J Moss,12,13,1,3,13,10,2,3,2,3,0,0,7.0,4.0,1.57,,,,,,,,,,,
2016/17,2016-11-21,West Brom,Burnley,4,0,H,3,0,H,M Jones,16,5,6,2,12,12,4,3,0,0,0,0,1.95,3.4,4.5,,,,,,,,,,,
2016/17,2016-11-26,Swansea,Crystal Palace,5,4,H,1,1,D,K Friend,18,12,9,4,12,24,10,6,4,5,0,0,2.63,3.4,2.88,,,,,,,,,,,
2016/17,2016-11-26,Liverpool,Sunderland,2,0,H,0,0,D,A Taylor,27,6,7,1,5,9,9,4,1,3,0,0,1.17,8.5,19.0,,,,,,,,,,,
2016/17,2016-11-26,Leicester,Middlesbrough,2,2,D,1,1,D,L Mason,11,6,3,2,15,12,2,3,4,4,0,0,1.91,3.6,4.5,,,,,,,,,,,
2016/17,2016-11-26,Chelsea,Tottenham,2,1,H,1,1,D,M Oliver,9,12,5,6,13,16,3,8,2,1,0,0,1.75,3.8,5.25,,,,,,,,,,,
2016/17,2016-11-26,Burnley,Man City,1,2,A,1,1,D,A Marriner,10,21,5,5,5,15,5,8,2,3,0,0,9.0,6.0,1.33,,,,,,,,,,,
2016/17,2016-11-26,Hull,West Brom,1,1,D,0,1,A,P Tierney,10,11,4,2,7,10,2,6,3,2,0,0,3.1,3.2,2.6,,,,,,,,,,,
2016/17,2016-11-27,Arsenal,Bournemouth,3,1,H,1,1,D,M Jones,16,9,3,3,12,13,3,10,3,5,0,0,1.4,5.0,9.0,,,,,,,,,,,
2016/17,2016-11-27,Man United,West Ham,1,1,D,1,1,D,J Moss,17,6,8,2,16,16,8,4,3,1,0,0,1.45,4.75,8.0,,,,,,,,,,,
2016/17,2016-11-27,Southampton,Everton,1,0,H,1,0,H,C Pawson,17,13,7,1,11,15,5,2,0,2,0,0,2.2,3.4,3.6,,,,,,,,,,,
2016/17,2016-11-27,Watford,Stoke,0,1,A,0,1,A,R Madley,11,14,2,1,24,14,3,3,3,0,1,0,2.4,3.3,3.3,,,,,,,,,,,
2016/17,2016-12-03,West Ham,Arsenal,1,5,A,0,1,A,C Pawson,10,19,3,10,10,11,3,2,3,3,0,0,4.75,4.2,1.75,,,,,,,,,,,
2016/17,2016-12-03,West Brom,Watford,3,1,H,2,0,H,G Scott,11,17,3,5,12,8,3,4,2,1,0,1,2.2,3.3,3.75,,,,,,,,,,,
2016/17,2016-12-03,Tottenham,Swansea,5,0,H,2,0,H,J Moss,28,1,15,0,11,17,5,0,0,4,0,0,1.36,5.5,9.0,,,,,,,,,,,
2016/17,2016-12-03,Man City,Chelsea,1,3,A,1,0,H,A Taylor,14,10,5,4,14,9,9,2,2,3,2,0,2.15,3.6,3.6,,,,,,,,,,,
2016/17,2016-12-03,Stoke,Burnley,2,0,H,2,0,H,M Clattenburg,10,14,4,4,7,13,4,9,3,2,0,0,1.62,4.0,6.5,,,,,,,,,,,
2016/17,2016-12-03,Crystal Palace,Southampton,3,0,H,2,0,H,N Swarbrick,9,17,4,3,11,13,4,9,3,1,0,0,3.5,3.3,2.3,,,,,,,,,,,
2016/17,2016-12-03,Sunderland,Leicester,2,1,H,0,0,D,A Marriner,22,17,6,5,8,12,3,4,3,1,0,0,3.4,3.4,2.3,,,,,,,,,,,
2016/17,2016-12-04,Everton,Man United,1,1,D,0,1,A,M Oliver,13,10,6,2,13,11,6,3,2,3,0,0,3.6,3.5,2.15,,,,,,,,,,,
2016/17,2016-12-04,Bournemouth,Liverpool,4,3,H,0,2,A,R Madley,12,10,8,3,9,17,4,9,2,2,0,0,5.0,4.0,1.75,,,,,,,,,,,
2016/17,2016-12-05,Middlesbrough,Hull,1,0,H,0,0,D,M Dean,16,6,4,2,6,11,13,7,1,1,0,0,1.83,3.5,5.25,,,,,,,,,,,
2016/17,2016-12-10,Swansea,Sunderland,3,0,H,0,0,D,C Pawson,14,11,5,2,10,8,7,4,1,2,0,0,2.15,3.5,3.6,,,,,,,,,,,
2016/17,2016-12-10,Watford,Everton,3,2,H,1,1,D,A Taylor,11,11,6,4,11,16,2,4,2,2,0,0,3.1,3.4,2.45,,,,,,,,,,,
2016/17,2016-12-10,Leicester,Man City,4,2,H,3,0,H,M Oliver,10,19,6,4,10,7,3,11,2,1,0,0,5.25,4.0,1.7,,,,,,,,,,,
2016/17,2016-12-10,Burnley,Bournemouth,3,2,H,2,1,H,M Atkinson,16,17,7,4,14,18,4,11,2,2,0,0,3.5,3.5,2.2,,,,,,,,,,,
2016/17,2016-12-10,Hull,Crystal Palace,3,3,D,1,0,H,M Jones,15,14,6,6,16,14,4,7,2,4,0,0,3.5,3.3,2.3,,,,,,,,,,,
2016/17,2016-12-10,Arsenal,Stoke,3,1,H,1,1,D,L Mason,21,12,6,5,9,6,7,7,0,0,0,0,1.35,5.5,9.5,,,,,,,,,,,
2016/17,2016-12-11,Chelsea,West Brom,1,0,H,0,0,D,M Dean,12,6,2,1,6,10,3,1,2,4,0,0,1.25,6.25,15.0,,,,,,,,,,,
2016/17,2016-12-11,Liverpool,West Ham,2,2,D,1,2,A,M Clattenburg,18,7,3,3,7,8,11,4,2,0,0,0,1.3,6.0,11.0,,,,,,,,,,,
2016/17,2016-12-11,Man United,Tottenham,1,0,H,1,0,H,R Madley,15,12,5,4,19,17,3,8,3,3,0,0,2.2,3.4,3.6,,,,,,,,,,,
2016/17,2016-12-11,Southampton,Middlesbrough,1,0,H,0,0,D,S Attwell,14,6,3,2,14,12,4,2,4,3,0,0,1.7,3.7,6.0,,,,,,,,,,,
2016/17,2016-12-13,Bournemouth,Leicester,1,0,H,1,0,H,P Tierney,9,12,3,4,5,15,4,11,0,3,0,0,2.4,3.4,3.2,,,,,,,,,,,
2016/17,2016-12-13,Everton,Arsenal,2,1,H,1,1,D,M Clattenburg,14,9,4,3,10,10,8,3,1,1,1,0,4.2,3.75,1.91,,,,,,,,,,,
2016/17,2016-12-14,West Ham,Burnley,1,0,H,1,0,H,R Madley,20,8,7,2,12,15,6,1,0,2,0,0,1.67,4.0,5.75,,,,,,,,,,,
2016/17,2016-12-14,Tottenham,Hull,3,0,H,1,0,H,A Marriner,27,10,9,5,6,14,5,5,0,2,0,0,1.22,7.0,15.0,,,,,,,,,,,
2016/17,2016-12-14,Sunderland,Chelsea,0,1,A,0,1,A,N Swarbrick,8,19,3,6,15,10,5,5,3,2,0,0,10.0,5.75,1.33,,,,,,,,,,,
2016/17,2016-12-14,West Brom,Swansea,3,1,H,0,0,D,M Oliver,13,8,4,4,8,8,0,11,0,0,0,0,2.05,3.5,4.0,,,,,,,,,,,
2016/17,2016-12-14,Middlesbrough,Liverpool,0,3,A,0,1,A,J Moss,8,15,3,4,11,14,5,2,1,0,0,0,6.0,4.33,1.6,,,,,,,,,,,
2016/17,2016-12-14,Man City,Watford,2,0,H,1,0,H,K Friend,13,5,7,2,16,20,5,2,1,2,0,0,1.29,6.5,11.0,,,,,,,,,,,
2016/17,2016-12-14,Crystal Palace,Man United,1,2,A,0,1,A,C Pawson,6,16,3,6,16,10,1,8,2,2,0,0,5.25,4.0,1.7,,,,,,,,,,,
2016/17,2016-12-14,Stoke,Southampton,0,0,D,0,0,D,A Taylor,5,15,3,4,9,10,3,11,1,2,1,0,3.1,3.3,2.5,,,,,,,,,,,
2016/17,2016-12-17,West Ham,Hull,1,0,H,0,0,D,L Mason,18,16,6,5,13,9,10,6,2,4,0,0,1.62,4.1,6.0,,,,,,,,,,,
2016/17,2016-12-17,Sunderland,Watford,1,0,H,0,0,D,R Madley,12,9,4,4,10,9,4,11,1,2,0,0,2.63,3.3,2.9,,,,,,,,,,,
2016/17,2016-12-17,West Brom,Man United,0,2,A,0,1,A,A Taylor,10,10,1,5,9,13,2,3,3,3,0,0,5.75,3.8,1.7,,,,,,,,,,,
2016/17,2016-12-17,Middlesbrough,Swansea,3,0,H,2,0,H,N Swarbrick,10,14,4,2,10,11,3,8,1,0,0,0,2.1,3.4,4.0,,,,,,,,,,,
2016/17,2016-12-17,Crystal Palace,Chelsea,0,1,A,0,1,A,J Moss,6,13,2,6,12,15,5,3,2,3,0,0,6.5,4.2,1.57,,,,,,,,,,,
2016/17,2016-12-17,Stoke,Leicester,2,2,D,2,0,H,C Pawson,16,14,7,8,9,12,9,9,2,6,0,1,2.6,3.4,2.9,,,,,,,,,,,
2016/17,2016-12-18,Bournemouth,Southampton,1,3,A,1,1,D,M Clattenburg,10,14,5,8,6,12,7,4,0,2,0,0,3.0,3.3,2.6,,,,,,,,,,,
2016/17,2016-12-18,Man City,Arsenal,2,1,H,0,1,A,M Atkinson,14,6,5,1,9,13,8,1,4,2,0,0,2.15,3.6,3.5,,,,,,,,,,,
2016/17,2016-12-18,Tottenham,Burnley,2,1,H,1,1,D,K Friend,30,5,9,2,10,11,11,2,1,2,0,0,1.22,7.0,15.0,,,,,,,,,,,
2016/17,2016-12-19,Everton,Liverpool,0,1,A,0,0,D,M Dean,6,11,1,4,13,9,1,6,3,1,0,0,4.2,3.6,1.95,,,,,,,,,,,
2016/17,2016-12-26,Swansea,West Ham,1,4,A,0,1,A,A Marriner,14,14,7,7,10,12,8,4,0,0,0,0,2.63,3.2,2.8,,,,,,,,,,,
2016/17,2016-12-26,Watford,Crystal Palace,1,1,D,0,1,A,M Clattenburg,9,10,3,4,18,17,7,3,2,4,0,0,2.5,3.3,2.9,,,,,,,,,,,
2016/17,2016-12-26,Leicester,Everton,0,2,A,0,0,D,S Attwell,7,8,2,3,14,7,3,4,3,0,0,0,2.5,3.3,2.9,,,,,,,,,,,
2016/17,2016-12-26,Man United,Sunderland,3,1,H,1,0,H,M Atkinson,26,7,9,4,6,9,5,5,1,1,0,0,1.22,6.5,13.0,,,,,,,,,,,
2016/17,2016-12-26,Chelsea,Bournemouth,3,0,H,1,0,H,M Jones,14,7,4,3,13,14,5,5,1,1,0,0,1.36,5.0,8.5,,,,,,,,,,,
2016/17,2016-12-26,Hull,Man City,0,3,A,0,0,D,R Madley,10,16,3,6,11,14,4,7,1,0,0,0,10.0,5.5,1.3,,,,,,,,,,,
2016/17,2016-12-26,Burnley,Middlesbrough,1,0,H,0,0,D,C Pawson,6,8,4,2,17,18,7,3,6,5,0,0,2.9,3.1,2.6,,,,,,,,,,,
2016/17,2016-12-26,Arsenal,West Brom,1,0,H,0,0,D,N Swarbrick,26,3,11,1,11,7,6,5,2,1,0,0,1.33,5.5,8.5,,,,,,,,,,,
2016/17,2016-12-27,Liverpool,Stoke,4,1,H,2,1,H,M Oliver,20,6,6,2,9,6,8,2,0,1,0,0,1.3,5.5,10.0,,,,,,,,,,,
2016/17,2016-12-28,Southampton,Tottenham,1,4,A,1,1,D,M Dean,9,17,2,5,7,16,2,10,1,4,1,0,2.8,3.25,2.6,,,,,,,,,,,
2016/17,2016-12-30,Hull,Everton,2,2,D,1,1,D,J Moss,13,20,4,7,10,13,5,5,2,2,0,0,4.33,3.5,1.95,,,,,,,,,,,
2016/17,2016-12-31,Swansea,Bournemouth,0,3,A,0,2,A,K Friend,14,11,5,6,14,9,4,3,2,0,0,0,2.9,3.4,2.6,,,,,,,,,,,
2016/17,2016-12-31,Southampton,West Brom,1,2,A,1,1,D,M Jones,10,7,1,3,13,17,8,3,1,3,1,0,1.75,3.7,5.5,,,,,,,,,,,
2016/17,2016-12-31,Man United,Middlesbrough,2,1,H,0,0,D,L Mason,32,9,12,2,9,14,12,2,1,1,0,0,1.25,6.0,16.0,,,,,,,,,,,
2016/17,2016-12-31,Leicester,West Ham,1,0,H,1,0,H,A Taylor,12,25,4,5,11,8,7,7,5,3,0,0,2.1,3.6,3.7,,,,,,,,,,,
2016/17,2016-12-31,Chelsea,Stoke,4,2,H,1,0,H,R Madley,18,5,7,2,12,10,8,3,3,2,0,0,1.25,6.5,14.0,,,,,,,,,,,
2016/17,2016-12-31,Burnley,Sunderland,4,1,H,1,0,H,G Scott,16,11,6,3,10,8,6,2,1,1,0,0,2.4,3.25,3.3,,,,,,,,,,,
2016/17,2016-12-31,Liverpool,Man City,1,0,H,1,0,H,C Pawson,5,9,1,2,12,12,4,6,2,1,0,0,2.35,3.6,3.1,,,,,,,,,,,
2016/17,2017-01-01,Arsenal,Crystal Palace,2,0,H,1,0,H,A Marriner,22,7,7,4,9,7,8,4,1,1,0,0,1.29,5.5,9.5,,,,,,,,,,,
2016/17,2017-01-01,Watford,Tottenham,1,4,A,0,3,A,M Oliver,6,19,2,6,11,6,0,3,3,0,0,0,5.5,3.75,1.62,,,,,,,,,,,
2016/17,2017-01-02,West Brom,Hull,3,1,H,0,1,A,M Clattenburg,8,17,5,6,5,4,7,9,0,0,0,0,1.75,3.7,5.5,,,,,,,,,,,
2016/17,2017-01-02,West Ham,Man United,0,2,A,0,0,D,M Dean,8,13,2,6,9,13,2,1,1,2,1,0,6.0,4.0,1.65,,,,,,,,,,,
2016/17,2017-01-02,Sunderland,Liverpool,2,2,D,1,1,D,A Taylor,10,21,5,15,10,10,2,5,2,3,0,0,11.0,5.5,1.33,,,,,,,,,,,
2016/17,2017-01-02,Everton,Southampton,3,0,H,0,0,D,K Friend,17,12,6,3,5,14,10,8,0,1,0,0,2.2,3.4,3.6,,,,,,,,,,,
2016/17,2017-01-02,Man City,Burnley,2,1,H,0,0,D,L Mason,14,11,3,3,11,11,8,8,4,3,1,0,1.17,8.5,19.0,,,,,,,,,,,
2016/17,2017-01-02,Middlesbrough,Leicester,0,0,D,0,0,D,R Madley,9,10,1,4,10,9,2,2,3,0,0,0,2.75,3.2,2.88,,,,,,,,,,,
2016/17,2017-01-03,Bournemouth,Arsenal,3,3,D,2,0,H,M Oliver,12,14,6,4,10,12,4,7,3,3,1,0,4.33,3.4,1.85,,,,,,,,,,,
2016/17,2017-01-03,Crystal Palace,Swansea,1,2,A,0,1,A,P Tierney,7,11,3,4,13,14,4,5,2,1,0,0,1.75,3.5,4.75,,,,,,,,,,,
2016/17,2017-01-03,Stoke,Watford,2,0,H,1,0,H,N Swarbrick,17,9,5,2,10,15,7,6,1,2,0,0,1.8,3.5,4.5,,,,,,,,,,,
2016/17,2017-01-04,Tottenham,Chelsea,2,0,H,1,0,H,M Atkinson,9,11,2,2,9,8,1,6,3,2,0,0,2.63,3.25,2.63,,,,,,,,,,,
2016/17,2017-01-14,Watford,Middlesbrough,0,0,D,0,0,D,J Moss,12,5,5,1,15,15,3,1,3,1,0,0,2.5,3.2,3.2,,,,,,,,,,,
2016/17,2017-01-14,Burnley,Southampton,1,0,H,0,0,D,P Tierney,9,20,3,5,14,14,2,7,1,2,0,0,3.6,3.4,2.2,,,,,,,,,,,
2016/17,2017-01-14,Hull,Bournemouth,3,1,H,1,1,D,M Atkinson,14,8,3,6,13,11,4,5,0,1,0,0,3.3,3.5,2.3,,,,,,,,,,,
2016/17,2017-01-14,Leicester,Chelsea,0,3,A,0,1,A,A Marriner,7,8,2,3,8,9,3,5,1,0,0,0,6.0,4.1,1.62,,,,,,,,,,,
2016/17,2017-01-14,Sunderland,Stoke,1,3,A,1,3,A,M Dean,14,14,3,6,16,11,5,2,3,1,0,0,3.1,3.3,2.5,,,,,,,,,,,
2016/17,2017-01-14,Swansea,Arsenal,0,4,A,0,1,A,M Jones,12,14,3,6,12,8,3,2,2,0,0,0,7.0,4.75,1.5,,,,,,,,,,,
2016/17,2017-01-14,Tottenham,West Brom,4,0,H,2,0,H,A Taylor,21,3,11,0,11,12,8,0,0,2,0,0,1.33,5.5,11.0,,,,,,,,,,,
2016/17,2017-01-14,West Ham,Crystal Palace,3,0,H,0,0,D,N Swarbrick,14,10,3,1,10,14,2,2,4,2,0,0,2.38,3.4,3.2,,,,,,,,,,,
2016/17,2017-01-15,Man United,Liverpool,1,1,D,0,1,A,M Oliver,9,13,3,4,17,13,5,7,1,3,0,0,2.15,3.4,3.75,,,,,,,,,,,
2016/17,2017-01-15,Everton,Man City,4,0,H,1,0,H,M Clattenburg,6,13,4,5,17,7,3,6,2,2,0,0,4.5,4.0,1.8,,,,,,,,,,,
2016/17,2017-01-21,Bournemouth,Watford,2,2,D,0,1,A,L Mason,15,10,5,3,6,16,9,4,1,1,0,0,1.83,3.75,4.75,,,,,,,,,,,
2016/17,2017-01-21,Crystal Palace,Everton,0,1,A,0,0,D,A Taylor,8,16,2,8,10,15,8,7,0,1,0,0,3.25,3.4,2.38,,,,,,,,,,,
2016/17,2017-01-21,Liverpool,Swansea,2,3,A,0,0,D,K Friend,16,6,5,3,7,7,6,3,1,1,0,0,1.22,7.0,15.0,,,,,,,,,,,
2016/17,2017-01-21,Man City,Tottenham,2,2,D,0,0,D,A Marriner,17,6,7,2,10,7,5,4,2,4,0,0,2.15,3.5,3.6,,,,,,,,,,,
2016/17,2017-01-21,Middlesbrough,West Ham,1,3,A,1,2,A,M Atkinson,11,13,2,5,7,14,7,5,2,1,0,0,2.5,3.2,3.25,,,,,,,,,,,
2016/17,2017-01-21,Stoke,Man United,1,1,D,1,0,H,M Clattenburg,6,25,1,8,12,13,1,7,4,0,0,0,6.0,4.2,1.6,,,,,,,,,,,
2016/17,2017-01-21,West Brom,Sunderland,2,0,H,2,0,H,C Pawson,14,9,5,3,15,12,1,4,1,1,0,0,1.7,3.8,5.75,,,,,,,,,,,
2016/17,2017-01-22,Arsenal,Burnley,2,1,H,0,0,D,J Moss,24,13,8,7,12,11,10,4,1,3,1,0,1.2,7.5,17.0,,,,,,,,,,,
2016/17,2017-01-22,Chelsea,Hull,2,0,H,1,0,H,N Swarbrick,9,9,5,4,12,10,9,7,1,3,0,0,1.18,8.0,19.0,,,,,,,,,,,
2016/17,2017-01-22,Southampton,Leicester,3,0,H,2,0,H,M Oliver,20,11,7,2,8,10,7,2,0,1,0,0,1.83,3.5,5.25,,,,,,,,,,,
2016/17,2017-01-31,Swansea,Southampton,2,1,H,1,0,H,R East,11,10,5,2,10,19,5,4,2,0,0,0,3.4,3.4,2.3,,,,,,,,,,,
2016/17,2017-01-31,Sunderland,Tottenham,0,0,D,0,0,D,L Mason,3,14,1,3,9,13,2,12,2,1,0,0,9.5,5.25,1.36,,,,,,,,,,,
2016/17,2017-01-31,Liverpool,Chelsea,1,1,D,0,1,A,M Clattenburg,7,8,3,2,13,8,3,3,2,1,0,0,2.65,3.25,2.9,,,,,,,,,,,
2016/17,2017-01-31,Middlesbrough,West Brom,1,1,D,1,1,D,S Attwell,11,16,3,5,12,13,4,2,2,1,0,0,2.7,3.1,3.0,,,,,,,,,,,
2016/17,2017-01-31,Bournemouth,Crystal Palace,0,2,A,0,0,D,J Moss,10,11,2,4,14,23,2,3,0,4,0,0,2.05,3.5,3.9,,,,,,,,,,,
2016/17,2017-01-31,Arsenal,Watford,1,2,A,0,2,A,A Marriner,20,10,5,6,12,15,9,5,3,3,0,0,1.22,7.0,15.0,,,,,,,,,,,
2016/17,2017-01-31,Burnley,Leicester,1,0,H,0,0,D,M Dean,24,13,3,5,4,8,10,2,1,0,0,0,2.9,3.25,2.7,,,,,,,,,,,
2016/17,2017-02-01,Man United,Hull,0,0,D,0,0,D,M Jones,15,6,6,2,20,16,7,1,1,4,0,0,1.2,7.5,17.0,,,,,,,,,,,
2016/17,2017-02-01,Stoke,Everton,1,1,D,1,1,D,C Pawson,14,14,7,5,21,12,5,5,1,0,0,0,2.88,3.4,2.63,,,,,,,,,,,
2016/17,2017-02-01,West Ham,Man City,0,4,A,0,3,A,K Friend,6,11,1,4,11,14,2,4,3,3,0,0,6.0,4.5,1.57,,,,,,,,,,,
2016/17,2017-02-04,Everton,Bournemouth,6,3,H,3,0,H,M Jones,15,18,10,8,14,4,4,8,3,1,0,0,1.7,4.0,5.25,,,,,,,,,,,
2016/17,2017-02-04,Chelsea,Arsenal,3,1,H,1,0,H,M Atkinson,13,9,6,5,14,8,10,13,1,1,0,0,1.95,3.6,4.2,,,,,,,,,,,
2016/17,2017-02-04,Crystal Palace,Sunderland,0,4,A,0,4,A,A Marriner,21,10,9,7,8,8,6,1,3,3,0,0,1.7,3.9,5.5,,,,,,,,,,,
2016/17,2017-02-04,Hull,Liverpool,2,0,H,1,0,H,L Mason,7,22,4,5,9,12,1,15,2,1,0,0,8.0,4.75,1.45,,,,,,,,,,,
2016/17,2017-02-04,Southampton,West Ham,1,3,A,1,2,A,G Scott,21,6,7,4,12,15,3,2,0,2,0,0,1.85,3.75,4.5,,,,,,,,,,,
2016/17,2017-02-04,Tottenham,Middlesbrough,1,0,H,0,0,D,M Clattenburg,17,8,5,0,8,11,11,2,0,1,0,0,1.29,6.0,13.0,,,,,,,,,,,
2016/17,2017-02-04,Watford,Burnley,2,1,H,2,0,H,M Oliver,16,11,7,7,12,10,3,6,5,0,0,1,2.15,3.3,3.9,,,,,,,,,,,
2016/17,2017-02-04,West Brom,Stoke,1,0,H,1,0,H,K Friend,16,12,4,2,6,13,5,6,2,2,0,0,2.3,3.25,3.5,,,,,,,,,,,
2016/17,2017-02-05,Man City,Swansea,2,1,H,1,0,H,M Dean,17,4,5,2,9,13,10,3,2,3,0,0,1.22,7.0,15.0,,,,,,,,,,,
2016/17,2017-02-05,Leicester,Man United,0,3,A,0,2,A,A Taylor,11,15,1,9,12,13,10,3,2,4,0,0,5.75,4.0,1.65,,,,,,,,,,,
2016/17,2017-02-11,Sunderland,Southampton,0,4,A,0,2,A,P Tierney,6,15,1,8,12,14,6,2,1,0,0,0,3.9,3.4,2.1,,,,,,,,,,,
2016/17,2017-02-11,Man United,Watford,2,0,H,1,0,H,R Madley,22,9,11,3,10,12,5,1,1,0,0,0,1.25,6.5,14.0,,,,,,,,,,,
2016/17,2017-02-11,West Ham,West Brom,2,2,D,0,1,A,M Oliver,16,8,4,3,7,14,7,5,3,2,0,0,2.25,3.3,3.6,,,,,,,,,,,
2016/17,2017-02-11,Stoke,Crystal Palace,1,0,H,0,0,D,M Atkinson,7,6,4,1,10,14,5,5,1,3,0,0,2.15,3.3,3.9,,,,,,,,,,,
2016/17,2017-02-11,Arsenal,Hull,2,0,H,1,0,H,M Clattenburg,17,9,7,4,12,9,3,8,3,1,0,1,1.29,6.0,13.0,,,,,,,,,,,
2016/17,2017-02-11,Liverpool,Tottenham,2,0,H,2,0,H,A Taylor,17,7,9,2,14,14,10,3,3,4,0,0,2.3,3.4,3.4,,,,,,,,,,,
2016/17,2017-02-11,Middlesbrough,Everton,0,0,D,0,0,D,M Dean,9,7,3,3,14,9,5,2,2,0,0,0,3.9,3.3,2.15,,,,,,,,,,,
2016/17,2017-02-12,Burnley,Chelsea,1,1,D,1,1,D,K Friend,6,13,4,2,12,11,1,1,3,2,0,0,9.0,5.0,1.4,,,,,,,,,,,
2016/17,2017-02-12,Swansea,Leicester,2,0,H,2,0,H,J Moss,10,9,4,1,7,14,7,3,2,2,0,0,2.4,3.3,3.25,,,,,,,,,,,
2016/17,2017-02-13,Bournemouth,Man City,0,2,A,0,1,A,N Swarbrick,5,17,1,5,8,11,3,7,2,3,0,0,7.5,5.0,1.44,,,,,,,,,,,
2016/17,2017-02-25,Chelsea,Swansea,3,1,H,1,1,D,N Swarbrick,16,3,5,2,11,14,8,1,1,3,0,0,1.25,6.5,15.0,,,,,,,,,,,
2016/17,2017-02-25,Crystal Palace,Middlesbrough,1,0,H,1,0,H,R Madley,15,11,3,4,13,15,4,2,3,1,0,0,2.1,3.2,4.2,,,,,,,,,,,
2016/17,2017-02-25,Everton,Sunderland,2,0,H,1,0,H,S Attwell,20,10,8,1,10,16,10,6,0,2,0,0,1.4,5.25,8.5,,,,,,,,,,,
2016/17,2017-02-25,Hull,Burnley,1,1,D,0,0,D,M Atkinson,15,10,1,3,8,13,6,3,1,1,0,1,2.15,3.3,3.9,,,,,,,,,,,
2016/17,2017-02-25,Watford,West Ham,1,1,D,1,0,H,C Pawson,9,13,1,2,18,14,4,6,4,1,0,1,2.63,3.3,2.9,,,,,,,,,,,
2016/17,2017-02-25,West Brom,Bournemouth,2,1,H,2,1,H,M Clattenburg,13,12,4,4,12,5,8,6,2,0,0,0,2.1,3.4,4.0,,,,,,,,,,,
2016/17,2017-02-26,Tottenham,Stoke,4,0,H,4,0,H,J Moss,21,5,9,3,11,14,8,5,2,3,0,0,1.44,5.0,7.5,,,,,,,,,,,
2016/17,2017-02-27,Leicester,Liverpool,3,1,H,2,0,H,M Oliver,13,17,7,7,8,5,5,12,0,0,0,0,5.5,4.2,1.65,,,,,,,,,,,
2016/17,2017-03-04,West Brom,Crystal Palace,0,2,A,0,0,D,M Jones,11,10,1,4,8,12,5,5,0,1,0,0,2.2,3.3,3.8,,,,,,,,,,,
2016/17,2017-03-04,Watford,Southampton,3,4,A,1,2,A,J Moss,16,20,4,11,16,9,6,5,3,2,0,0,3.6,3.4,2.2,,,,,,,,,,,
2016/17,2017-03-04,Swansea,Burnley,3,2,H,1,1,D,A Taylor,23,6,10,4,7,13,9,2,2,2,0,0,2.0,3.5,4.2,,,,,,,,,,,
2016/17,2017-03-04,Leicester,Hull,3,1,H,1,1,D,M Dean,17,10,5,4,12,13,10,4,1,1,0,0,1.85,3.6,4.75,,,,,,,,,,,
2016/17,2017-03-04,Man United,Bournemouth,1,1,D,1,1,D,K Friend,20,3,7,1,9,11,15,2,3,2,0,1,1.25,6.5,15.0,,,,,,,,,,,
2016/17,2017-03-04,Liverpool,Arsenal,3,1,H,2,0,H,R Madley,18,7,7,3,8,15,9,3,1,2,0,0,2.15,3.6,3.6,,,,,,,,,,,
2016/17,2017-03-04,Stoke,Middlesbrough,2,0,H,2,0,H,C Pawson,13,8,8,2,16,20,6,1,1,2,0,0,1.95,3.4,4.5,,,,,,,,,,,
2016/17,2017-03-05,Sunderland,Man City,0,2,A,0,1,A,M Atkinson,11,14,3,7,11,4,6,4,1,0,0,0,11.0,6.5,1.29,,,,,,,,,,,
2016/17,2017-03-05,Tottenham,Everton,3,2,H,1,0,H,M Oliver,20,8,7,4,9,14,7,2,1,2,0,0,1.67,4.2,5.25,,,,,,,,,,,
2016/17,2017-03-06,West Ham,Chelsea,1,2,A,0,1,A,A Marriner,11,9,2,4,8,8,6,4,0,1,0,0,6.0,4.1,1.62,,,,,,,,,,,
2016/17,2017-03-08,Man City,Stoke,0,0,D,0,0,D,N Swarbrick,12,5,1,2,8,11,8,1,1,3,0,0,1.25,6.5,15.0,,,,,,,,,,,
2016/17,2017-03-11,Hull,Swansea,2,1,H,0,0,D,A Marriner,15,11,7,3,14,5,2,7,3,1,0,0,2.55,3.3,3.0,,,,,,,,,,,
2016/17,2017-03-11,Bournemouth,West Ham,3,2,H,1,1,D,R Madley,21,15,9,7,20,15,5,6,4,2,0,0,2.6,3.5,2.8,,,,,,,,,,,
2016/17,2017-03-11,Everton,West Brom,3,0,H,2,0,H,G Scott,16,5,5,2,8,12,4,6,1,2,0,0,1.67,3.8,6.0,,,,,,,,,,,
2016/17,2017-03-12,Liverpool,Burnley,2,1,H,1,1,D,C Pawson,10,11,3,1,12,16,11,1,2,2,0,0,1.25,6.5,14.0,,,,,,,,,,,
2016/17,2017-03-18,West Brom,Arsenal,3,1,H,1,1,D,N Swarbrick,12,11,8,2,5,6,4,5,1,0,0,0,5.25,4.0,1.73,,,,,,,,,,,
2016/17,2017-03-18,West Ham,Leicester,2,3,A,1,3,A,R East,20,11,7,5,10,14,6,5,0,1,0,0,2.3,3.5,3.3,,,,,,,,,,,
2016/17,2017-03-18,Sunderland,Burnley,0,0,D,0,0,D,R Madley,14,17,5,3,14,7,3,5,2,1,0,0,2.55,3.3,3.0,,,,,,,,,,,
2016/17,2017-03-18,Bournemouth,Swansea,2,0,H,1,0,H,M Dean,12,10,6,1,10,9,2,4,0,2,0,0,2.15,3.5,3.6,,,,,,,,,,,
2016/17,2017-03-18,Everton,Hull,4,0,H,1,0,H,P Tierney,14,6,8,0,9,7,5,8,2,0,0,1,1.53,4.33,7.0,,,,,,,,,,,
2016/17,2017-03-18,Crystal Palace,Watford,1,0,H,0,0,D,M Atkinson,7,6,0,2,8,15,3,2,0,2,0,0,1.91,3.5,4.75,,,,,,,,,,,
2016/17,2017-03-18,Stoke,Chelsea,1,2,A,1,1,D,A Taylor,5,20,1,7,16,11,5,11,4,2,1,0,6.5,4.0,1.62,,,,,,,,,,,
2016/17,2017-03-19,Man City,Liverpool,1,1,D,0,0,D,M Oliver,13,13,3,4,14,7,9,8,3,3,0,0,2.0,3.75,3.8,,,,,,,,,,,
2016/17,2017-03-19,Middlesbrough,Man United,1,3,A,0,1,A,J Moss,10,14,3,6,9,8,8,3,1,1,0,0,6.0,3.7,1.7,,,,,,,,,,,
2016/17,2017-03-19,Tottenham,Southampton,2,1,H,2,0,H,A Marriner,12,8,6,3,12,13,5,1,3,3,0,0,1.73,3.8,5.5,,,,,,,,,,,
2016/17,2017-04-01,Burnley,Tottenham,0,2,A,0,0,D,S Attwell,13,19,2,7,9,6,3,7,2,0,0,0,5.75,3.8,1.7,,,,,,,,,,,
2016/17,2017-04-01,Chelsea,Crystal Palace,1,2,A,1,2,A,C Pawson,24,8,11,3,12,14,9,3,3,2,0,0,1.3,5.75,12.0,,,,,,,,,,,
2016/17,2017-04-01,Hull,West Ham,2,1,H,0,1,A,M Jones,7,12,3,4,16,9,5,5,2,2,0,0,2.45,3.4,3.1,,,,,,,,,,,
2016/17,2017-04-01,Leicester,Stoke,2,0,H,1,0,H,L Mason,23,10,10,2,7,11,10,4,1,4,0,0,2.05,3.5,4.0,,,,,,,,,,,
2016/17,2017-04-01,Liverpool,Everton,3,1,H,2,1,H,A Taylor,10,9,6,4,17,10,2,3,1,3,0,0,1.73,3.9,5.25,,,,,,,,,,,
2016/17,2017-04-01,Man United,West Brom,0,0,D,0,0,D,M Dean,18,3,3,1,15,13,6,1,3,3,0,0,1.36,5.0,11.0,,,,,,,,,,,
2016/17,2017-04-01,Southampton,Bournemouth,0,0,D,0,0,D,J Moss,14,12,4,3,14,8,6,3,1,0,0,0,1.65,4.0,6.0,,,,,,,,,,,
2016/17,2017-04-01,Watford,Sunderland,1,0,H,0,0,D,L Probert,23,11,10,3,12,8,13,9,1,3,0,0,1.85,3.6,4.75,,,,,,,,,,,
2016/17,2017-04-02,Swansea,Middlesbrough,0,0,D,0,0,D,R Madley,15,8,3,1,9,16,11,3,2,3,0,0,2.0,3.4,4.33,,,,,,,,,,,
2016/17,2017-04-02,Arsenal,Man City,2,2,D,1,2,A,A Marriner,8,14,3,5,8,15,3,8,3,2,0,0,3.1,3.75,2.3,,,,,,,,,,,
2016/17,2017-04-04,Burnley,Stoke,1,0,H,0,0,D,K Friend,7,15,3,2,9,16,3,5,3,2,0,0,2.5,3.1,3.3,,,,,,,,,,,
2016/17,2017-04-04,Leicester,Sunderland,2,0,H,0,0,D,G Scott,19,15,8,3,12,13,5,6,0,1,0,0,1.45,4.5,8.5,,,,,,,,,,,
2016/17,2017-04-04,Man United,Everton,1,1,D,0,1,A,N Swarbrick,18,11,3,4,10,18,6,5,1,4,0,1,1.57,4.2,6.5,,,,,,,,,,,
2016/17,2017-04-04,Watford,West Brom,2,0,H,1,0,H,P Tierney,9,18,2,2,11,14,5,6,1,4,1,0,2.5,3.2,3.2,,,,,,,,,,,
2016/17,2017-04-05,Arsenal,West Ham,3,0,H,0,0,D,M Atkinson,21,7,8,2,11,5,5,0,2,2,0,0,1.4,5.25,8.0,,,,,,,,,,,
2016/17,2017-04-05,Chelsea,Man City,2,1,H,2,1,H,M Dean,10,17,4,7,10,14,2,9,1,3,0,0,2.4,3.5,3.1,,,,,,,,,,,
2016/17,2017-04-05,Hull,Middlesbrough,4,2,H,3,2,H,M Oliver,17,12,5,4,13,12,8,4,2,1,0,0,2.05,3.3,4.2,,,,,,,,,,,
2016/17,2017-04-05,Liverpool,Bournemouth,2,2,D,1,1,D,L Mason,20,7,8,2,11,8,7,2,1,1,0,0,1.36,5.25,9.5,,,,,,,,,,,
2016/17,2017-04-05,Southampton,Crystal Palace,3,1,H,1,1,D,R East,25,17,9,3,16,11,11,11,2,1,0,0,1.83,3.7,4.75,,,,,,,,,,,
2016/17,2017-04-05,Swansea,Tottenham,1,3,A,1,0,H,J Moss,4,18,1,8,7,8,5,7,1,1,0,0,5.0,4.0,1.73,,,,,,,,,,,
2016/17,2017-04-08,West Ham,Swansea,1,0,H,1,0,H,K Friend,14,4,6,1,12,12,4,3,5,1,0,0,2.1,3.6,3.7,,,,,,,,,,,
2016/17,2017-04-08,Tottenham,Watford,4,0,H,3,0,H,A Taylor,19,8,6,2,12,12,7,5,0,1,0,0,1.25,6.5,15.0,,,,,,,,,,,
2016/17,2017-04-08,Stoke,Liverpool,1,2,A,1,0,H,M Dean,9,14,4,4,7,11,5,8,0,2,0,0,4.0,3.75,1.95,,,,,,,,,,,
2016/17,2017-04-08,West Brom,Southampton,0,1,A,0,1,A,C Kavanagh,17,10,6,3,12,12,7,3,2,2,0,0,3.0,3.3,2.55,,,,,,,,,,,
2016/17,2017-04-08,Man City,Hull,3,1,H,1,0,H,J Moss,23,6,7,1,6,8,7,3,0,2,0,0,1.2,7.5,17.0,,,,,,,,,,,
2016/17,2017-04-08,Bournemouth,Chelsea,1,3,A,1,2,A,A Marriner,12,15,1,5,7,11,4,4,2,3,0,0,6.5,4.0,1.6,,,,,,,,,,,
2016/17,2017-04-08,Middlesbrough,Burnley,0,0,D,0,0,D,M Atkinson,12,7,5,2,9,12,4,3,0,3,0,0,2.45,3.1,3.4,,,,,,,,,,,
2016/17,2017-04-09,Everton,Leicester,4,2,H,3,2,H,R Madley,12,6,7,4,8,15,4,6,2,2,0,0,1.75,3.9,5.0,,,,,,,,,,,
2016/17,2017-04-09,Sunderland,Man United,0,3,A,0,1,A,C Pawson,9,18,4,9,14,20,4,5,1,5,1,0,10.0,5.25,1.36,,,,,,,,,,,
2016/17,2017-04-10,Crystal Palace,Arsenal,3,0,H,1,0,H,M Oliver,17,11,6,3,11,10,5,8,0,1,0,0,4.5,3.9,1.83,,,,,,,,,,,
2016/17,2017-04-15,Watford,Swansea,1,0,H,1,0,H,L Mason,15,13,7,4,8,13,6,2,0,0,0,0,2.4,3.3,2.9,,,,,,,,,,,
2016/17,2017-04-15,Tottenham,Bournemouth,4,0,H,2,0,H,M Oliver,24,5,14,1,8,10,13,1,0,1,0,0,1.25,6.0,10.0,,,,,,,,,,,
2016/17,2017-04-15,Sunderland,West Ham,2,2,D,1,1,D,A Marriner,14,7,4,3,14,10,8,1,1,0,0,1,3.3,3.25,2.2,,,,,,,,,,,
2016/17,2017-04-15,Southampton,Man City,0,3,A,0,0,D,N Swarbrick,8,18,1,5,9,8,3,8,3,0,0,0,4.33,4.0,1.73,,,,,,,,,,,
2016/17,2017-04-15,Everton,Burnley,3,1,H,0,0,D,M Clattenburg,29,13,7,6,15,14,6,7,2,0,0,0,1.4,4.5,8.0,,,,,,,,,,,
2016/17,2017-04-15,Crystal Palace,Leicester,2,2,D,0,1,A,M Dean,15,6,4,2,10,16,8,5,0,2,0,0,1.73,3.6,4.75,,,,,,,,,,,
2016/17,2017-04-15,Stoke,Hull,3,1,H,1,0,H,S Attwell,14,14,4,3,12,5,3,7,0,2,0,0,1.95,3.3,4.0,,,,,,,,,,,
2016/17,2017-04-16,Man United,Chelsea,2,0,H,1,0,H,R Madley,9,5,3,0,16,20,1,3,3,3,0,0,2.55,3.2,2.8,,,,,,,,,,,
2016/17,2017-04-16,West Brom,Liverpool,0,1,A,0,1,A,J Moss,7,15,2,2,15,9,4,4,3,1,0,0,4.0,3.8,1.8,,,,,,,,,,,
2016/17,2017-04-17,Middlesbrough,Arsenal,1,2,A,0,1,A,A Taylor,13,12,5,4,11,16,2,4,2,2,0,0,7.0,4.0,1.5,,,,,,,,,,,
2016/17,2017-04-22,West Ham,Everton,0,0,D,0,0,D,R East,15,4,3,0,9,15,8,4,2,3,0,0,3.3,3.6,2.25,,,,,,,,,,,
2016/17,2017-04-22,Swansea,Stoke,2,0,H,1,0,H,M Oliver,10,9,6,3,5,14,11,4,2,2,0,0,2.2,3.4,3.6,,,,,,,,,,,
2016/17,2017-04-22,Bournemouth,Middlesbrough,4,0,H,2,0,H,G Scott,20,5,10,2,4,14,4,3,0,2,0,1,1.85,3.75,4.5,,,,,,,,,,,
2016/17,2017-04-22,Hull,Watford,2,0,H,0,0,D,R Madley,8,13,3,2,10,11,4,7,3,1,1,0,1.91,3.7,4.33,,,,,,,,,,,
2016/17,2017-04-23,Burnley,Man United,0,2,A,0,2,A,A Taylor,8,12,0,6,17,16,3,3,2,1,0,0,5.75,4.0,1.67,,,,,,,,,,,
2016/17,2017-04-23,Liverpool,Crystal Palace,1,2,A,1,1,D,A Marriner,14,7,1,3,8,10,4,3,1,2,0,0,1.5,4.75,7.0,,,,,,,,,,,
2016/17,2017-04-25,Chelsea,Southampton,4,2,H,2,1,H,L Mason,17,12,7,4,13,9,6,7,2,2,0,0,1.45,4.6,8.5,,,,,,,,,,,
2016/17,2017-04-26,Arsenal,Leicester,1,0,H,0,0,D,M Jones,12,7,5,3,9,13,12,1,2,4,0,0,1.6,4.5,5.75,,,,,,,,,,,
2016/17,2017-04-26,Crystal Palace,Tottenham,0,1,A,0,0,D,J Moss,6,18,1,4,13,15,2,11,3,3,0,0,5.5,4.2,1.65,,,,,,,,,,,
2016/17,2017-04-26,Middlesbrough,Sunderland,1,0,H,1,0,H,M Dean,6,10,2,4,15,11,3,5,3,3,0,0,2.3,3.4,3.4,,,,,,,,,,,
2016/17,2017-04-27,Man City,Man United,0,0,D,0,0,D,M Atkinson,19,3,6,1,10,8,7,4,1,0,0,1,1.91,3.75,4.2,,,,,,,,,,,
2016/17,2017-04-29,Crystal Palace,Burnley,0,2,A,0,1,A,R Madley,15,9,5,3,11,12,14,4,2,0,0,0,1.75,3.5,4.75,,,,,,,,,,,
2016/17,2017-04-29,Southampton,Hull,0,0,D,0,0,D,M Dean,11,9,2,1,9,13,6,6,0,3,0,0,1.6,3.75,5.75,,,,,,,,,,,
2016/17,2017-04-29,Stoke,West Ham,0,0,D,0,0,D,L Probert,19,12,4,4,12,3,5,3,1,0,0,0,2.0,3.5,3.6,,,,,,,,,,,
2016/17,2017-04-29,Sunderland,Bournemouth,0,1,A,0,0,D,S Attwell,17,15,5,7,13,9,6,5,3,2,0,0,3.0,3.4,2.3,,,,,,,,,,,
2016/17,2017-04-29,West Brom,Leicester,0,1,A,0,1,A,M Clattenburg,16,6,4,1,14,9,5,6,2,2,0,0,2.4,3.5,2.75,,,,,,,,,,,
2016/17,2017-04-30,Tottenham,Arsenal,2,0,H,0,0,D,M Oliver,20,12,11,4,7,15,14,5,1,3,0,0,1.85,3.75,4.0,,,,,,,,,,,
2016/17,2017-04-30,Middlesbrough,Man City,2,2,D,1,0,H,K Friend,14,22,6,4,9,9,4,11,4,4,0,0,13.0,5.25,1.25,,,,,,,,,,,
2016/17,2017-04-30,Everton,Chelsea,0,3,A,0,0,D,J Moss,12,11,4,5,13,11,2,4,3,4,0,0,3.5,3.6,2.0,,,,,,,,,,,
2016/17,2017-04-30,Man United,Swansea,1,1,D,1,0,H,N Swarbrick,12,12,6,4,11,13,5,2,2,2,0,0,1.36,4.75,8.0,,,,,,,,,,,
2016/17,2017-05-01,Watford,Liverpool,0,1,A,0,1,A,C Pawson,9,12,2,8,11,9,3,5,3,1,0,0,5.75,4.5,1.5,,,,,,,,,,,
2016/17,2017-05-05,West Ham,Tottenham,1,0,H,0,0,D,A Taylor,13,11,5,5,8,9,3,7,4,2,0,0,8.5,5.25,1.4,,,,,,,,,,,
2016/17,2017-05-06,Man City,Crystal Palace,5,0,H,1,0,H,M Oliver,26,5,12,2,12,8,9,3,1,3,0,0,1.29,6.5,11.0,,,,,,,,,,,
2016/17,2017-05-06,Leicester,Watford,3,0,H,1,0,H,R East,11,14,5,7,8,10,10,1,0,0,0,0,1.57,4.2,6.5,,,,,,,,,,,
2016/17,2017-05-06,Swansea,Everton,1,0,H,1,0,H,M Atkinson,9,8,4,2,5,13,9,5,0,0,0,0,2.8,3.5,2.63,,,,,,,,,,,
2016/17,2017-05-06,Burnley,West Brom,2,2,D,0,0,D,M Jones,14,11,4,3,9,14,5,8,1,3,0,0,2.25,3.3,3.6,,,,,,,,,,,
2016/17,2017-05-06,Bournemouth,Stoke,2,2,D,0,1,A,P Tierney,12,14,2,3,10,15,0,7,2,0,0,0,2.25,3.6,3.3,,,,,,,,,,,
2016/17,2017-05-06,Hull,Sunderland,0,2,A,0,0,D,N Swarbrick,16,12,6,5,10,8,7,4,3,1,0,0,1.44,4.75,8.0,,,,,,,,,,,
2016/17,2017-05-07,Arsenal,Man United,2,0,H,0,0,D,A Marriner,9,10,4,4,14,10,5,9,1,0,0,0,1.91,3.7,4.33,,,,,,,,,,,
2016/17,2017-05-07,Liverpool,Southampton,0,0,D,0,0,D,R Madley,17,4,8,0,9,4,3,6,1,3,0,0,1.62,4.2,6.0,,,,,,,,,,,
2016/17,2017-05-08,Chelsea,Middlesbrough,3,0,H,2,0,H,C Pawson,21,2,7,1,8,21,8,1,0,2,0,0,1.17,9.0,19.0,,,,,,,,,,,
2016/17,2017-05-10,Southampton,Arsenal,0,2,A,0,0,D,J Moss,14,11,3,4,5,5,8,5,1,2,0,0,3.6,3.8,2.05,,,,,,,,,,,
2016/17,2017-05-12,Everton,Watford,1,0,H,0,0,D,K Friend,15,14,6,2,7,11,9,8,0,3,0,0,1.5,4.5,7.5,,,,,,,,,,,
2016/17,2017-05-12,West Brom,Chelsea,0,1,A,0,0,D,M Oliver,7,24,2,5,13,8,5,8,3,0,0,0,10.0,5.25,1.36,,,,,,,,,,,
2016/17,2017-05-13,Stoke,Arsenal,1,4,A,0,1,A,M Dean,10,10,4,6,13,7,7,6,1,2,0,0,4.75,4.1,1.75,,,,,,,,,,,
2016/17,2017-05-13,Sunderland,Swansea,0,2,A,0,2,A,A Marriner,13,3,4,3,13,6,8,4,4,0,0,0,4.2,3.8,1.91,,,,,,,,,,,
2016/17,2017-05-13,Man City,Leicester,2,1,H,2,1,H,R Madley,17,9,5,4,12,16,9,3,3,3,0,0,1.25,7.0,12.0,,,,,,,,,,,
2016/17,2017-05-13,Bournemouth,Burnley,2,1,H,1,0,H,L Probert,18,14,6,3,6,11,7,1,0,1,0,0,1.91,3.75,4.2,,,,,,,,,,,
2016/17,2017-05-13,Middlesbrough,Southampton,1,2,A,0,1,A,A Taylor,14,14,3,4,19,11,6,3,3,0,0,0,4.0,3.6,2.0,,,,,,,,,,,
2016/17,2017-05-14,Crystal Palace,Hull,4,0,H,2,0,H,M Atkinson,12,9,4,0,13,14,3,7,3,5,0,0,2.1,3.6,3.75,,,,,,,,,,,
2016/17,2017-05-14,Tottenham,Man United,2,1,H,1,0,H,J Moss,14,8,7,2,14,15,8,3,1,2,0,0,1.73,3.9,5.25,,,,,,,,,,,
2016/17,2017-05-14,West Ham,Liverpool,0,4,A,0,1,A,N Swarbrick,10,26,3,11,5,10,4,6,2,0,0,0,5.25,4.0,1.7,,,,,,,,,,,
2016/17,2017-05-15,Chelsea,Watford,4,3,H,2,1,H,L Mason,24,9,9,3,7,12,8,3,2,4,0,1,1.25,6.75,13.0,,,,,,,,,,,
2016/17,2017-05-16,Arsenal,Sunderland,2,0,H,0,0,D,R East,36,6,13,2,15,10,17,3,4,2,0,0,1.09,13.0,29.0,,,,,,,,,,,
2016/17,2017-05-16,Man City,West Brom,3,1,H,2,0,H,C Pawson,21,5,10,2,8,11,7,1,1,2,0,0,1.14,9.0,23.0,,,,,,,,,,,
2016/17,2017-05-17,Southampton,Man United,0,0,D,0,0,D,M Dean,17,11,6,1,7,10,7,3,2,1,0,0,2.75,3.3,2.8,,,,,,,,,,,
2016/17,2017-05-18,Leicester,Tottenham,1,6,A,0,2,A,M Oliver,12,26,5,12,11,8,4,4,3,1,0,0,4.5,3.8,1.85,,,,,,,,,,,
2016/17,2017-05-21,Swansea,West Brom,2,1,H,0,1,A,M Dean,12,16,2,5,8,10,7,4,1,1,0,0,2.1,3.5,3.75,,,,,,,,,,,
2016/17,2017-05-21,Chelsea,Sunderland,5,1,H,1,1,D,N Swarbrick,28,7,8,3,8,15,11,1,1,1,0,0,1.14,9.0,23.0,,,,,,,,,,,
2016/17,2017-05-21,Southampton,Stoke,0,1,A,0,0,D,L Probert,14,14,6,3,12,10,4,10,2,4,0,0,1.8,3.8,4.75,,,,,,,,,,,
2016/17,2017-05-21,Watford,Man City,0,5,A,0,4,A,J Moss,6,15,3,9,12,10,4,5,1,0,0,0,11.0,6.0,1.3,,,,,,,,,,,
2016/17,2017-05-21,Man United,Crystal Palace,2,0,H,2,0,H,A Taylor,9,6,2,1,16,10,3,6,2,0,0,0,2.5,3.3,3.1,,,,,,,,,,,
2016/17,2017-05-21,Arsenal,Everton,3,1,H,2,0,H,M Oliver,17,22,9,7,10,15,4,6,2,4,1,0,1.45,5.0,7.5,,,,,,,,,,,
2016/17,2017-05-21,Leicester,Bournemouth,1,1,D,0,1,A,l Mason,21,10,5,4,11,10,9,1,4,1,0,0,2.0,3.6,4.0,,,,,,,,,,,
2016/17,2017-05-21,Hull,Tottenham,1,7,A,0,3,A,A Marriner,10,19,4,14,14,5,2,3,0,0,0,0,7.0,4.75,1.5,,,,,,,,,,,
2016/17,2017-05-21,Burnley,West Ham,1,2,A,1,1,D,R Madley,9,14,1,4,11,14,2,5,2,2,0,0,2.45,3.5,3.0,,,,,,,,,,,
2016/17,2017-05-21,Liverpool,Middlesbrough,3,0,H,1,0,H,M Atkinson,25,9,10,3,13,8,3,3,0,1,0,0,1.14,9.0,23.0,,,,,,,,,,,
2017/18,2017-08-11,Arsenal,Leicester,4,3,H,2,2,D,M Dean,27,6,10,3,9,12,9,4,0,1,0,0,1.53,4.5,6.5,,,,,,,,,,,
2017/18,2017-08-12,Watford,Liverpool,3,3,D,2,1,H,A Taylor,9,14,4,5,14,8,3,3,0,3,0,0,6.0,4.2,1.62,,,,,,,,,,,
2017/18,2017-08-12,Southampton,Swansea,0,0,D,0,0,D,M Jones,29,4,2,0,10,13,13,0,2,1,0,0,1.62,4.0,6.5,,,,,,,,,,,
2017/18,2017-08-12,Everton,Stoke,1,0,H,1,0,H,N Swarbrick,9,9,4,1,13,10,6,7,1,1,0,0,1.7,3.8,5.75,,,,,,,,,,,
2017/18,2017-08-12,West Brom,Bournemouth,1,0,H,1,0,H,R Madley,16,9,6,2,15,3,8,2,3,1,0,0,2.4,3.3,3.3,,,,,,,,,,,
2017/18,2017-08-12,Chelsea,Burnley,2,3,A,0,3,A,C Pawson,19,10,6,5,16,11,8,5,3,3,2,0,1.25,6.5,15.0,,,,,,,,,,,
2017/18,2017-08-12,Brighton,Man City,0,2,A,0,0,D,M Oliver,6,14,2,4,6,9,3,10,0,2,0,0,11.0,5.5,1.33,,,,,,,,,,,
2017/18,2017-08-12,Crystal Palace,Huddersfield,0,3,A,0,2,A,J Moss,14,8,4,6,7,19,12,9,1,3,0,0,1.83,3.6,5.0,,,,,,,,,,,
2017/18,2017-08-13,Man United,West Ham,4,0,H,1,0,H,M Atkinson,22,9,6,1,19,7,11,1,2,2,0,0,1.3,5.75,12.0,,,,,,,,,,,
2017/18,2017-08-13,Newcastle,Tottenham,0,2,A,0,0,D,A Marriner,6,18,3,6,6,10,5,7,1,2,1,0,5.5,4.0,1.7,,,,,,,,,,,
2017/18,2017-08-19,Bournemouth,Watford,0,2,A,0,0,D,R East,6,19,2,7,6,14,8,5,1,3,0,0,2.0,3.6,4.0,,,,,,,,,,,
2017/18,2017-08-19,Burnley,West Brom,0,1,A,0,0,D,M Atkinson,20,8,0,1,11,11,5,5,1,0,0,1,2.63,3.2,3.0,,,,,,,,,,,
2017/18,2017-08-19,Leicester,Brighton,2,0,H,1,0,H,L Probert,14,5,4,2,8,10,6,2,1,0,0,0,1.73,3.8,5.5,,,,,,,,,,,
2017/18,2017-08-19,Liverpool,Crystal Palace,1,0,H,0,0,D,K Friend,23,4,13,1,12,13,4,2,1,3,0,0,1.36,5.25,9.5,,,,,,,,,,,
2017/18,2017-08-19,Southampton,West Ham,3,2,H,2,1,H,L Mason,14,16,5,8,18,10,7,2,1,1,0,1,1.75,3.8,5.25,,,,,,,,,,,
2017/18,2017-08-19,Stoke,Arsenal,1,0,H,0,0,D,A Marriner,11,18,4,6,6,11,2,9,0,0,0,0,4.5,3.8,1.85,,,,,,,,,,,
2017/18,2017-08-19,Swansea,Man United,0,4,A,0,1,A,J Moss,6,17,1,8,12,11,3,5,1,1,0,0,11.0,5.0,1.36,,,,,,,,,,,
2017/18,2017-08-20,Tottenham,Chelsea,1,2,A,0,1,A,A Taylor,18,9,6,2,14,21,14,3,3,3,0,0,2.1,3.6,3.75,,,,,,,,,,,
2017/18,2017-08-20,Huddersfield,Newcastle,1,0,H,0,0,D,C Pawson,7,13,3,5,13,10,7,3,3,4,0,0,2.5,3.25,3.2,,,,,,,,,,,
2017/18,2017-08-21,Man City,Everton,1,1,D,0,1,A,R Madley,19,7,6,2,7,9,7,1,1,2,1,1,1.33,5.75,10.0,,,,,,,,,,,
2017/18,2017-08-26,Newcastle,West Ham,3,0,H,1,0,H,N Swarbrick,16,8,8,3,17,11,7,5,1,3,0,0,2.3,3.4,3.4,,,,,,,,,,,
2017/18,2017-08-26,Watford,Brighton,0,0,D,0,0,D,G Scott,8,16,0,2,7,18,3,11,0,1,1,0,1.91,3.4,4.0,,,,,,,,,,,
2017/18,2017-08-26,Man United,Leicester,2,0,H,0,0,D,M Oliver,22,11,7,4,8,7,9,3,1,2,0,0,1.33,5.5,11.0,,,,,,,,,,,
2017/18,2017-08-26,Crystal Palace,Swansea,0,2,A,0,1,A,A Marriner,16,7,3,3,9,6,1,1,4,1,0,0,1.95,3.5,4.33,,,,,,,,,,,
2017/18,2017-08-26,Huddersfield,Southampton,0,0,D,0,0,D,S Attwell,16,6,6,3,10,10,5,4,0,1,0,0,3.9,3.4,2.1,,,,,,,,,,,
2017/18,2017-08-26,Bournemouth,Man City,1,2,A,1,1,D,M Dean,9,19,3,8,13,14,2,5,5,4,0,1,11.0,6.0,1.3,,,,,,,,,,,
2017/18,2017-08-27,Chelsea,Everton,2,0,H,2,0,H,J Moss,18,7,7,0,12,7,6,3,2,2,0,0,1.45,4.5,8.5,,,,,,,,,,,
2017/18,2017-08-27,Liverpool,Arsenal,4,0,H,2,0,H,C Pawson,18,8,10,0,6,9,4,3,2,4,0,0,2.15,3.7,3.5,,,,,,,,,,,
2017/18,2017-08-27,Tottenham,Burnley,1,1,D,0,0,D,L Mason,28,13,5,3,9,9,10,7,0,0,0,0,1.25,6.5,15.0,,,,,,,,,,,
2017/18,2017-08-27,West Brom,Stoke,1,1,D,0,0,D,A Taylor,10,16,2,2,10,9,10,4,2,2,0,0,2.4,3.1,3.5,,,,,,,,,,,
2017/18,2017-09-09,Arsenal,Bournemouth,3,0,H,2,0,H,A Taylor,17,7,9,2,14,10,10,3,0,1,0,0,1.36,5.5,9.0,,,,,,,,,,,
2017/18,2017-09-09,Brighton,West Brom,3,1,H,1,0,H,C Kavanagh,12,12,6,3,9,4,2,6,2,0,0,0,2.7,3.1,3.0,,,,,,,,,,,
2017/18,2017-09-09,Everton,Tottenham,0,3,A,0,2,A,G Scott,12,15,1,6,14,14,7,3,3,1,0,0,3.8,3.5,2.1,,,,,,,,,,,
2017/18,2017-09-09,Leicester,Chelsea,1,2,A,0,1,A,L Mason,8,16,2,6,11,8,2,9,1,0,0,0,4.75,3.9,1.8,,,,,,,,,,,
2017/18,2017-09-09,Man City,Liverpool,5,0,H,2,0,H,J Moss,13,10,7,3,10,9,8,3,2,2,0,1,1.85,4.0,4.2,,,,,,,,,,,
2017/18,2017-09-09,Southampton,Watford,0,2,A,0,1,A,L Probert,9,12,1,3,8,11,7,4,0,0,0,0,1.65,4.0,6.0,,,,,,,,,,,
2017/18,2017-09-09,Stoke,Man United,2,2,D,1,1,D,N Swarbrick,10,18,5,8,10,10,5,11,0,0,0,0,7.5,4.5,1.5,,,,,,,,,,,
2017/18,2017-09-10,Swansea,Newcastle,0,1,A,0,0,D,M Jones,10,16,4,8,11,15,7,5,2,3,0,0,2.4,3.25,3.3,,,,,,,,,,,
2017/18,2017-09-10,Burnley,Crystal Palace,1,0,H,1,0,H,M Oliver,4,23,2,5,7,14,3,13,1,1,0,0,2.3,3.25,3.5,,,,,,,,,,,
2017/18,2017-09-11,West Ham,Huddersfield,2,0,H,0,0,D,K Friend,19,10,3,2,11,14,10,3,1,2,0,0,1.95,3.5,4.5,,,,,,,,,,,
2017/18,2017-09-15,Bournemouth,Brighton,2,1,H,0,0,D,C Pawson,15,9,3,2,5,12,6,4,0,0,0,0,2.15,3.4,3.8,,,,,,,,,,,
2017/18,2017-09-16,Crystal Palace,Southampton,0,1,A,0,1,A,R Madley,14,13,3,4,14,13,5,5,5,1,0,0,3.0,3.3,2.6,,,,,,,,,,,
2017/18,2017-09-16,Huddersfield,Leicester,1,1,D,0,0,D,J Moss,15,10,3,1,6,6,8,4,1,1,0,0,3.5,3.4,2.25,,,,,,,,,,,
2017/18,2017-09-16,Liverpool,Burnley,1,1,D,1,1,D,R East,35,5,9,4,7,9,12,2,1,2,0,0,1.29,6.0,13.0,,,,,,,,,,,
2017/18,2017-09-16,Newcastle,Stoke,2,1,H,1,0,H,S Attwell,14,13,3,4,13,11,7,5,3,1,0,0,2.38,3.25,3.4,,,,,,,,,,,
2017/18,2017-09-16,Tottenham,Swansea,0,0,D,0,0,D,M Dean,26,4,8,0,11,9,11,1,1,3,0,0,1.22,7.0,15.0,,,,,,,,,,,
2017/18,2017-09-16,Watford,Man City,0,6,A,0,3,A,A Taylor,7,28,1,10,8,6,3,11,2,0,0,0,9.0,6.0,1.33,,,,,,,,,,,
2017/18,2017-09-16,West Brom,West Ham,0,0,D,0,0,D,P Tierney,6,9,1,1,15,7,2,3,2,2,0,0,2.38,3.25,3.4,,,,,,,,,,,
2017/18,2017-09-17,Chelsea,Arsenal,0,0,D,0,0,D,M Oliver,13,11,4,2,11,15,5,1,1,3,1,0,1.8,4.0,4.5,,,,,,,,,,,
2017/18,2017-09-17,Man United,Everton,4,0,H,1,0,H,A Marriner,16,7,7,3,15,14,4,1,1,1,0,0,1.36,5.25,10.0,,,,,,,,,,,
2017/18,2017-09-23,Stoke,Chelsea,0,4,A,0,2,A,M Dean,13,7,2,4,5,14,5,0,2,2,0,0,6.0,4.1,1.62,,,,,,,,,,,
2017/18,2017-09-23,West Ham,Tottenham,2,3,A,0,2,A,M Oliver,10,15,4,5,10,20,4,3,4,2,0,1,6.0,4.33,1.6,,,,,,,,,,,
2017/18,2017-09-23,Southampton,Man United,0,1,A,0,1,A,C Pawson,14,9,4,4,12,9,8,4,1,4,0,0,5.5,3.8,1.73,,,,,,,,,,,
2017/18,2017-09-23,Swansea,Watford,1,2,A,0,1,A,L Mason,10,8,3,4,9,16,5,4,1,3,0,0,2.4,3.3,3.25,,,,,,,,,,,
2017/18,2017-09-23,Leicester,Liverpool,2,3,A,1,2,A,A Taylor,12,23,7,6,13,14,3,6,3,3,0,0,4.1,3.9,1.91,,,,,,,,,,,
2017/18,2017-09-23,Everton,Bournemouth,2,1,H,0,0,D,M Atkinson,12,8,4,4,12,11,4,6,3,1,0,0,1.65,4.0,5.75,,,,,,,,,,,
2017/18,2017-09-23,Burnley,Huddersfield,0,0,D,0,0,D,C Kavanagh,5,9,3,2,9,13,3,4,3,2,0,0,2.15,3.25,3.9,,,,,,,,,,,
2017/18,2017-09-23,Man City,Crystal Palace,5,0,H,1,0,H,N Swarbrick,25,5,9,0,6,7,8,2,3,1,0,0,1.14,10.0,21.0,,,,,,,,,,,
2017/18,2017-09-24,Brighton,Newcastle,1,0,H,0,0,D,A Marriner,7,17,3,5,6,8,2,8,2,1,0,0,2.8,3.1,2.9,,,,,,,,,,,
2017/18,2017-09-25,Arsenal,West Brom,2,0,H,1,0,H,R Madley,16,7,6,3,8,17,7,4,1,4,0,0,1.33,5.5,11.0,,,,,,,,,,,
2017/18,2017-09-30,West Ham,Swansea,1,0,H,0,0,D,R East,9,6,4,1,15,13,2,1,3,2,0,0,1.8,3.5,4.5,,,,,,,,,,,
2017/18,2017-09-30,West Brom,Watford,2,2,D,2,1,H,M Oliver,9,15,4,3,12,11,7,6,3,0,0,0,2.15,3.2,3.5,,,,,,,,,,,
2017/18,2017-09-30,Stoke,Southampton,2,1,H,1,0,H,M Jones,17,21,6,3,11,10,5,6,1,2,0,0,2.88,3.2,2.45,,,,,,,,,,,
2017/18,2017-09-30,Man United,Crystal Palace,4,0,H,2,0,H,M Dean,18,6,7,1,6,9,6,5,0,0,0,0,1.17,7.0,15.0,,,,,,,,,,,
2017/18,2017-09-30,Chelsea,Man City,0,1,A,0,0,D,M Atkinson,4,17,2,6,8,13,4,8,0,2,0,0,2.75,3.3,2.5,,,,,,,,,,,
2017/18,2017-09-30,Bournemouth,Leicester,0,0,D,0,0,D,G Scott,19,8,4,1,6,10,7,5,1,0,0,0,2.8,3.25,2.5,,,,,,,,,,,
2017/18,2017-09-30,Huddersfield,Tottenham,0,4,A,0,3,A,N Swarbrick,6,14,1,7,7,4,4,7,1,1,0,0,8.5,4.75,1.36,,,,,,,,,,,
2017/18,2017-10-01,Arsenal,Brighton,2,0,H,1,0,H,K Friend,25,9,12,1,7,8,6,5,0,2,0,0,1.2,6.5,13.0,,,,,,,,,,,
2017/18,2017-10-01,Everton,Burnley,0,1,A,0,1,A,J Moss,23,5,4,2,14,7,9,3,2,2,0,0,1.67,3.6,5.75,,,,,,,,,,,
2017/18,2017-10-01,Newcastle,Liverpool,1,1,D,1,1,D,C Pawson,8,17,5,2,11,6,1,5,1,1,0,0,5.0,3.8,1.67,,,,,,,,,,,
2017/18,2017-10-14,Watford,Arsenal,2,1,H,0,1,A,N Swarbrick,11,9,2,6,8,10,2,5,1,0,0,0,5.25,4.33,1.65,,,,,,,,,,,
2017/18,2017-10-14,Tottenham,Bournemouth,1,0,H,0,0,D,R Madley,18,5,6,1,9,7,9,5,1,3,0,0,1.2,8.0,15.0,,,,,,,,,,,
2017/18,2017-10-14,Swansea,Huddersfield,2,0,H,1,0,H,P Tierney,7,7,3,2,12,16,5,3,1,5,0,0,2.2,3.25,3.75,,,,,,,,,,,
2017/18,2017-10-14,Crystal Palace,Chelsea,2,1,H,2,1,H,A Marriner,14,15,5,5,7,6,5,8,2,1,0,0,9.0,5.0,1.4,,,,,,,,,,,
2017/18,2017-10-14,Liverpool,Man United,0,0,D,0,0,D,M Atkinson,19,6,5,1,7,13,7,3,0,2,0,0,2.8,3.25,2.8,,,,,,,,,,,
2017/18,2017-10-14,Burnley,West Ham,1,1,D,0,1,A,S Attwell,20,8,5,6,11,14,7,4,2,2,0,1,2.75,3.25,2.8,,,,,,,,,,,
2017/18,2017-10-14,Man City,Stoke,7,2,H,3,1,H,C Pawson,20,5,11,1,5,8,5,0,0,1,0,0,1.14,9.5,21.0,,,,,,,,,,,
2017/18,2017-10-15,Brighton,Everton,1,1,D,0,0,D,M Oliver,12,13,3,6,12,10,7,1,4,1,0,0,3.25,3.3,2.4,,,,,,,,,,,
2017/18,2017-10-15,Southampton,Newcastle,2,2,D,0,1,A,K Friend,12,19,2,5,11,12,3,8,1,2,0,0,1.91,3.6,4.5,,,,,,,,,,,
2017/18,2017-10-16,Leicester,West Brom,1,1,D,0,0,D,M Dean,11,5,3,1,13,6,4,1,2,2,0,0,2.05,3.4,4.2,,,,,,,,,,,
2017/18,2017-10-20,West Ham,Brighton,0,3,A,0,2,A,M Atkinson,16,7,2,5,5,13,10,3,1,0,0,0,1.83,3.5,5.25,,,,,,,,,,,
2017/18,2017-10-21,Swansea,Leicester,1,2,A,0,1,A,M Oliver,19,11,4,6,6,9,7,6,0,1,0,0,2.79,3.25,2.75,,,,,,,,,,,
2017/18,2017-10-21,Chelsea,Watford,4,2,H,1,1,D,J Moss,14,16,8,5,13,16,6,6,2,3,0,0,1.36,5.25,10.0,,,,,,,,,,,
2017/18,2017-10-21,Huddersfield,Man United,2,1,H,2,0,H,L Mason,5,9,3,3,10,12,4,7,4,2,0,0,11.0,5.0,1.36,,,,,,,,,,,
2017/18,2017-10-21,Man City,Burnley,3,0,H,1,0,H,R East,15,6,10,0,10,6,4,5,2,3,0,0,1.11,12.0,26.0,,,,,,,,,,,
2017/18,2017-10-21,Newcastle,Crystal Palace,1,0,H,0,0,D,S Attwell,7,10,3,0,12,14,3,5,4,2,0,0,2.0,3.5,4.2,,,,,,,,,,,
2017/18,2017-10-21,Southampton,West Brom,1,0,H,0,0,D,G Scott,20,7,6,2,10,8,8,3,0,1,0,0,1.85,3.39,5.25,,,,,,,,,,,
2017/18,2017-10-21,Stoke,Bournemouth,1,2,A,0,2,A,L Probert,10,7,2,3,17,10,8,3,0,1,0,0,2.14,3.5,3.6,,,,,,,,,,,
2017/18,2017-10-22,Tottenham,Liverpool,4,1,H,3,1,H,A Marriner,14,12,6,7,2,8,3,5,0,1,0,0,2.25,3.5,3.39,,,,,,,,,,,
2017/18,2017-10-22,Everton,Arsenal,2,5,A,1,1,D,C Pawson,8,30,3,14,14,14,0,7,1,1,1,0,3.79,3.6,2.04,,,,,,,,,,,
2017/18,2017-10-28,Arsenal,Swansea,2,1,H,0,1,A,L Mason,17,4,5,2,9,9,5,2,0,0,0,0,1.25,7.0,12.0,,,,,,,,,,,
2017/18,2017-10-28,Bournemouth,Chelsea,0,1,A,0,0,D,C Pawson,7,18,1,5,5,5,5,5,2,0,0,0,6.0,4.2,1.61,,,,,,,,,,,
2017/18,2017-10-28,Crystal Palace,West Ham,2,2,D,0,2,A,R Madley,19,6,9,2,18,15,11,2,1,2,0,0,2.39,3.29,3.29,,,,,,,,,,,
2017/18,2017-10-28,Liverpool,Huddersfield,3,0,H,0,0,D,K Friend,16,1,8,0,10,8,9,2,0,1,0,0,1.25,6.75,13.0,,,,,,,,,,,
2017/18,2017-10-28,Man United,Tottenham,1,0,H,0,0,D,J Moss,11,13,3,4,12,14,6,3,1,0,0,0,2.14,3.39,3.79,,,,,,,,,,,
2017/18,2017-10-28,Watford,Stoke,0,1,A,0,1,A,M Oliver,13,6,0,2,10,9,8,1,4,4,0,0,2.04,3.6,3.79,,,,,,,,,,,
2017/18,2017-10-28,West Brom,Man City,2,3,A,1,2,A,M Jones,6,15,4,5,10,7,1,2,2,3,0,0,11.0,6.5,1.28,,,,,,,,,,,
2017/18,2017-10-29,Brighton,Southampton,1,1,D,0,1,A,N Swarbrick,7,6,2,1,9,10,2,7,3,1,0,0,3.29,3.2,2.45,,,,,,,,,,,
2017/18,2017-10-29,Leicester,Everton,2,0,H,2,0,H,A Marriner,9,16,3,2,6,10,3,10,0,2,0,0,2.14,3.39,3.75,,,,,,,,,,,
2017/18,2017-10-30,Burnley,Newcastle,1,0,H,0,0,D,M Dean,12,12,5,5,9,10,5,3,3,0,0,0,2.89,3.2,2.7,,,,,,,,,,,
2017/18,2017-11-04,West Ham,Liverpool,1,4,A,0,2,A,N Swarbrick,6,15,1,7,9,13,2,3,3,0,0,0,5.25,4.33,1.66,,,,,,,,,,,
2017/18,2017-11-04,Stoke,Leicester,2,2,D,1,1,D,R Madley,11,14,7,4,12,8,4,10,0,0,0,0,2.7,3.29,2.87,,,,,,,,,,,
2017/18,2017-11-04,Swansea,Brighton,0,1,A,0,1,A,M Dean,12,5,2,2,13,12,8,7,2,1,0,0,2.39,3.2,3.39,,,,,,,,,,,
2017/18,2017-11-04,Newcastle,Bournemouth,0,1,A,0,0,D,P Tierney,16,16,4,6,11,12,11,9,2,2,0,0,2.0,3.5,4.2,,,,,,,,,,,
2017/18,2017-11-04,Huddersfield,West Brom,1,0,H,1,0,H,R East,7,9,3,3,8,15,3,5,1,4,1,0,2.79,3.0,3.0,,,,,,,,,,,
2017/18,2017-11-04,Southampton,Burnley,0,1,A,0,0,D,L Probert,13,5,3,1,4,4,9,1,0,0,0,0,1.66,3.75,6.5,,,,,,,,,,,
2017/18,2017-11-05,Chelsea,Man United,1,0,H,0,0,D,A Taylor,18,10,8,2,16,20,4,7,1,3,0,0,2.5,3.2,3.2,,,,,,,,,,,
2017/18,2017-11-05,Everton,Watford,3,2,H,0,0,D,G Scott,10,11,5,3,14,12,2,5,0,2,0,0,2.2,3.39,3.6,,,,,,,,,,,
2017/18,2017-11-05,Man City,Arsenal,3,1,H,1,0,H,M Oliver,9,6,5,3,15,15,5,5,1,6,0,0,1.39,5.5,7.5,,,,,,,,,,,
2017/18,2017-11-05,Tottenham,Crystal Palace,1,0,H,0,0,D,K Friend,12,11,2,3,6,7,10,9,0,2,0,0,1.28,6.0,12.0,,,,,,,,,,,
2017/18,2017-11-18,West Brom,Chelsea,0,4,A,0,3,A,J Moss,7,11,2,7,13,12,3,4,2,3,0,0,6.5,4.0,1.61,,,,,,,,,,,
2017/18,2017-11-18,Arsenal,Tottenham,2,0,H,2,0,H,M Dean,14,14,5,4,11,16,7,4,4,1,0,0,2.5,3.6,2.89,,,,,,,,,,,
2017/18,2017-11-18,Bournemouth,Huddersfield,4,0,H,2,0,H,L Probert,11,20,5,3,13,10,8,11,3,2,1,0,1.83,3.5,5.25,,,,,,,,,,,
2017/18,2017-11-18,Burnley,Swansea,2,0,H,2,0,H,M Atkinson,16,13,7,1,12,12,8,6,1,1,0,0,2.14,3.2,4.0,,,,,,,,,,,
2017/18,2017-11-18,Crystal Palace,Everton,2,2,D,2,2,D,A Taylor,16,8,7,5,9,26,9,4,2,3,0,0,2.39,3.25,3.29,,,,,,,,,,,
2017/18,2017-11-18,Leicester,Man City,0,2,A,0,1,A,G Scott,2,12,0,4,8,10,1,7,1,1,0,0,9.5,5.75,1.33,,,,,,,,,,,
2017/18,2017-11-18,Liverpool,Southampton,3,0,H,2,0,H,M Jones,21,5,8,0,15,9,10,2,1,1,0,0,1.39,5.0,9.0,,,,,,,,,,,
2017/18,2017-11-18,Man United,Newcastle,4,1,H,2,1,H,C Pawson,16,12,7,5,10,9,11,4,1,1,0,0,1.28,5.75,13.0,,,,,,,,,,,
2017/18,2017-11-19,Watford,West Ham,2,0,H,1,0,H,A Marriner,17,10,7,6,13,10,3,1,1,4,0,0,2.1,3.5,3.75,,,,,,,,,,,
2017/18,2017-11-20,Brighton,Stoke,2,2,D,1,2,A,L Mason,9,13,3,6,13,5,6,7,1,0,0,0,2.39,3.2,3.39,,,,,,,,,,,
2017/18,2017-11-24,West Ham,Leicester,1,1,D,1,1,D,M Atkinson,8,7,4,2,9,12,5,5,1,1,0,0,2.7,3.39,2.75,,,,,,,,,,,
2017/18,2017-11-25,Crystal Palace,Stoke,2,1,H,0,0,D,M Dean,10,9,5,3,9,5,5,2,1,1,0,0,2.04,3.5,4.0,,,,,,,,,,,
2017/18,2017-11-25,Liverpool,Chelsea,1,1,D,0,0,D,M Oliver,16,11,4,3,10,7,7,8,0,0,0,0,2.14,3.6,3.5,,,,,,,,,,,
2017/18,2017-11-25,Man United,Brighton,1,0,H,0,0,D,N Swarbrick,15,8,4,2,9,9,5,0,0,2,0,0,1.19,7.0,19.0,,,,,,,,,,,
2017/18,2017-11-25,Newcastle,Watford,0,3,A,0,2,A,C Kavanagh,12,12,2,4,8,13,6,3,1,2,0,0,2.2,3.5,3.5,,,,,,,,,,,
2017/18,2017-11-25,Swansea,Bournemouth,0,0,D,0,0,D,S Attwell,10,9,1,5,18,6,4,5,4,2,0,0,2.79,3.25,2.79,,,,,,,,,,,
2017/18,2017-11-25,Tottenham,West Brom,1,1,D,0,1,A,M Jones,24,5,5,2,10,13,8,0,1,4,0,0,1.25,6.0,16.0,,,,,,,,,,,
2017/18,2017-11-26,Southampton,Everton,4,1,H,1,1,D,K Friend,17,5,5,2,6,13,7,2,0,0,0,0,1.9,3.39,4.75,,,,,,,,,,,
2017/18,2017-11-26,Huddersfield,Man City,1,2,A,1,0,H,C Pawson,4,14,0,5,10,10,3,7,2,3,1,0,17.0,8.0,1.18,,,,,,,,,,,
2017/18,2017-11-26,Burnley,Arsenal,0,1,A,0,0,D,L Mason,8,17,2,2,8,14,5,5,2,0,0,0,6.5,4.5,1.53,,,,,,,,,,,
2017/18,2017-11-28,Brighton,Crystal Palace,0,0,D,0,0,D,A Marriner,10,10,4,4,13,8,10,5,2,0,0,0,2.7,3.1,3.0,,,,,,,,,,,
2017/18,2017-11-28,Leicester,Tottenham,2,1,H,2,0,H,A Taylor,7,18,4,6,7,10,4,9,1,2,0,0,5.0,3.89,1.75,,,,,,,,,,,
2017/18,2017-11-28,Watford,Man United,2,4,A,0,3,A,J Moss,12,15,3,7,12,10,5,5,2,1,0,0,5.25,3.89,1.72,,,,,,,,,,,
2017/18,2017-11-28,West Brom,Newcastle,2,2,D,1,0,H,L Probert,8,14,4,4,13,12,1,6,0,0,0,0,2.37,3.1,3.5,,,,,,,,,,,
2017/18,2017-11-29,Stoke,Liverpool,0,3,A,0,1,A,M Atkinson,10,14,1,7,8,10,5,9,1,5,0,0,6.5,4.5,1.55,,,,,,,,,,,
2017/18,2017-11-29,Man City,Southampton,2,1,H,0,0,D,P Tierney,26,7,12,2,12,11,6,5,1,1,0,0,1.19,8.0,15.0,,,,,,,,,,,
2017/18,2017-11-29,Everton,West Ham,4,0,H,2,0,H,M Oliver,8,7,5,3,16,6,2,6,2,1,0,0,2.37,3.29,3.29,,,,,,,,,,,
2017/18,2017-11-29,Arsenal,Huddersfield,5,0,H,1,0,H,G Scott,21,7,7,2,10,12,7,2,0,1,0,0,1.19,7.5,17.0,,,,,,,,,,,
2017/18,2017-11-29,Bournemouth,Burnley,1,2,A,0,1,A,R East,10,10,2,4,9,11,4,6,0,1,0,0,2.0,3.39,4.33,,,,,,,,,,,
2017/18,2017-11-29,Chelsea,Swansea,1,0,H,0,0,D,N Swarbrick,21,2,10,0,10,7,15,1,1,0,0,0,1.18,8.0,17.0,,,,,,,,,,,
2017/18,2017-12-02,Arsenal,Man United,1,3,A,0,2,A,A Marriner,33,8,15,4,11,10,12,1,3,2,0,1,2.5,3.39,3.0,,,,,,,,,,,
2017/18,2017-12-02,Brighton,Liverpool,1,5,A,0,2,A,G Scott,6,12,2,6,8,7,2,2,1,0,0,0,7.5,4.5,1.5,,,,,,,,,,,
2017/18,2017-12-02,Chelsea,Newcastle,3,1,H,2,1,H,K Friend,23,8,9,2,8,13,11,4,0,1,0,0,1.25,6.5,15.0,,,,,,,,,,,
2017/18,2017-12-02,Everton,Huddersfield,2,0,H,0,0,D,C Kavanagh,6,5,4,3,12,9,2,5,2,1,0,0,1.72,3.79,5.5,,,,,,,,,,,
2017/18,2017-12-02,Leicester,Burnley,1,0,H,1,0,H,P Tierney,16,14,3,4,3,11,10,7,0,2,0,0,1.83,3.6,5.0,,,,,,,,,,,
2017/18,2017-12-02,Stoke,Swansea,2,1,H,2,1,H,C Pawson,10,10,3,3,12,10,2,6,2,0,0,0,1.95,3.39,4.5,,,,,,,,,,,
2017/18,2017-12-02,Watford,Tottenham,1,1,D,1,1,D,M Atkinson,6,8,2,2,16,8,7,2,4,1,0,1,5.0,4.0,1.72,,,,,,,,,,,
2017/18,2017-12-02,West Brom,Crystal Palace,0,0,D,0,0,D,M Oliver,20,10,6,2,11,10,3,7,3,1,0,0,2.5,3.2,3.2,,,,,,,,,,,
2017/18,2017-12-03,Bournemouth,Southampton,1,1,D,1,0,H,J Moss,16,15,5,4,6,12,5,4,2,1,0,0,2.89,3.25,2.39,,,,,,,,,,,
2017/18,2017-12-03,Man City,West Ham,2,1,H,0,1,A,M Dean,24,7,8,4,5,7,10,4,2,2,0,0,1.08,11.0,21.0,,,,,,,,,,,
2017/18,2017-12-09,Crystal Palace,Bournemouth,2,2,D,2,2,D,K Friend,24,11,8,5,14,14,6,3,5,2,0,0,2.04,3.5,4.0,,,,,,,,,,,
2017/18,2017-12-09,Tottenham,Stoke,5,1,H,1,0,H,R East,20,4,11,3,12,9,12,6,1,0,0,0,1.28,6.5,11.0,,,,,,,,,,,
2017/18,2017-12-09,West Ham,Chelsea,1,0,H,1,0,H,A Taylor,5,19,2,2,10,10,4,3,6,1,0,0,7.5,4.5,1.5,,,,,,,,,,,
2017/18,2017-12-09,Swansea,West Brom,1,0,H,0,0,D,M Dean,18,7,3,1,8,18,6,3,2,5,0,0,2.7,3.1,3.0,,,,,,,,,,,
2017/18,2017-12-09,Burnley,Watford,1,0,H,1,0,H,L Probert,8,11,5,2,10,12,3,5,1,0,0,1,2.6,3.25,3.0,,,,,,,,,,,
2017/18,2017-12-09,Huddersfield,Brighton,2,0,H,2,0,H,S Attwell,19,7,6,2,6,10,8,1,0,0,0,0,2.7,3.1,3.0,,,,,,,,,,,
2017/18,2017-12-09,Newcastle,Leicester,2,3,A,1,1,D,N Swarbrick,10,13,4,5,10,9,6,5,2,1,0,0,2.62,3.29,2.89,,,,,,,,,,,
2017/18,2017-12-10,Liverpool,Everton,1,1,D,1,0,H,C Pawson,23,3,3,2,8,11,12,1,1,3,0,0,1.3,6.0,11.0,,,,,,,,,,,
2017/18,2017-12-10,Man United,Man City,1,2,A,1,1,D,M Oliver,8,14,5,7,16,10,2,8,4,2,0,0,3.39,3.5,2.25,,,,,,,,,,,
2017/18,2017-12-10,Southampton,Arsenal,1,1,D,1,0,H,R Madley,6,11,3,6,12,10,4,5,2,2,0,0,4.0,3.75,1.95,,,,,,,,,,,
2017/18,2017-12-12,Burnley,Stoke,1,0,H,0,0,D,M Jones,10,14,2,7,6,14,6,4,0,0,0,0,2.29,3.2,3.6,,,,,,,,,,,
2017/18,2017-12-12,Crystal Palace,Watford,2,1,H,0,1,A,L Mason,14,7,4,2,14,18,4,6,2,1,0,1,2.29,3.5,3.25,,,,,,,,,,,
2017/18,2017-12-12,Huddersfield,Chelsea,1,3,A,0,2,A,A Marriner,7,12,2,5,11,4,1,3,0,0,0,0,9.0,4.5,1.44,,,,,,,,,,,
2017/18,2017-12-13,Liverpool,West Brom,0,0,D,0,0,D,P Tierney,14,6,5,1,16,6,5,7,1,0,0,0,1.22,7.0,15.0,,,,,,,,,,,
2017/18,2017-12-13,Man United,Bournemouth,1,0,H,1,0,H,G Scott,9,14,2,7,14,12,4,9,1,2,0,0,1.28,6.0,12.0,,,,,,,,,,,
2017/18,2017-12-13,Newcastle,Everton,0,1,A,0,1,A,M Atkinson,16,7,4,4,10,11,4,1,1,2,1,0,2.39,3.29,3.25,,,,,,,,,,,
2017/18,2017-12-13,Southampton,Leicester,1,4,A,0,3,A,C Kavanagh,12,16,4,11,13,9,9,9,1,0,0,0,2.1,3.39,3.89,,,,,,,,,,,
2017/18,2017-12-13,Swansea,Man City,0,4,A,0,2,A,A Taylor,7,23,3,10,12,6,2,5,0,0,0,0,15.0,6.5,1.25,,,,,,,,,,,
2017/18,2017-12-13,Tottenham,Brighton,2,0,H,1,0,H,R Madley,25,7,8,4,5,10,10,2,1,1,0,0,1.25,6.5,15.0,,,,,,,,,,,
2017/18,2017-12-13,West Ham,Arsenal,0,0,D,0,0,D,J Moss,6,22,0,3,9,9,1,7,1,0,0,0,5.25,4.2,1.66,,,,,,,,,,,
2017/18,2017-12-16,Watford,Huddersfield,1,4,A,0,2,A,M Oliver,13,15,3,9,12,17,8,7,2,1,1,1,1.8,3.75,5.0,,,,,,,,,,,
2017/18,2017-12-16,Stoke,West Ham,0,3,A,0,1,A,G Scott,17,14,0,7,12,13,7,9,2,1,0,0,2.29,3.29,3.5,,,,,,,,,,,
2017/18,2017-12-16,Man City,Tottenham,4,1,H,1,0,H,C Pawson,20,7,11,2,13,20,5,1,2,4,0,0,1.55,4.59,6.0,,,,,,,,,,,
2017/18,2017-12-16,Arsenal,Newcastle,1,0,H,1,0,H,S Attwell,23,10,5,2,13,9,7,5,2,1,0,0,1.25,6.5,14.0,,,,,,,,,,,
2017/18,2017-12-16,Chelsea,Southampton,1,0,H,1,0,H,R East,24,6,8,2,8,16,8,4,1,3,0,0,1.39,5.0,9.0,,,,,,,,,,,
2017/18,2017-12-16,Brighton,Burnley,0,0,D,0,0,D,C Kavanagh,12,11,2,6,13,13,8,2,4,2,0,0,2.62,3.0,3.2,,,,,,,,,,,
2017/18,2017-12-16,Leicester,Crystal Palace,0,3,A,0,2,A,M Atkinson,11,13,2,6,12,13,6,4,2,2,1,0,1.89,3.6,4.5,,,,,,,,,,,
2017/18,2017-12-17,Bournemouth,Liverpool,0,4,A,0,3,A,A Marriner,6,21,2,7,5,10,2,3,1,1,0,0,6.5,4.5,1.53,,,,,,,,,,,
2017/18,2017-12-17,West Brom,Man United,1,2,A,0,2,A,A Taylor,12,8,5,3,14,7,6,3,1,3,0,0,6.5,4.0,1.6,,,,,,,,,,,
2017/18,2017-12-18,Everton,Swansea,3,1,H,1,1,D,J Moss,12,8,7,3,12,12,6,3,2,3,0,0,1.72,3.75,5.5,,,,,,,,,,,
2017/18,2017-12-22,Arsenal,Liverpool,3,3,D,0,1,A,M Atkinson,11,14,4,9,9,11,7,8,1,0,0,0,2.54,3.6,2.79,,,,,,,,,,,
2017/18,2017-12-23,Swansea,Crystal Palace,1,1,D,0,0,D,C Pawson,7,13,2,5,13,11,6,3,2,3,0,0,3.29,3.2,2.45,,,,,,,,,,,
2017/18,2017-12-23,West Ham,Newcastle,2,3,A,1,1,D,L Mason,19,11,6,4,9,12,6,3,1,1,0,0,2.1,3.39,3.89,,,,,,,,,,,
2017/18,2017-12-23,Stoke,West Brom,3,1,H,2,0,H,N Swarbrick,9,17,5,7,9,11,1,11,1,0,0,0,2.29,3.25,3.5,,,,,,,,,,,
2017/18,2017-12-23,Southampton,Huddersfield,1,1,D,1,0,H,L Probert,12,10,6,3,16,9,9,1,2,1,0,0,1.61,3.89,6.5,,,,,,,,,,,
2017/18,2017-12-23,Man City,Bournemouth,4,0,H,1,0,H,M Jones,14,5,5,1,8,7,4,6,0,1,0,0,1.12,11.0,23.0,,,,,,,,,,,
2017/18,2017-12-23,Leicester,Man United,2,2,D,1,1,D,J Moss,11,19,3,6,19,8,4,6,2,2,1,0,4.5,3.6,1.9,,,,,,,,,,,
2017/18,2017-12-23,Everton,Chelsea,0,0,D,0,0,D,R Madley,5,25,0,8,8,4,2,7,3,0,0,0,6.0,3.89,1.66,,,,,,,,,,,
2017/18,2017-12-23,Burnley,Tottenham,0,3,A,0,1,A,M Oliver,5,18,2,8,10,10,4,4,1,2,0,0,7.0,4.2,1.55,,,,,,,,,,,
2017/18,2017-12-23,Brighton,Watford,1,0,H,0,0,D,P Tierney,14,13,3,1,8,11,6,4,0,0,0,0,2.62,3.2,3.0,,,,,,,,,,,
2017/18,2017-12-26,West Brom,Everton,0,0,D,0,0,D,R East,17,7,3,3,14,13,10,2,2,0,0,0,2.54,3.2,3.1,,,,,,,,,,,
2017/18,2017-12-26,Watford,Leicester,2,1,H,1,1,D,C Kavanagh,11,11,1,5,7,13,8,8,3,3,0,0,2.54,3.5,2.87,,,,,,,,,,,
2017/18,2017-12-26,Tottenham,Southampton,5,2,H,2,0,H,G Scott,16,16,7,6,8,15,3,8,0,2,0,0,1.36,5.25,10.0,,,,,,,,,,,
2017/18,2017-12-26,Man United,Burnley,2,2,D,0,2,A,M Atkinson,23,3,6,2,10,14,12,2,3,7,0,0,1.25,6.5,15.0,,,,,,,,,,,
2017/18,2017-12-26,Liverpool,Swansea,5,0,H,1,0,H,K Friend,22,7,9,4,5,8,4,2,0,1,0,0,1.16,9.0,19.0,,,,,,,,,,,
2017/18,2017-12-26,Huddersfield,Stoke,1,1,D,1,0,H,A Taylor,18,15,8,7,9,12,8,5,2,4,0,0,2.5,3.2,3.2,,,,,,,,,,,
2017/18,2017-12-26,Chelsea,Brighton,2,0,H,0,0,D,M Dean,25,8,8,1,8,8,13,1,0,1,0,0,1.19,7.5,17.0,,,,,,,,,,,
2017/18,2017-12-26,Bournemouth,West Ham,3,3,D,1,1,D,S Attwell,26,10,10,5,12,14,7,4,3,4,0,0,2.79,3.29,2.75,,,,,,,,,,,
2017/18,2017-12-27,Newcastle,Man City,0,1,A,0,1,A,A Marriner,6,22,2,6,11,6,3,8,1,0,0,0,13.0,6.75,1.25,,,,,,,,,,,
2017/18,2017-12-28,Crystal Palace,Arsenal,2,3,A,0,1,A,M Oliver,16,16,2,9,12,7,5,4,0,1,0,0,4.5,4.0,1.8,,,,,,,,,,,
2017/18,2017-12-30,Watford,Swansea,1,2,A,1,0,H,M Atkinson,9,9,4,4,14,13,1,8,4,2,0,0,1.66,3.79,6.0,,,,,,,,,,,
2017/18,2017-12-30,Newcastle,Brighton,0,0,D,0,0,D,A Taylor,11,10,2,3,11,10,3,6,2,2,0,0,2.14,3.2,4.0,,,,,,,,,,,
2017/18,2017-12-30,Man United,Southampton,0,0,D,0,0,D,C Pawson,15,8,3,3,12,13,10,7,2,4,0,0,1.36,5.5,9.0,,,,,,,,,,,
2017/18,2017-12-30,Bournemouth,Everton,2,1,H,1,0,H,L Probert,19,6,7,1,8,13,4,4,0,0,0,0,2.37,3.29,3.29,,,,,,,,,,,
2017/18,2017-12-30,Huddersfield,Burnley,0,0,D,0,0,D,P Tierney,3,11,1,4,14,14,5,4,2,1,0,0,2.37,3.1,3.5,,,,,,,,,,,
2017/18,2017-12-30,Chelsea,Stoke,5,0,H,3,0,H,K Friend,21,1,12,1,5,10,7,0,1,1,0,0,1.16,8.5,19.0,,,,,,,,,,,
2017/18,2017-12-30,Liverpool,Leicester,2,1,H,0,1,A,N Swarbrick,17,7,6,1,7,3,7,1,3,2,0,0,1.3,6.0,11.0,,,,,,,,,,,
2017/18,2017-12-31,Crystal Palace,Man City,0,0,D,0,0,D,J Moss,10,15,1,4,14,11,7,8,5,4,0,0,11.0,6.5,1.28,,,,,,,,,,,
2017/18,2017-12-31,West Brom,Arsenal,1,1,D,0,0,D,M Dean,14,14,3,4,14,9,5,6,3,3,0,0,5.0,4.0,1.72,,,,,,,,,,,
2017/18,2018-01-01,Brighton,Bournemouth,2,2,D,1,1,D,M Oliver,15,26,6,8,13,9,5,12,2,1,0,0,2.37,3.2,3.39,,,,,,,,,,,
2017/18,2018-01-01,Burnley,Liverpool,1,2,A,0,0,D,R East,13,19,4,5,4,12,3,9,0,0,0,0,7.5,4.5,1.5,,,,,,,,,,,
2017/18,2018-01-01,Everton,Man United,0,2,A,0,0,D,A Marriner,12,21,0,6,11,10,6,6,2,0,0,0,5.5,3.5,1.8,,,,,,,,,,,
2017/18,2018-01-01,Leicester,Huddersfield,3,0,H,0,0,D,G Scott,11,6,5,1,7,9,4,1,1,1,0,0,1.66,3.79,6.0,,,,,,,,,,,
2017/18,2018-01-01,Stoke,Newcastle,0,1,A,0,0,D,C Kavanagh,11,14,4,6,10,11,10,5,3,1,0,0,2.29,3.29,3.5,,,,,,,,,,,
2017/18,2018-01-02,West Ham,West Brom,2,1,H,0,1,A,M Jones,13,10,5,3,12,12,3,4,3,2,0,0,1.9,3.39,4.09,,,,,,,,,,,
2017/18,2018-01-02,Swansea,Tottenham,0,2,A,0,1,A,R Madley,8,12,1,5,12,9,6,5,2,2,0,0,12.0,4.75,1.3,,,,,,,,,,,
2017/18,2018-01-02,Southampton,Crystal Palace,1,2,A,1,0,H,S Attwell,10,11,3,4,8,11,4,7,0,1,0,0,1.9,3.39,4.0,,,,,,,,,,,
2017/18,2018-01-02,Man City,Watford,3,1,H,2,0,H,L Mason,17,7,7,4,8,12,9,1,1,1,0,0,1.12,8.5,19.0,,,,,,,,,,,
2017/18,2018-01-03,Arsenal,Chelsea,2,2,D,0,0,D,A Taylor,14,19,6,6,11,11,10,8,3,2,0,0,2.6,3.39,2.6,,,,,,,,,,,
2017/18,2018-01-04,Tottenham,West Ham,1,1,D,0,0,D,M Dean,31,3,8,1,10,6,7,1,0,2,0,0,1.25,6.0,10.0,,,,,,,,,,,
2017/18,2018-01-13,West Brom,Brighton,2,0,H,1,0,H,M Atkinson,15,13,4,1,8,15,9,6,0,0,0,0,2.14,3.0,4.33,,,,,,,,,,,
2017/18,2018-01-13,Tottenham,Everton,4,0,H,1,0,H,C Pawson,20,7,10,0,11,15,3,3,0,2,0,0,1.28,6.0,13.0,,,,,,,,,,,
2017/18,2018-01-13,Newcastle,Swansea,1,1,D,0,0,D,G Scott,12,8,4,5,11,10,4,5,0,3,0,0,1.95,3.39,4.5,,,,,,,,,,,
2017/18,2018-01-13,Watford,Southampton,2,2,D,0,2,A,R East,16,10,4,4,11,13,5,4,0,5,0,0,2.5,3.39,3.0,,,,,,,,,,,
2017/18,2018-01-13,Crystal Palace,Burnley,1,0,H,1,0,H,M Oliver,17,8,2,2,16,10,3,2,0,3,0,0,2.0,3.29,4.5,,,,,,,,,,,
2017/18,2018-01-13,Chelsea,Leicester,0,0,D,0,0,D,M Jones,17,14,7,1,14,13,6,3,2,2,0,1,1.3,5.75,12.0,,,,,,,,,,,
2017/18,2018-01-13,Huddersfield,West Ham,1,4,A,1,1,D,J Moss,8,8,2,6,7,9,7,3,1,1,0,0,2.62,3.1,3.1,,,,,,,,,,,
2017/18,2018-01-14,Bournemouth,Arsenal,2,1,H,0,0,D,K Friend,13,12,5,3,8,10,4,5,2,2,0,0,4.75,4.2,1.75,,,,,,,,,,,
2017/18,2018-01-14,Liverpool,Man City,4,3,H,1,1,D,A Marriner,16,11,7,4,10,7,5,6,2,3,0,0,3.1,3.75,2.29,,,,,,,,,,,
2017/18,2018-01-15,Man United,Stoke,3,0,H,2,0,H,A Taylor,20,11,9,5,14,10,6,1,2,1,0,0,1.22,7.0,15.0,,,,,,,,,,,
2017/18,2018-01-20,Man City,Newcastle,3,1,H,1,0,H,P Tierney,21,6,9,4,5,10,18,0,0,1,0,0,1.12,10.0,26.0,,,,,,,,,,,
2017/18,2018-01-20,West Ham,Bournemouth,1,1,D,0,0,D,M Atkinson,12,8,4,3,8,7,6,3,3,1,0,0,2.0,3.6,4.0,,,,,,,,,,,
2017/18,2018-01-20,Stoke,Huddersfield,2,0,H,0,0,D,M Oliver,11,6,6,3,18,13,3,2,1,1,0,0,2.04,3.39,4.09,,,,,,,,,,,
2017/18,2018-01-20,Leicester,Watford,2,0,H,1,0,H,L Probert,9,11,5,3,11,10,4,5,0,0,0,0,1.85,3.89,4.33,,,,,,,,,,,
2017/18,2018-01-20,Brighton,Chelsea,0,4,A,0,2,A,J Moss,10,14,3,10,12,5,5,3,3,0,0,0,6.5,3.89,1.61,,,,,,,,,,,
2017/18,2018-01-20,Burnley,Man United,0,1,A,0,0,D,M Dean,13,12,2,2,7,12,5,4,3,3,0,0,7.5,3.89,1.57,,,,,,,,,,,
2017/18,2018-01-20,Arsenal,Crystal Palace,4,1,H,4,0,H,C Kavanagh,16,9,10,5,6,8,5,10,0,0,0,0,1.5,4.75,7.0,,,,,,,,,,,
2017/18,2018-01-20,Everton,West Brom,1,1,D,0,1,A,S Attwell,9,15,4,5,15,10,0,3,2,1,0,0,2.14,3.2,4.0,,,,,,,,,,,
2017/18,2018-01-21,Southampton,Tottenham,1,1,D,1,1,D,K Friend,10,17,4,2,8,15,2,9,2,3,0,0,5.75,4.09,1.64,,,,,,,,,,,
2017/18,2018-01-22,Swansea,Liverpool,1,0,H,1,0,H,N Swarbrick,3,21,2,4,5,9,3,9,0,2,0,0,12.0,5.75,1.3,,,,,,,,,,,
2017/18,2018-01-30,Huddersfield,Liverpool,0,3,A,0,2,A,K Friend,5,14,1,7,8,8,1,4,0,0,0,0,12.0,5.75,1.3,,,,,,,,,,,
2017/18,2018-01-30,Swansea,Arsenal,3,1,H,1,1,D,L Mason,12,9,4,4,4,8,4,3,0,3,0,0,7.0,4.59,1.5,,,,,,,,,,,
2017/18,2018-01-30,West Ham,Crystal Palace,1,1,D,1,1,D,N Swarbrick,8,9,3,3,11,15,5,3,1,3,0,0,3.1,3.25,2.54,,,,,,,,,,,
2017/18,2018-01-31,Southampton,Brighton,1,1,D,0,1,A,M Dean,18,9,3,2,8,10,7,2,3,1,0,0,1.75,3.5,6.0,,,,,,,,,,,
2017/18,2018-01-31,Tottenham,Man United,2,0,H,2,0,H,A Marriner,22,6,6,3,10,13,6,3,2,2,0,0,2.35,3.29,3.39,,,,,,,,,,,
2017/18,2018-01-31,Stoke,Watford,0,0,D,0,0,D,J Moss,11,12,4,2,12,12,2,6,4,3,0,0,2.25,3.5,3.39,,,,,,,,,,,
2017/18,2018-01-31,Newcastle,Burnley,1,1,D,0,0,D,S Hooper,14,11,4,2,15,15,7,4,1,2,0,0,2.2,3.2,3.89,,,,,,,,,,,
2017/18,2018-01-31,Everton,Leicester,2,1,H,2,0,H,C Kavanagh,9,8,4,1,9,10,5,5,0,2,0,0,3.0,3.2,2.62,,,,,,,,,,,
2017/18,2018-01-31,Chelsea,Bournemouth,0,3,A,0,0,D,L Probert,21,11,5,5,5,12,8,5,1,0,0,0,1.28,6.5,11.0,,,,,,,,,,,
2017/18,2018-01-31,Man City,West Brom,3,0,H,1,0,H,R Madley,19,3,10,1,10,10,9,1,1,3,0,0,1.14,10.0,21.0,,,,,,,,,,,
2017/18,2018-02-03,Arsenal,Everton,5,1,H,4,0,H,N Swarbrick,15,11,7,2,8,8,4,6,2,0,0,0,1.3,5.75,12.0,,,,,,,,,,,
2017/18,2018-02-03,Bournemouth,Stoke,2,1,H,0,1,A,P Tierney,15,13,8,4,14,19,8,1,2,3,0,0,1.9,3.7,4.33,,,,,,,,,,,
2017/18,2018-02-03,Brighton,West Ham,3,1,H,1,1,D,R East,21,4,5,1,11,7,4,1,3,1,0,0,2.35,3.0,3.7,,,,,,,,,,,
2017/18,2018-02-03,Burnley,Man City,1,1,D,0,1,A,M Atkinson,8,20,3,7,9,6,3,13,4,1,0,0,13.0,6.0,1.28,,,,,,,,,,,
2017/18,2018-02-03,Leicester,Swansea,1,1,D,1,0,H,A Taylor,13,3,5,1,9,8,3,3,1,0,0,0,1.8,3.6,5.25,,,,,,,,,,,
2017/18,2018-02-03,Man United,Huddersfield,2,0,H,0,0,D,S Attwell,16,4,7,0,5,19,5,2,2,4,0,0,1.16,8.5,19.0,,,,,,,,,,,
2017/18,2018-02-03,West Brom,Southampton,2,3,A,1,2,A,M Oliver,9,13,3,5,12,10,5,7,2,1,0,0,2.54,3.2,3.1,,,,,,,,,,,
2017/18,2018-02-04,Liverpool,Tottenham,2,2,D,1,0,H,J Moss,9,13,3,6,15,9,3,7,3,1,0,0,2.1,3.75,3.6,,,,,,,,,,,
2017/18,2018-02-04,Crystal Palace,Newcastle,1,1,D,0,1,A,A Marriner,21,11,6,8,11,8,5,6,1,1,0,0,2.04,3.39,4.2,,,,,,,,,,,
2017/18,2018-02-05,Watford,Chelsea,4,1,H,1,0,H,M Dean,21,7,8,3,11,8,6,2,2,2,0,1,6.25,4.0,1.61,,,,,,,,,,,
2017/18,2018-02-10,Everton,Crystal Palace,3,1,H,0,0,D,J Moss,11,16,5,4,14,15,8,7,1,1,0,0,2.25,3.25,3.2,,,,,,,,,,,
2017/18,2018-02-10,Man City,Leicester,5,1,H,1,1,D,M Jones,19,2,11,2,10,12,8,2,2,3,0,0,1.19,6.5,13.0,,,,,,,,,,,
2017/18,2018-02-10,Stoke,Brighton,1,1,D,0,1,A,R Madley,15,14,3,6,6,10,7,4,0,0,0,0,2.2,3.2,3.39,,,,,,,,,,,
2017/18,2018-02-10,Swansea,Burnley,1,0,H,0,0,D,A Marriner,12,13,4,1,10,9,5,2,2,1,0,0,2.37,3.0,3.25,,,,,,,,,,,
2017/18,2018-02-10,Tottenham,Arsenal,1,0,H,0,0,D,A Taylor,18,6,6,1,13,9,10,2,2,1,0,0,2.0,3.6,3.5,,,,,,,,,,,
2017/18,2018-02-10,West Ham,Watford,2,0,H,1,0,H,G Scott,8,11,4,4,11,7,8,7,1,1,0,0,2.5,3.29,2.79,,,,,,,,,,,
2017/18,2018-02-11,Huddersfield,Bournemouth,4,1,H,2,1,H,M Oliver,15,7,4,2,12,12,2,6,0,3,0,0,3.25,3.2,2.25,,,,,,,,,,,
2017/18,2018-02-11,Newcastle,Man United,1,0,H,0,0,D,C Pawson,10,13,3,6,12,15,0,10,0,2,0,0,5.5,3.75,1.61,,,,,,,,,,,
2017/18,2018-02-11,Southampton,Liverpool,0,2,A,0,2,A,M Atkinson,6,16,4,4,5,8,3,1,1,2,0,0,4.2,3.79,1.8,,,,,,,,,,,
2017/18,2018-02-12,Chelsea,West Brom,3,0,H,1,0,H,L Mason,20,8,8,1,11,11,8,7,0,2,0,0,1.36,4.75,8.0,,,,,,,,,,,
2017/18,2018-02-24,Liverpool,West Ham,4,1,H,1,0,H,S Attwell,21,7,12,4,7,7,8,2,0,2,0,0,1.22,7.5,13.0,,,,,,,,,,,
2017/18,2018-02-24,Leicester,Stoke,1,1,D,0,1,A,M Oliver,19,6,9,2,10,16,13,1,1,3,0,0,1.72,3.89,5.25,,,,,,,,,,,
2017/18,2018-02-24,Watford,Everton,1,0,H,0,0,D,A Taylor,13,7,5,2,10,9,6,5,3,1,0,0,2.25,3.39,3.5,,,,,,,,,,,
2017/18,2018-02-24,Brighton,Swansea,4,1,H,1,0,H,M Dean,16,11,5,1,17,6,3,5,1,0,0,0,2.14,3.25,4.0,,,,,,,,,,,
2017/18,2018-02-24,Bournemouth,Newcastle,2,2,D,0,2,A,R East,18,15,5,4,12,10,8,1,1,4,0,0,2.1,3.5,3.79,,,,,,,,,,,
2017/18,2018-02-24,Burnley,Southampton,1,1,D,0,0,D,R Madley,9,13,3,6,8,14,7,5,1,0,0,0,2.89,3.1,2.79,,,,,,,,,,,
2017/18,2018-02-24,West Brom,Huddersfield,1,2,A,0,0,D,J Moss,10,16,3,7,11,9,6,3,1,1,0,0,1.95,3.29,4.75,,,,,,,,,,,
2017/18,2018-02-25,Man United,Chelsea,2,1,H,1,1,D,M Atkinson,10,14,5,7,13,12,3,4,2,2,0,0,2.29,3.25,3.5,,,,,,,,,,,
2017/18,2018-02-25,Crystal Palace,Tottenham,0,1,A,0,0,D,K Friend,5,14,3,4,12,5,2,13,0,1,0,0,7.5,4.5,1.5,,,,,,,,,,,
2017/18,2018-03-01,Arsenal,Man City,0,3,A,0,3,A,A Marriner,10,9,5,5,11,11,6,1,1,1,0,0,4.5,4.0,1.72,,,,,,,,,,,
2017/18,2018-03-03,Swansea,West Ham,4,1,H,2,0,H,M Atkinson,9,7,8,2,9,14,4,5,0,3,0,0,2.6,3.25,3.0,,,,,,,,,,,
2017/18,2018-03-03,Watford,West Brom,1,0,H,0,0,D,P Tierney,15,9,4,2,11,12,4,6,2,0,0,0,2.14,3.29,3.89,,,,,,,,,,,
2017/18,2018-03-03,Southampton,Stoke,0,0,D,0,0,D,A Taylor,18,12,6,3,8,13,15,4,0,1,0,0,1.75,3.75,5.25,,,,,,,,,,,
2017/18,2018-03-03,Tottenham,Huddersfield,2,0,H,1,0,H,K Friend,15,3,7,3,6,8,8,1,1,1,0,0,1.19,7.5,17.0,,,,,,,,,,,
2017/18,2018-03-03,Leicester,Bournemouth,1,1,D,0,1,A,L Probert,23,8,4,3,11,7,13,1,2,1,0,0,1.85,3.75,4.5,,,,,,,,,,,
2017/18,2018-03-03,Burnley,Everton,2,1,H,0,1,A,C Kavanagh,21,10,8,4,9,12,10,4,1,1,0,1,2.5,3.1,3.29,,,,,,,,,,,
2017/18,2018-03-03,Liverpool,Newcastle,2,0,H,1,0,H,G Scott,14,7,3,2,7,9,8,3,0,0,0,0,1.22,7.0,15.0,,,,,,,,,,,
2017/18,2018-03-04,Brighton,Arsenal,2,1,H,2,1,H,S Attwell,13,15,6,7,13,12,6,11,3,3,0,0,4.2,3.79,1.9,,,,,,,,,,,
2017/18,2018-03-04,Man City,Chelsea,1,0,H,0,0,D,M Oliver,13,3,3,0,8,9,5,2,2,1,0,0,1.61,4.2,6.0,,,,,,,,,,,
2017/18,2018-03-05,Crystal Palace,Man United,2,3,A,1,0,H,N Swarbrick,10,17,4,8,10,8,3,7,1,3,0,0,7.0,4.0,1.57,,,,,,,,,,,
2017/18,2018-03-10,Chelsea,Crystal Palace,2,1,H,2,0,H,A Taylor,27,9,11,2,8,9,12,3,1,2,0,0,1.3,5.75,12.0,,,,,,,,,,,
2017/18,2018-03-10,Everton,Brighton,2,0,H,0,0,D,R East,13,10,3,4,10,14,10,3,0,1,0,1,2.2,3.2,3.89,,,,,,,,,,,
2017/18,2018-03-10,Huddersfield,Swansea,0,0,D,0,0,D,M Oliver,30,0,4,0,9,9,12,0,2,3,0,1,2.54,3.1,3.2,,,,,,,,,,,
2017/18,2018-03-10,Man United,Liverpool,2,1,H,2,0,H,C Pawson,5,14,2,2,10,16,1,13,2,1,0,0,2.75,3.39,2.75,,,,,,,,,,,
2017/18,2018-03-10,Newcastle,Southampton,3,0,H,2,0,H,A Marriner,7,6,5,2,10,10,2,6,0,2,0,0,2.79,3.2,2.79,,,,,,,,,,,
2017/18,2018-03-10,West Brom,Leicester,1,4,A,1,1,D,R Madley,6,14,2,6,6,7,7,6,1,3,0,0,3.0,3.25,2.6,,,,,,,,,,,
2017/18,2018-03-10,West Ham,Burnley,0,3,A,0,0,D,L Mason,13,7,4,4,13,7,5,1,2,2,0,0,2.29,3.2,3.6,,,,,,,,,,,
2017/18,2018-03-11,Arsenal,Watford,3,0,H,1,0,H,M Atkinson,11,11,7,4,12,9,4,9,2,1,0,0,1.44,5.0,7.5,,,,,,,,,,,
2017/18,2018-03-11,Bournemouth,Tottenham,1,4,A,1,1,D,M Dean,14,12,3,8,10,7,4,5,1,1,0,0,6.5,4.5,1.55,,,,,,,,,,,
2017/18,2018-03-12,Stoke,Man City,0,2,A,0,1,A,J Moss,3,17,0,6,6,8,3,10,1,0,0,0,15.0,6.5,1.25,,,,,,,,,,,
2017/18,2018-03-17,Stoke,Everton,1,2,A,0,0,D,M Atkinson,9,17,4,9,13,12,1,9,1,1,1,0,2.5,3.29,3.1,,,,,,,,,,,
2017/18,2018-03-17,Liverpool,Watford,5,0,H,2,0,H,A Taylor,13,4,10,1,5,4,6,1,1,0,0,0,1.19,8.0,15.0,,,,,,,,,,,
2017/18,2018-03-17,Bournemouth,West Brom,2,1,H,0,0,D,G Scott,17,11,5,6,6,9,3,2,1,2,0,0,1.83,3.6,5.0,,,,,,,,,,,
2017/18,2018-03-17,Huddersfield,Crystal Palace,0,2,A,0,1,A,M Dean,6,17,2,6,11,12,4,7,3,2,0,0,3.0,3.1,2.7,,,,,,,,,,,
2017/18,2018-03-31,Brighton,Leicester,0,2,A,0,0,D,C Kavanagh,15,6,3,4,11,13,6,1,2,4,0,1,2.7,3.2,2.62,,,,,,,,,,,
2017/18,2018-03-31,Crystal Palace,Liverpool,1,2,A,1,0,H,N Swarbrick,6,16,3,6,6,8,4,6,2,2,0,0,7.0,4.33,1.44,,,,,,,,,,,
2017/18,2018-03-31,Everton,Man City,1,3,A,0,3,A,P Tierney,6,18,2,4,10,8,2,11,0,0,0,0,9.0,5.0,1.33,,,,,,,,,,,
2017/18,2018-03-31,Man United,Swansea,2,0,H,2,0,H,R Madley,11,3,5,2,5,13,3,3,0,0,0,0,1.25,6.0,10.0,,,,,,,,,,,
2017/18,2018-03-31,Newcastle,Huddersfield,1,0,H,0,0,D,M Atkinson,18,4,3,0,9,10,3,3,1,4,0,0,1.75,3.39,5.0,,,,,,,,,,,
2017/18,2018-03-31,Watford,Bournemouth,2,2,D,1,1,D,A Marriner,16,13,5,6,16,6,7,4,4,0,0,0,2.29,3.29,3.1,,,,,,,,,,,
2017/18,2018-03-31,West Brom,Burnley,1,2,A,0,1,A,L Probert,8,11,3,4,12,9,1,6,1,3,0,0,2.5,3.0,3.1,,,,,,,,,,,
2017/18,2018-03-31,West Ham,Southampton,3,0,H,3,0,H,J Moss,13,9,5,0,9,16,5,9,0,3,0,0,2.7,3.25,2.6,,,,,,,,,,,
2017/18,2018-04-01,Arsenal,Stoke,3,0,H,0,0,D,C Pawson,24,8,11,2,9,13,6,5,1,2,0,0,1.28,5.5,10.0,,,,,,,,,,,
2017/18,2018-04-01,Chelsea,Tottenham,1,3,A,1,1,D,A Marriner,14,12,4,7,4,11,5,5,0,1,0,0,2.29,3.29,3.1,,,,,,,,,,,
2017/18,2018-04-07,Stoke,Tottenham,1,2,A,0,0,D,G Scott,10,15,4,4,19,8,6,3,4,3,0,0,11.0,5.5,1.33,,,,,,,,,,,
2017/18,2018-04-07,West Brom,Swansea,1,1,D,0,0,D,R East,15,7,3,1,15,5,5,1,3,2,0,0,2.37,3.2,3.39,,,,,,,,,,,
2017/18,2018-04-07,Watford,Burnley,1,2,A,0,0,D,P Tierney,14,7,5,4,18,12,11,1,2,2,0,0,2.39,3.2,3.39,,,,,,,,,,,
2017/18,2018-04-07,Man City,Man United,2,3,A,2,0,H,M Atkinson,20,5,6,4,17,9,8,4,6,3,0,0,1.89,3.79,4.2,,,,,,,,,,,
2017/18,2018-04-07,Everton,Liverpool,0,0,D,0,0,D,M Oliver,6,10,1,3,12,7,3,2,0,0,0,0,4.2,3.75,1.9,,,,,,,,,,,
2017/18,2018-04-07,Brighton,Huddersfield,1,1,D,1,1,D,A Taylor,13,14,4,5,13,7,5,3,1,0,1,0,1.85,3.5,5.0,,,,,,,,,,,
2017/18,2018-04-07,Bournemouth,Crystal Palace,2,2,D,0,0,D,J Moss,20,13,5,6,8,9,11,3,2,2,0,0,2.5,3.39,3.0,,,,,,,,,,,
2017/18,2018-04-07,Leicester,Newcastle,1,2,A,0,1,A,S Attwell,8,8,1,4,7,14,7,5,1,3,0,0,1.95,3.6,4.2,,,,,,,,,,,
2017/18,2018-04-08,Arsenal,Southampton,3,2,H,2,1,H,A Marriner,13,15,7,8,11,7,8,6,2,1,1,1,1.57,4.5,6.0,,,,,,,,,,,
2017/18,2018-04-08,Chelsea,West Ham,1,1,D,1,0,H,K Friend,23,5,6,2,7,11,10,6,0,1,0,0,1.28,6.0,12.0,,,,,,,,,,,
2017/18,2018-04-14,Burnley,Leicester,2,1,H,2,0,H,M Atkinson,8,15,3,6,9,10,4,8,2,1,0,0,2.62,3.2,3.0,,,,,,,,,,,
2017/18,2018-04-14,Crystal Palace,Brighton,3,2,H,3,2,H,A Marriner,15,12,8,3,12,16,5,6,3,2,0,0,1.9,3.5,4.75,,,,,,,,,,,
2017/18,2018-04-14,Huddersfield,Watford,1,0,H,0,0,D,C Pawson,9,4,1,2,9,8,9,6,2,2,0,0,2.62,3.25,3.0,,,,,,,,,,,
2017/18,2018-04-14,Liverpool,Bournemouth,3,0,H,1,0,H,C Kavanagh,20,6,7,1,9,9,7,5,1,1,0,0,1.25,7.0,12.0,,,,,,,,,,,
2017/18,2018-04-14,Southampton,Chelsea,2,3,A,1,0,H,M Dean,10,17,7,5,13,14,4,7,5,3,0,0,4.5,3.75,1.85,,,,,,,,,,,
2017/18,2018-04-14,Swansea,Everton,1,1,D,0,1,A,L Mason,17,12,7,3,10,11,6,3,1,1,0,0,2.54,3.25,3.1,,,,,,,,,,,
2017/18,2018-04-14,Tottenham,Man City,1,3,A,1,2,A,J Moss,8,17,3,6,11,12,5,7,3,4,0,0,2.62,3.6,2.7,,,,,,,,,,,
2017/18,2018-04-15,Newcastle,Arsenal,2,1,H,1,1,D,A Taylor,8,15,4,3,11,9,2,5,1,0,0,0,3.29,3.6,2.25,,,,,,,,,,,
2017/18,2018-04-15,Man United,West Brom,0,1,A,0,0,D,P Tierney,14,10,4,4,8,13,4,4,1,1,0,0,1.18,8.0,19.0,,,,,,,,,,,
2017/18,2018-04-16,West Ham,Stoke,1,1,D,0,0,D,M Oliver,18,11,6,7,15,21,10,1,2,3,0,0,2.0,3.6,4.0,,,,,,,,,,,
2017/18,2018-04-17,Brighton,Tottenham,1,1,D,0,0,D,K Friend,8,16,5,6,6,5,3,4,1,0,0,0,6.5,4.33,1.55,,,,,,,,,,,
2017/18,2018-04-18,Bournemouth,Man United,0,2,A,0,1,A,G Scott,13,13,2,4,9,8,8,5,3,1,0,0,5.0,3.89,1.75,,,,,,,,,,,
2017/18,2018-04-19,Burnley,Chelsea,1,2,A,0,1,A,R Madley,5,16,2,5,9,11,3,2,1,0,0,0,4.0,3.39,1.9,,,,,,,,,,,
2017/18,2018-04-19,Leicester,Southampton,0,0,D,0,0,D,R East,11,6,3,2,10,10,11,3,0,0,0,0,2.25,3.29,3.2,,,,,,,,,,,
2017/18,2018-04-21,Watford,Crystal Palace,0,0,D,0,0,D,C Kavanagh,14,6,4,1,17,13,4,3,3,5,0,0,2.89,3.39,2.54,,,,,,,,,,,
2017/18,2018-04-21,West Brom,Liverpool,2,2,D,0,1,A,S Attwell,13,9,6,3,12,5,7,4,0,1,0,0,7.5,4.5,1.5,,,,,,,,,,,
2017/18,2018-04-22,Arsenal,West Ham,4,1,H,0,0,D,L Mason,20,11,8,4,11,9,8,6,3,2,0,0,1.55,4.59,6.0,,,,,,,,,,,
2017/18,2018-04-22,Man City,Swansea,5,0,H,2,0,H,C Pawson,19,4,12,1,6,8,5,1,0,1,0,0,1.14,9.0,23.0,,,,,,,,,,,
2017/18,2018-04-22,Stoke,Burnley,1,1,D,1,0,H,M Dean,8,16,3,7,15,5,3,8,2,1,0,0,2.29,3.29,3.5,,,,,,,,,,,
2017/18,2018-04-23,Everton,Newcastle,1,0,H,0,0,D,R Madley,9,9,1,2,10,11,4,6,2,1,0,0,2.29,3.39,3.39,,,,,,,,,,,
2017/18,2018-04-28,Newcastle,West Brom,0,1,A,0,1,A,D Coote,17,9,2,2,8,13,5,1,1,3,0,0,1.85,3.6,4.75,,,,,,,,,,,
2017/18,2018-04-28,Swansea,Chelsea,0,1,A,0,1,A,J Moss,10,11,3,3,13,9,1,2,1,1,0,0,7.0,4.33,1.53,,,,,,,,,,,
2017/18,2018-04-28,Liverpool,Stoke,0,0,D,0,0,D,A Marriner,20,5,2,1,7,14,9,2,1,2,0,0,1.33,5.75,10.0,,,,,,,,,,,
2017/18,2018-04-28,Southampton,Bournemouth,2,1,H,1,1,D,A Taylor,14,14,6,7,12,11,5,8,5,1,0,0,1.72,4.0,5.0,,,,,,,,,,,
2017/18,2018-04-28,Crystal Palace,Leicester,5,0,H,2,0,H,M Dean,15,6,9,1,11,9,8,2,1,1,0,1,2.04,3.6,3.79,,,,,,,,,,,
2017/18,2018-04-28,Huddersfield,Everton,0,2,A,0,1,A,L Probert,9,7,2,5,9,8,4,3,1,0,0,0,2.62,3.1,3.1,,,,,,,,,,,
2017/18,2018-04-28,Burnley,Brighton,0,0,D,0,0,D,R East,10,9,4,1,5,17,3,4,0,2,0,0,2.25,3.2,3.7,,,,,,,,,,,
2017/18,2018-04-29,Man United,Arsenal,2,1,H,1,0,H,K Friend,17,8,3,3,12,7,9,0,0,1,0,0,1.44,4.75,8.0,,,,,,,,,,,
2017/18,2018-04-29,West Ham,Man City,1,4,A,1,2,A,N Swarbrick,4,19,1,7,5,11,0,7,0,1,0,0,10.0,5.75,1.33,,,,,,,,,,,
2017/18,2018-04-30,Tottenham,Watford,2,0,H,1,0,H,M Oliver,13,13,3,5,11,10,4,0,1,0,0,0,1.16,8.5,21.0,,,,,,,,,,,
2017/18,2018-05-04,Brighton,Man United,1,0,H,0,0,D,C Pawson,11,16,4,3,5,3,5,6,2,0,0,0,4.75,3.6,1.85,,,,,,,,,,,
2017/18,2018-05-05,Bournemouth,Swansea,1,0,H,1,0,H,K Friend,13,12,5,3,10,10,11,6,1,4,0,0,2.1,3.6,3.7,,,,,,,,,,,
2017/18,2018-05-05,Everton,Southampton,1,1,D,0,0,D,J Moss,9,11,3,5,14,12,3,4,2,4,0,1,2.89,3.29,2.62,,,,,,,,,,,
2017/18,2018-05-05,Leicester,West Ham,0,2,A,0,1,A,C Kavanagh,13,13,2,3,8,9,8,3,1,2,0,0,2.25,3.5,3.39,,,,,,,,,,,
2017/18,2018-05-05,Stoke,Crystal Palace,1,2,A,1,0,H,M Atkinson,7,13,2,2,18,12,1,7,5,2,0,0,2.7,3.39,2.79,,,,,,,,,,,
2017/18,2018-05-05,Watford,Newcastle,2,1,H,2,0,H,R East,11,9,8,1,9,11,2,5,2,1,0,0,2.37,3.39,3.2,,,,,,,,,,,
2017/18,2018-05-05,West Brom,Tottenham,1,0,H,0,0,D,M Jones,9,18,1,5,13,12,5,9,4,1,0,0,8.0,4.75,1.44,,,,,,,,,,,
2017/18,2018-05-06,Chelsea,Liverpool,1,0,H,1,0,H,A Taylor,12,10,4,5,12,9,3,1,3,2,0,0,2.25,3.6,3.29,,,,,,,,,,,
2017/18,2018-05-06,Man City,Huddersfield,0,0,D,0,0,D,M Dean,15,5,2,3,9,4,10,1,0,3,0,0,1.08,13.0,34.0,,,,,,,,,,,
2017/18,2018-05-06,Arsenal,Burnley,5,0,H,2,0,H,A Marriner,16,6,8,2,6,7,4,5,0,1,0,0,1.57,4.2,6.5,,,,,,,,,,,
2017/18,2018-05-08,Swansea,Southampton,0,1,A,0,0,D,M Oliver,11,13,3,8,7,15,7,6,2,1,0,0,3.1,3.25,2.54,,,,,,,,,,,
2017/18,2018-05-09,Chelsea,Huddersfield,1,1,D,0,0,D,L Mason,22,3,5,2,7,10,9,0,0,1,0,0,1.16,8.5,19.0,,,,,,,,,,,
2017/18,2018-05-09,Leicester,Arsenal,3,1,H,1,0,H,G Scott,19,14,10,7,7,12,6,6,2,2,0,1,3.75,3.79,2.0,,,,,,,,,,,
2017/18,2018-05-09,Man City,Brighton,3,1,H,2,1,H,P Tierney,19,6,7,3,5,7,4,3,0,1,0,0,1.12,10.0,27.0,,,,,,,,,,,
2017/18,2018-05-09,Tottenham,Newcastle,1,0,H,0,0,D,N Swarbrick,11,14,7,3,10,8,6,4,2,3,0,0,1.18,8.5,17.0,,,,,,,,,,,
2017/18,2018-05-10,West Ham,Man United,0,0,D,0,0,D,J Moss,9,16,2,6,12,12,1,6,1,1,0,0,4.75,3.79,1.8,,,,,,,,,,,
2017/18,2018-05-13,Tottenham,Leicester,5,4,H,1,2,A,C Pawson,14,16,6,9,9,13,4,4,1,2,0,0,1.33,6.0,9.0,,,,,,,,,,,
2017/18,2018-05-13,Swansea,Stoke,1,2,A,1,2,A,A Taylor,26,8,11,5,12,9,6,0,1,2,0,0,1.9,3.79,4.2,,,,,,,,,,,
2017/18,2018-05-13,Southampton,Man City,0,1,A,0,0,D,A Marriner,8,13,3,2,8,10,1,12,3,1,0,0,9.0,5.0,1.39,,,,,,,,,,,
2017/18,2018-05-13,Newcastle,Chelsea,3,0,H,1,0,H,M Atkinson,16,6,6,2,11,10,4,2,0,1,0,0,6.5,4.2,1.6,,,,,,,,,,,
2017/18,2018-05-13,Crystal Palace,West Brom,2,0,H,0,0,D,J Moss,11,7,5,1,10,11,4,2,2,3,0,0,1.8,3.79,4.75,,,,,,,,,,,
2017/18,2018-05-13,Liverpool,Brighton,4,0,H,2,0,H,K Friend,22,2,11,1,3,6,7,3,0,0,0,0,1.19,8.0,15.0,,,,,,,,,,,
2017/18,2018-05-13,Huddersfield,Arsenal,0,1,A,0,1,A,M Oliver,18,9,3,4,11,7,7,4,1,0,0,0,6.0,4.33,1.6,,,,,,,,,,,
2017/18,2018-05-13,Burnley,Bournemouth,1,2,A,1,0,H,P Tierney,12,16,4,5,14,9,7,8,0,0,0,0,2.14,3.5,3.6,,,,,,,,,,,
2017/18,2018-05-13,Man United,Watford,1,0,H,1,0,H,L Mason,7,7,1,3,6,11,6,5,4,0,0,0,1.39,5.25,8.5,,,,,,,,,,,
2017/18,2018-05-13,West Ham,Everton,3,1,H,1,0,H,G Scott,15,14,4,7,10,13,6,6,0,1,0,0,2.45,3.5,3.0,,,,,,,,,,,
2018/19,2018-08-10,Man United,Leicester,2,1,H,1,0,H,A Marriner,8,13,6,4,11,8,2,5,2,1,0,0,1.57,3.9,7.5,,,,,,,,,,,
2018/19,2018-08-11,Bournemouth,Cardiff,2,0,H,1,0,H,K Friend,12,10,4,1,11,9,7,4,1,1,0,0,1.9,3.6,4.5,,,,,,,,,,,
2018/19,2018-08-11,Fulham,Crystal Palace,0,2,A,0,1,A,M Dean,15,10,6,9,9,11,5,5,1,2,0,0,2.5,3.4,3.0,,,,,,,,,,,
2018/19,2018-08-11,Huddersfield,Chelsea,0,3,A,0,2,A,C Kavanagh,6,13,1,4,9,8,2,5,2,1,0,0,6.5,4.0,1.61,,,,,,,,,,,
2018/19,2018-08-11,Newcastle,Tottenham,1,2,A,1,2,A,M Atkinson,15,15,2,5,11,12,3,5,2,2,0,0,3.9,3.5,2.04,,,,,,,,,,,
2018/19,2018-08-11,Watford,Brighton,2,0,H,1,0,H,J Moss,19,6,5,0,10,16,8,2,2,2,0,0,2.37,3.2,3.4,,,,,,,,,,,
2018/19,2018-08-11,Wolves,Everton,2,2,D,1,1,D,C Pawson,11,6,4,5,8,7,3,6,0,1,0,1,2.37,3.3,3.3,,,,,,,,,,,
2018/19,2018-08-12,Arsenal,Man City,0,2,A,0,1,A,M Oliver,9,17,3,8,11,14,2,9,2,2,0,0,4.0,3.8,1.95,,,,,,,,,,,
2018/19,2018-08-12,Liverpool,West Ham,4,0,H,2,0,H,A Taylor,18,5,8,2,14,9,5,4,1,2,0,0,1.25,6.5,14.0,,,,,,,,,,,
2018/19,2018-08-12,Southampton,Burnley,0,0,D,0,0,D,G Scott,18,16,3,6,10,9,8,5,0,1,0,0,1.85,3.5,5.0,,,,,,,,,,,
2018/19,2018-08-18,Cardiff,Newcastle,0,0,D,0,0,D,C Pawson,12,12,1,6,14,16,5,5,2,2,0,1,3.25,3.1,2.54,,,,,,,,,,,
2018/19,2018-08-18,Chelsea,Arsenal,3,2,H,2,2,D,M Atkinson,24,15,11,6,12,9,5,1,0,2,0,0,1.8,4.0,4.5,,,,,,,,,,,
2018/19,2018-08-18,Everton,Southampton,2,1,H,2,0,H,L Mason,13,15,7,4,8,20,2,5,0,5,0,0,1.9,3.5,4.75,,,,,,,,,,,
2018/19,2018-08-18,Leicester,Wolves,2,0,H,2,0,H,M Dean,6,11,2,3,10,8,1,9,2,1,1,0,2.04,3.5,3.9,,,,,,,,,,,
2018/19,2018-08-18,Tottenham,Fulham,3,1,H,1,0,H,A Taylor,25,10,11,3,9,5,5,2,0,0,0,0,1.28,6.0,12.0,,,,,,,,,,,
2018/19,2018-08-18,West Ham,Bournemouth,1,2,A,1,0,H,S Attwell,11,12,5,5,14,10,6,4,6,2,0,0,2.1,3.6,3.7,,,,,,,,,,,
2018/19,2018-08-19,Man City,Huddersfield,6,1,H,3,1,H,A Marriner,32,5,14,1,9,4,10,3,0,2,0,0,1.1,13.0,26.0,,,,,,,,,,,
2018/19,2018-08-19,Brighton,Man United,3,2,H,3,1,H,K Friend,6,9,3,3,16,13,3,5,1,1,0,0,5.5,3.6,1.75,,,,,,,,,,,
2018/19,2018-08-19,Burnley,Watford,1,3,A,1,1,D,P Tierney,8,9,3,6,8,19,5,2,1,2,0,0,2.45,3.1,3.4,,,,,,,,,,,
2018/19,2018-08-20,Crystal Palace,Liverpool,0,2,A,0,1,A,M Oliver,8,16,2,6,6,13,6,7,1,1,1,0,7.0,5.0,1.44,,,,,,,,,,,
2018/19,2018-08-25,Arsenal,West Ham,3,1,H,1,1,D,G Scott,17,13,10,5,16,13,10,2,1,3,0,0,1.36,5.5,9.0,,,,,,,,,,,
2018/19,2018-08-25,Bournemouth,Everton,2,2,D,0,0,D,L Probert,17,11,5,3,12,10,6,2,0,3,1,1,2.62,3.6,2.75,,,,,,,,,,,
2018/19,2018-08-25,Huddersfield,Cardiff,0,0,D,0,0,D,M Oliver,5,14,1,4,8,10,7,7,0,1,1,0,2.37,3.0,3.7,,,,,,,,,,,
2018/19,2018-08-25,Liverpool,Brighton,1,0,H,1,0,H,C Kavanagh,22,6,8,2,8,14,8,5,1,1,0,0,1.16,8.5,19.0,,,,,,,,,,,
2018/19,2018-08-25,Southampton,Leicester,1,2,A,0,0,D,J Moss,11,8,5,5,13,11,10,3,1,1,1,0,2.45,3.2,3.25,,,,,,,,,,,
2018/19,2018-08-25,Wolves,Man City,1,1,D,0,0,D,M Atkinson,11,18,2,6,13,8,5,9,1,2,0,0,11.0,6.5,1.28,,,,,,,,,,,
2018/19,2018-08-26,Fulham,Burnley,4,2,H,3,2,H,D Coote,25,12,12,2,11,8,6,4,2,1,0,0,2.0,3.4,4.33,,,,,,,,,,,
2018/19,2018-08-26,Newcastle,Chelsea,1,2,A,0,0,D,P Tierney,6,15,2,3,16,8,4,5,3,1,0,0,5.75,4.0,1.66,,,,,,,,,,,
2018/19,2018-08-26,Watford,Crystal Palace,2,1,H,0,0,D,A Taylor,13,9,5,3,14,11,6,3,4,2,0,0,2.6,3.25,3.0,,,,,,,,,,,
2018/19,2018-08-27,Man United,Tottenham,0,3,A,0,0,D,C Pawson,23,9,5,5,11,16,5,2,2,4,0,0,2.62,3.3,2.9,,,,,,,,,,,
2018/19,2018-09-01,Man City,Newcastle,2,1,H,1,1,D,K Friend,24,3,8,2,5,13,4,0,0,0,0,0,1.11,11.0,26.0,,,,,,,,,,,
2018/19,2018-09-01,West Ham,Wolves,0,1,A,0,0,D,C Kavanagh,13,15,3,6,10,11,4,4,2,1,0,0,2.6,3.4,2.87,,,,,,,,,,,
2018/19,2018-09-01,Everton,Huddersfield,1,1,D,1,1,D,S Attwell,11,9,1,6,13,14,4,3,3,3,0,0,1.53,4.2,7.5,,,,,,,,,,,
2018/19,2018-09-01,Leicester,Liverpool,1,2,A,0,2,A,P Tierney,12,10,5,4,9,12,4,4,3,2,0,0,7.5,5.0,1.44,,,,,,,,,,,
2018/19,2018-09-01,Crystal Palace,Southampton,0,2,A,0,0,D,M Atkinson,20,19,6,6,11,12,7,4,1,1,0,0,2.0,3.5,4.2,,,,,,,,,,,
2018/19,2018-09-01,Chelsea,Bournemouth,2,0,H,0,0,D,L Mason,24,8,6,1,10,7,7,6,2,2,0,0,1.3,6.0,11.0,,,,,,,,,,,
2018/19,2018-09-01,Brighton,Fulham,2,2,D,0,1,A,L Probert,15,10,5,5,12,14,7,1,3,3,0,0,2.3,3.4,3.4,,,,,,,,,,,
2018/19,2018-09-02,Burnley,Man United,0,2,A,0,2,A,J Moss,9,21,2,9,7,13,2,5,2,3,0,1,6.0,3.75,1.7,,,,,,,,,,,
2018/19,2018-09-02,Cardiff,Arsenal,2,3,A,1,1,D,A Taylor,14,17,3,11,12,14,3,9,3,4,0,0,6.5,4.33,1.57,,,,,,,,,,,
2018/19,2018-09-02,Watford,Tottenham,2,1,H,0,0,D,A Marriner,7,11,3,2,9,8,3,10,2,1,0,0,5.5,4.2,1.64,,,,,,,,,,,
2018/19,2018-09-15,Bournemouth,Leicester,4,2,H,3,0,H,C Pawson,10,14,5,8,13,15,4,6,3,2,0,1,2.45,3.5,3.0,,,,,,,,,,,
2018/19,2018-09-15,Chelsea,Cardiff,4,1,H,2,1,H,J Moss,18,6,7,2,8,10,5,4,0,0,0,0,1.18,8.0,19.0,,,,,,,,,,,
2018/19,2018-09-15,Huddersfield,Crystal Palace,0,1,A,0,1,A,L Mason,15,7,2,2,11,17,5,3,1,2,0,0,3.3,3.1,2.5,,,,,,,,,,,
2018/19,2018-09-15,Man City,Fulham,3,0,H,2,0,H,S Attwell,28,9,9,3,7,7,10,4,0,0,0,0,1.12,10.0,26.0,,,,,,,,,,,
2018/19,2018-09-15,Newcastle,Arsenal,1,2,A,0,0,D,L Probert,4,12,2,2,13,11,10,4,0,0,0,0,4.2,3.8,1.9,,,,,,,,,,,
2018/19,2018-09-15,Tottenham,Liverpool,1,2,A,0,1,A,M Oliver,11,17,3,10,17,16,5,4,0,0,0,0,3.0,3.6,2.4,,,,,,,,,,,
2018/19,2018-09-15,Watford,Man United,1,2,A,0,2,A,M Dean,14,9,5,6,9,11,6,8,2,1,0,1,4.33,3.6,1.95,,,,,,,,,,,
2018/19,2018-09-16,Wolves,Burnley,1,0,H,0,0,D,A Marriner,30,7,7,2,10,9,8,2,2,4,0,0,1.75,3.6,5.75,,,,,,,,,,,
2018/19,2018-09-16,Everton,West Ham,1,3,A,1,2,A,M Atkinson,16,9,4,4,15,12,4,2,2,5,0,0,2.0,3.75,3.9,,,,,,,,,,,
2018/19,2018-09-17,Southampton,Brighton,2,2,D,1,0,H,A Taylor,14,12,5,4,10,13,1,4,2,3,0,0,2.1,3.4,3.9,,,,,,,,,,,
2018/19,2018-09-22,Brighton,Tottenham,1,2,A,0,1,A,C Kavanagh,8,16,4,7,15,9,5,7,2,1,0,0,5.0,4.0,1.75,,,,,,,,,,,
2018/19,2018-09-22,Burnley,Bournemouth,4,0,H,2,0,H,A Taylor,12,19,5,5,17,6,3,8,2,0,0,0,3.0,3.4,2.5,,,,,,,,,,,
2018/19,2018-09-22,Cardiff,Man City,0,5,A,0,3,A,M Oliver,2,21,2,10,6,4,1,9,1,1,0,0,23.0,8.0,1.16,,,,,,,,,,,
2018/19,2018-09-22,Crystal Palace,Newcastle,0,0,D,0,0,D,A Marriner,16,6,4,3,8,11,9,5,1,1,0,0,2.14,3.4,3.75,,,,,,,,,,,
2018/19,2018-09-22,Fulham,Watford,1,1,D,0,1,A,M Atkinson,15,11,3,6,11,9,8,8,2,1,0,0,2.54,3.5,2.9,,,,,,,,,,,
2018/19,2018-09-22,Leicester,Huddersfield,3,1,H,1,1,D,D Coote,18,9,8,2,10,16,3,1,2,1,0,0,1.61,4.0,6.5,,,,,,,,,,,
2018/19,2018-09-22,Liverpool,Southampton,3,0,H,3,0,H,P Tierney,12,7,4,1,7,10,5,4,0,2,0,0,1.2,7.5,17.0,,,,,,,,,,,
2018/19,2018-09-22,Man United,Wolves,1,1,D,1,0,H,K Friend,15,11,6,8,5,17,5,4,1,1,0,0,1.57,4.33,6.5,,,,,,,,,,,
2018/19,2018-09-23,Arsenal,Everton,2,0,H,0,0,D,J Moss,9,9,5,6,17,12,5,9,2,1,0,0,1.44,5.0,7.5,,,,,,,,,,,
2018/19,2018-09-23,West Ham,Chelsea,0,0,D,0,0,D,M Dean,6,17,1,6,11,9,1,8,2,1,0,0,6.0,4.5,1.57,,,,,,,,,,,
2018/19,2018-09-29,West Ham,Man United,3,1,H,2,0,H,M Oliver,8,9,3,4,12,12,4,9,0,1,0,0,4.5,3.8,1.85,,,,,,,,,,,
2018/19,2018-09-29,Wolves,Southampton,2,0,H,0,0,D,S Attwell,14,17,6,6,11,7,8,6,3,1,0,0,1.8,3.6,5.25,,,,,,,,,,,
2018/19,2018-09-29,Man City,Brighton,2,0,H,1,0,H,L Mason,28,4,8,1,4,10,10,3,0,3,0,0,1.1,12.0,34.0,,,,,,,,,,,
2018/19,2018-09-29,Newcastle,Leicester,0,2,A,0,1,A,S Hooper,6,12,1,5,11,5,5,9,0,0,0,0,2.6,3.3,3.0,,,,,,,,,,,
2018/19,2018-09-29,Everton,Fulham,3,0,H,0,0,D,R East,19,6,6,0,13,13,12,1,0,3,0,0,1.75,4.2,4.75,,,,,,,,,,,
2018/19,2018-09-29,Huddersfield,Tottenham,0,2,A,0,2,A,C Pawson,9,10,5,6,17,16,3,0,2,2,0,0,8.5,4.5,1.44,,,,,,,,,,,
2018/19,2018-09-29,Chelsea,Liverpool,1,1,D,1,0,H,A Marriner,10,13,4,6,7,9,4,4,0,2,0,0,2.8,3.6,2.54,,,,,,,,,,,
2018/19,2018-09-29,Arsenal,Watford,2,0,H,0,0,D,A Taylor,9,13,2,4,11,17,6,6,2,2,0,0,1.44,5.1,7.0,,,,,,,,,,,
2018/19,2018-09-30,Cardiff,Burnley,1,2,A,0,0,D,M Atkinson,19,3,5,2,11,15,10,2,1,3,0,0,2.62,3.0,3.2,,,,,,,,,,,
2018/19,2018-10-01,Bournemouth,Crystal Palace,2,1,H,1,0,H,M Dean,11,10,5,2,9,12,3,3,3,4,0,0,2.25,3.5,3.4,,,,,,,,,,,
2018/19,2018-10-05,Brighton,West Ham,1,0,H,1,0,H,K Friend,9,17,4,4,12,8,2,9,3,2,0,0,2.7,3.3,2.87,,,,,,,,,,,
2018/19,2018-10-06,Watford,Bournemouth,0,4,A,0,3,A,J Moss,14,10,2,7,11,9,10,7,3,1,1,0,2.14,3.6,3.5,,,,,,,,,,,
2018/19,2018-10-06,Tottenham,Cardiff,1,0,H,1,0,H,M Dean,19,8,7,6,7,11,6,2,2,1,0,1,1.22,7.0,15.0,,,,,,,,,,,
2018/19,2018-10-06,Man United,Newcastle,3,2,H,0,2,A,A Taylor,18,13,10,8,16,8,10,6,2,2,0,0,1.44,4.5,9.0,,,,,,,,,,,
2018/19,2018-10-06,Leicester,Everton,1,2,A,1,1,D,A Marriner,8,17,2,8,10,11,2,10,2,1,1,0,2.2,3.4,3.6,,,,,,,,,,,
2018/19,2018-10-06,Crystal Palace,Wolves,0,1,A,0,0,D,M Oliver,11,7,4,2,11,13,6,3,3,4,0,0,3.0,3.2,2.62,,,,,,,,,,,
2018/19,2018-10-06,Burnley,Huddersfield,1,1,D,1,0,H,C Kavanagh,6,19,3,2,8,11,1,10,2,2,0,0,2.14,3.1,4.2,,,,,,,,,,,
2018/19,2018-10-07,Fulham,Arsenal,1,5,A,1,1,D,P Tierney,21,9,4,7,11,12,4,2,2,0,0,0,5.25,4.33,1.66,,,,,,,,,,,
2018/19,2018-10-07,Liverpool,Man City,0,0,D,0,0,D,M Atkinson,7,6,2,2,10,10,2,6,1,3,0,0,2.54,3.6,2.8,,,,,,,,,,,
2018/19,2018-10-07,Southampton,Chelsea,0,3,A,0,1,A,C Pawson,15,21,6,6,13,11,4,12,6,0,0,0,6.0,4.1,1.61,,,,,,,,,,,
2018/19,2018-10-20,Wolves,Watford,0,2,A,0,2,A,L Mason,10,9,1,3,23,13,8,2,3,1,0,0,1.75,3.75,5.25,,,,,,,,,,,
2018/19,2018-10-20,West Ham,Tottenham,0,1,A,0,1,A,M Atkinson,13,10,4,2,8,10,10,6,3,0,0,0,4.1,3.9,1.9,,,,,,,,,,,
2018/19,2018-10-20,Newcastle,Brighton,0,1,A,0,1,A,A Marriner,27,8,6,2,13,17,10,2,0,2,0,0,2.2,3.25,3.8,,,,,,,,,,,
2018/19,2018-10-20,Man City,Burnley,5,0,H,1,0,H,J Moss,24,5,10,0,11,5,10,1,2,2,0,0,1.08,13.0,34.0,,,,,,,,,,,
2018/19,2018-10-20,Bournemouth,Southampton,0,0,D,0,0,D,L Probert,10,8,2,4,10,14,6,4,1,2,0,0,2.04,3.7,3.75,,,,,,,,,,,
2018/19,2018-10-20,Chelsea,Man United,2,2,D,1,0,H,M Dean,21,7,6,4,9,17,5,3,2,5,0,0,1.75,3.8,5.25,,,,,,,,,,,
2018/19,2018-10-20,Cardiff,Fulham,4,2,H,2,2,D,K Friend,22,9,5,4,15,16,4,4,3,3,0,0,2.5,3.5,2.95,,,,,,,,,,,
2018/19,2018-10-20,Huddersfield,Liverpool,0,1,A,0,1,A,M Oliver,13,11,1,2,9,6,2,4,0,2,0,0,11.0,5.5,1.33,,,,,,,,,,,
2018/19,2018-10-21,Everton,Crystal Palace,2,0,H,0,0,D,A Taylor,20,7,4,3,13,17,10,5,2,1,0,0,1.85,3.6,4.75,,,,,,,,,,,
2018/19,2018-10-22,Arsenal,Leicester,3,1,H,1,1,D,C Kavanagh,19,8,6,2,10,10,6,4,2,2,0,0,1.53,4.5,6.5,,,,,,,,,,,
2018/19,2018-10-27,Watford,Huddersfield,3,0,H,2,0,H,M Dean,12,13,6,7,9,13,3,3,1,2,0,0,1.75,3.75,5.25,,,,,,,,,,,
2018/19,2018-10-27,Brighton,Wolves,1,0,H,0,0,D,A Taylor,2,25,1,7,11,8,1,10,3,0,0,0,3.2,3.2,2.5,,,,,,,,,,,
2018/19,2018-10-27,Fulham,Bournemouth,0,3,A,0,1,A,A Marriner,11,12,1,5,16,3,5,5,2,1,1,0,2.9,3.75,2.4,,,,,,,,,,,
2018/19,2018-10-27,Leicester,West Ham,1,1,D,0,1,A,M Oliver,21,11,7,3,17,5,8,0,1,1,0,1,2.1,3.5,3.8,,,,,,,,,,,
2018/19,2018-10-27,Liverpool,Cardiff,4,1,H,1,0,H,S Attwell,19,2,7,1,6,4,8,0,0,0,0,0,1.11,11.0,26.0,,,,,,,,,,,
2018/19,2018-10-27,Southampton,Newcastle,0,0,D,0,0,D,C Kavanagh,22,6,4,0,9,12,7,2,0,1,0,0,2.1,3.4,3.9,,,,,,,,,,,
2018/19,2018-10-28,Man United,Everton,2,1,H,1,0,H,J Moss,14,14,10,6,15,12,8,4,2,1,0,0,1.72,3.9,5.25,,,,,,,,,,,
2018/19,2018-10-28,Burnley,Chelsea,0,4,A,0,1,A,C Pawson,7,24,1,8,14,10,4,4,4,2,0,0,11.0,5.0,1.36,,,,,,,,,,,
2018/19,2018-10-28,Crystal Palace,Arsenal,2,2,D,1,0,H,M Atkinson,16,7,3,2,10,16,6,4,1,2,0,0,4.75,4.1,1.75,,,,,,,,,,,
2018/19,2018-10-29,Tottenham,Man City,0,1,A,0,1,A,K Friend,4,13,1,6,13,13,3,6,2,2,0,0,4.75,4.1,1.75,,,,,,,,,,,
2018/19,2018-11-03,Arsenal,Liverpool,1,1,D,0,0,D,A Marriner,12,13,4,4,7,7,5,8,1,1,0,0,3.9,3.9,1.95,,,,,,,,,,,
2018/19,2018-11-03,Bournemouth,Man United,1,2,A,1,1,D,P Tierney,18,18,7,8,12,12,9,5,4,3,0,0,3.6,3.7,2.1,,,,,,,,,,,
2018/19,2018-11-03,Cardiff,Leicester,0,1,A,0,0,D,L Probert,11,13,2,5,13,12,6,12,2,2,0,0,3.8,3.4,2.14,,,,,,,,,,,
2018/19,2018-11-03,Everton,Brighton,3,1,H,1,1,D,D Coote,14,5,3,3,9,17,6,4,0,1,0,0,1.61,4.0,6.5,,,,,,,,,,,
2018/19,2018-11-03,Newcastle,Watford,1,0,H,0,0,D,C Pawson,10,16,2,1,12,11,8,9,1,5,0,0,2.75,3.25,2.8,,,,,,,,,,,
2018/19,2018-11-03,West Ham,Burnley,4,2,H,1,1,D,R East,22,6,10,3,7,9,10,4,1,4,0,0,1.75,3.75,5.25,,,,,,,,,,,
2018/19,2018-11-03,Wolves,Tottenham,2,3,A,0,2,A,M Dean,16,10,7,8,11,8,5,1,1,2,0,0,3.1,3.4,2.45,,,,,,,,,,,
2018/19,2018-11-04,Chelsea,Crystal Palace,3,1,H,1,0,H,M Oliver,15,7,6,2,6,13,4,2,0,1,0,0,1.25,6.75,13.0,,,,,,,,,,,
2018/19,2018-11-04,Man City,Southampton,6,1,H,4,1,H,L Mason,18,12,8,6,14,9,4,4,1,1,0,0,1.11,11.0,29.0,,,,,,,,,,,
2018/19,2018-11-05,Huddersfield,Fulham,1,0,H,1,0,H,A Taylor,10,7,2,1,11,8,5,4,1,2,0,0,2.3,3.5,3.3,,,,,,,,,,,
2018/19,2018-11-10,Southampton,Watford,1,1,D,1,0,H,S Hooper,14,12,4,6,13,13,7,6,3,2,0,0,2.5,3.3,3.1,,,,,,,,,,,
2018/19,2018-11-10,Newcastle,Bournemouth,2,1,H,2,1,H,L Probert,18,14,6,4,9,11,7,10,2,1,0,0,2.9,3.4,2.6,,,,,,,,,,,
2018/19,2018-11-10,Leicester,Burnley,0,0,D,0,0,D,M Dean,22,6,5,1,13,10,12,1,2,0,0,0,1.5,4.33,8.0,,,,,,,,,,,
2018/19,2018-11-10,Huddersfield,West Ham,1,1,D,1,0,H,C Kavanagh,15,12,7,5,9,8,5,6,1,1,0,0,3.4,3.25,2.35,,,,,,,,,,,
2018/19,2018-11-10,Crystal Palace,Tottenham,0,1,A,0,0,D,J Moss,11,11,4,2,12,9,10,6,1,1,0,0,4.5,3.75,1.85,,,,,,,,,,,
2018/19,2018-11-10,Cardiff,Brighton,2,1,H,1,1,D,M Atkinson,20,7,6,3,7,21,4,1,2,1,0,1,2.6,3.1,3.1,,,,,,,,,,,
2018/19,2018-11-11,Arsenal,Wolves,1,1,D,0,1,A,S Attwell,10,12,3,5,9,16,11,2,2,2,0,0,1.66,4.2,5.25,,,,,,,,,,,
2018/19,2018-11-11,Chelsea,Everton,0,0,D,0,0,D,K Friend,15,6,4,1,7,11,5,5,4,3,0,0,1.4,5.25,8.5,,,,,,,,,,,
2018/19,2018-11-11,Liverpool,Fulham,2,0,H,1,0,H,P Tierney,20,8,7,3,11,9,6,3,1,1,0,0,1.11,11.0,26.0,,,,,,,,,,,
2018/19,2018-11-11,Man City,Man United,3,1,H,1,0,H,A Taylor,17,6,5,1,12,12,5,1,1,1,0,0,1.4,5.25,8.5,,,,,,,,,,,
2018/19,2018-11-24,Brighton,Leicester,1,1,D,1,0,H,C Kavanagh,14,8,3,3,10,7,6,1,3,1,0,1,2.9,3.4,2.6,,,,,,,,,,,
2018/19,2018-11-24,Everton,Cardiff,1,0,H,0,0,D,P Tierney,16,7,8,1,12,13,7,3,0,3,0,0,1.4,5.0,9.0,,,,,,,,,,,
2018/19,2018-11-24,Fulham,Southampton,3,2,H,2,1,H,M Oliver,10,19,5,8,10,6,2,5,2,3,0,0,2.62,3.5,2.8,,,,,,,,,,,
2018/19,2018-11-24,Man United,Crystal Palace,0,0,D,0,0,D,L Mason,12,13,5,2,13,12,10,3,1,2,0,0,1.4,5.25,8.0,,,,,,,,,,,
2018/19,2018-11-24,Tottenham,Chelsea,3,1,H,2,0,H,M Atkinson,18,13,9,2,19,12,4,4,0,3,0,0,2.8,3.5,2.6,,,,,,,,,,,
2018/19,2018-11-24,Watford,Liverpool,0,3,A,0,0,D,J Moss,5,10,1,7,12,13,5,5,0,0,0,1,6.5,4.33,1.55,,,,,,,,,,,
2018/19,2018-11-24,West Ham,Man City,0,4,A,0,3,A,A Marriner,9,9,1,6,6,3,8,1,0,0,0,0,13.0,6.5,1.25,,,,,,,,,,,
2018/19,2018-11-25,Wolves,Huddersfield,0,2,A,0,1,A,K Friend,12,14,3,6,9,8,3,5,1,2,0,0,1.5,4.33,8.0,,,,,,,,,,,
2018/19,2018-11-25,Bournemouth,Arsenal,1,2,A,1,1,D,C Pawson,11,20,5,4,6,9,5,8,2,1,0,0,3.5,3.75,1.95,,,,,,,,,,,
2018/19,2018-11-26,Burnley,Newcastle,1,2,A,1,2,A,A Taylor,14,17,4,3,6,11,5,5,0,1,0,0,2.9,3.2,2.75,,,,,,,,,,,
2018/19,2018-11-30,Cardiff,Wolves,2,1,H,0,1,A,A Marriner,17,15,3,4,3,12,7,6,1,2,0,0,3.8,3.25,2.2,,,,,,,,,,,
2018/19,2018-12-01,Crystal Palace,Burnley,2,0,H,1,0,H,L Probert,29,4,9,0,9,10,10,2,1,1,0,0,1.61,3.9,6.5,,,,,,,,,,,
2018/19,2018-12-01,Huddersfield,Brighton,1,2,A,1,1,D,M Oliver,7,14,2,6,10,12,2,6,0,2,1,0,2.5,3.0,3.4,,,,,,,,,,,
2018/19,2018-12-01,Leicester,Watford,2,0,H,2,0,H,G Scott,7,8,3,0,7,6,4,8,2,1,0,1,2.25,3.3,3.6,,,,,,,,,,,
2018/19,2018-12-01,Man City,Bournemouth,3,1,H,1,1,D,S Attwell,16,4,6,1,9,3,8,4,0,0,0,0,1.11,11.0,26.0,,,,,,,,,,,
2018/19,2018-12-01,Newcastle,West Ham,0,3,A,0,1,A,P Tierney,16,7,4,4,10,10,7,3,3,3,0,0,2.5,3.3,3.1,,,,,,,,,,,
2018/19,2018-12-01,Southampton,Man United,2,2,D,2,2,D,K Friend,16,11,6,5,12,13,3,5,4,4,0,0,4.33,3.6,1.95,,,,,,,,,,,
2018/19,2018-12-02,Arsenal,Tottenham,4,2,H,1,2,A,M Dean,22,11,7,6,15,17,8,5,3,3,0,1,2.62,3.6,2.75,,,,,,,,,,,
2018/19,2018-12-02,Chelsea,Fulham,2,0,H,1,0,H,C Pawson,16,9,9,4,8,17,4,6,2,1,0,0,1.18,8.0,17.0,,,,,,,,,,,
2018/19,2018-12-02,Liverpool,Everton,1,0,H,0,0,D,C Kavanagh,16,9,3,3,12,7,8,1,3,2,0,0,1.4,5.0,9.0,,,,,,,,,,,
2018/19,2018-12-04,Watford,Man City,1,2,A,0,1,A,P Tierney,11,15,7,7,4,8,3,11,0,1,0,0,11.0,6.0,1.3,,,,,,,,,,,
2018/19,2018-12-04,West Ham,Cardiff,3,1,H,0,0,D,G Scott,17,9,11,5,10,10,10,4,1,2,0,0,1.66,4.0,5.75,,,,,,,,,,,
2018/19,2018-12-04,Bournemouth,Huddersfield,2,1,H,2,1,H,R East,6,23,2,6,14,11,4,8,4,2,0,0,1.66,3.8,6.0,,,,,,,,,,,
2018/19,2018-12-04,Brighton,Crystal Palace,3,1,H,3,0,H,K Friend,9,18,3,5,14,12,4,5,2,3,1,0,3.0,3.1,2.7,,,,,,,,,,,
2018/19,2018-12-05,Burnley,Liverpool,1,3,A,0,0,D,S Attwell,10,18,6,12,10,3,5,9,1,0,0,0,14.0,5.75,1.28,,,,,,,,,,,
2018/19,2018-12-05,Everton,Newcastle,1,1,D,1,1,D,L Mason,19,8,3,5,7,18,14,2,0,5,0,0,1.6,4.0,6.5,,,,,,,,,,,
2018/19,2018-12-05,Fulham,Leicester,1,1,D,1,0,H,D Coote,25,13,7,5,12,7,10,8,0,0,0,0,3.0,3.5,2.45,,,,,,,,,,,
2018/19,2018-12-05,Man United,Arsenal,2,2,D,1,1,D,A Marriner,10,9,7,4,13,10,4,4,3,3,0,0,2.45,3.5,3.0,,,,,,,,,,,
2018/19,2018-12-05,Tottenham,Southampton,3,1,H,1,0,H,A Taylor,13,18,8,5,7,5,8,6,0,0,0,0,1.36,5.25,9.5,,,,,,,,,,,
2018/19,2018-12-05,Wolves,Chelsea,2,1,H,0,1,A,J Moss,6,17,2,3,18,10,1,5,4,4,0,0,5.0,3.75,1.8,,,,,,,,,,,
2018/19,2018-12-08,Man United,Fulham,4,1,H,3,0,H,L Probert,20,10,11,4,11,15,10,3,1,1,0,1,1.33,5.75,10.0,,,,,,,,,,,
2018/19,2018-12-08,Arsenal,Huddersfield,1,0,H,0,0,D,P Tierney,14,6,2,0,13,20,7,1,5,4,0,0,1.28,6.0,12.0,,,,,,,,,,,
2018/19,2018-12-08,Bournemouth,Liverpool,0,4,A,0,1,A,L Mason,8,10,2,4,9,11,6,6,2,1,0,0,5.75,4.5,1.6,,,,,,,,,,,
2018/19,2018-12-08,Burnley,Brighton,1,0,H,1,0,H,M Atkinson,14,14,4,1,11,11,2,7,2,0,0,0,2.9,3.2,2.75,,,,,,,,,,,
2018/19,2018-12-08,Cardiff,Southampton,1,0,H,0,0,D,J Moss,13,12,4,1,9,10,7,7,2,2,0,0,2.9,3.25,2.7,,,,,,,,,,,
2018/19,2018-12-08,Chelsea,Man City,2,0,H,1,0,H,M Oliver,8,14,5,4,12,11,1,13,2,0,0,0,4.0,3.8,1.95,,,,,,,,,,,
2018/19,2018-12-08,Leicester,Tottenham,0,2,A,0,1,A,C Pawson,11,7,3,2,12,7,6,5,3,1,0,0,3.8,3.75,2.0,,,,,,,,,,,
2018/19,2018-12-08,West Ham,Crystal Palace,3,2,H,0,1,A,A Taylor,13,8,6,4,10,8,5,3,1,2,0,0,2.3,3.4,3.4,,,,,,,,,,,
2018/19,2018-12-09,Newcastle,Wolves,1,2,A,1,1,D,M Dean,12,13,4,6,10,17,4,6,2,5,1,0,2.9,3.2,2.7,,,,,,,,,,,
2018/19,2018-12-10,Everton,Watford,2,2,D,1,0,H,K Friend,12,15,5,3,13,13,6,6,1,1,0,0,1.8,3.75,5.0,,,,,,,,,,,
2018/19,2018-12-15,Tottenham,Burnley,1,0,H,0,0,D,G Scott,15,4,3,0,7,8,8,3,0,2,0,0,1.18,8.0,19.0,,,,,,,,,,,
2018/19,2018-12-15,Wolves,Bournemouth,2,0,H,1,0,H,S Hooper,9,13,3,3,15,7,5,3,1,2,0,0,1.95,3.6,4.33,,,,,,,,,,,
2018/19,2018-12-15,Man City,Everton,3,1,H,1,0,H,C Pawson,13,9,5,2,7,9,6,2,1,2,0,0,1.22,7.5,13.0,,,,,,,,,,,
2018/19,2018-12-15,Watford,Cardiff,3,2,H,1,0,H,A Madley,17,10,8,3,7,5,5,0,0,0,0,0,1.64,3.9,6.0,,,,,,,,,,,
2018/19,2018-12-15,Fulham,West Ham,0,2,A,0,2,A,M Dean,16,6,4,3,14,10,6,4,2,1,0,0,2.9,3.6,2.5,,,,,,,,,,,
2018/19,2018-12-15,Huddersfield,Newcastle,0,1,A,0,0,D,A Taylor,15,8,5,5,5,13,10,1,1,1,0,0,2.6,3.1,3.1,,,,,,,,,,,
2018/19,2018-12-15,Crystal Palace,Leicester,1,0,H,1,0,H,M Oliver,8,12,1,2,10,8,4,4,2,1,0,0,2.62,3.2,3.0,,,,,,,,,,,
2018/19,2018-12-16,Southampton,Arsenal,3,2,H,2,1,H,C Kavanagh,12,13,7,4,12,10,4,5,3,1,0,0,4.1,3.9,1.9,,,,,,,,,,,
2018/19,2018-12-16,Brighton,Chelsea,1,2,A,0,2,A,S Attwell,6,10,2,3,14,6,4,1,2,2,0,0,7.5,4.5,1.5,,,,,,,,,,,
2018/19,2018-12-16,Liverpool,Man United,3,1,H,1,1,D,M Atkinson,36,6,11,2,6,14,13,2,0,2,0,0,1.57,4.5,6.0,,,,,,,,,,,
2018/19,2018-12-21,Wolves,Liverpool,0,2,A,0,1,A,C Pawson,11,15,5,6,7,3,1,10,0,0,0,0,7.0,4.0,1.57,,,,,,,,,,,
2018/19,2018-12-22,Arsenal,Burnley,3,1,H,1,0,H,K Friend,10,7,6,2,10,14,1,3,2,5,0,0,1.25,6.5,15.0,,,,,,,,,,,
2018/19,2018-12-22,Bournemouth,Brighton,2,0,H,1,0,H,M Dean,14,10,3,5,8,18,6,5,2,0,0,1,1.9,3.7,4.33,,,,,,,,,,,
2018/19,2018-12-22,Cardiff,Man United,1,5,A,1,3,A,M Oliver,9,17,3,9,13,13,4,7,2,1,0,0,6.5,4.2,1.57,,,,,,,,,,,
2018/19,2018-12-22,Chelsea,Leicester,0,1,A,0,0,D,L Probert,17,8,5,3,10,9,9,5,0,2,0,0,1.33,5.5,11.0,,,,,,,,,,,
2018/19,2018-12-22,Huddersfield,Southampton,1,3,A,0,2,A,S Attwell,16,13,5,6,12,9,8,2,2,3,0,0,3.1,3.1,2.6,,,,,,,,,,,
2018/19,2018-12-22,Man City,Crystal Palace,2,3,A,1,2,A,A Marriner,19,5,5,3,7,6,13,0,0,4,0,0,1.14,10.0,21.0,,,,,,,,,,,
2018/19,2018-12-22,Newcastle,Fulham,0,0,D,0,0,D,M Atkinson,9,4,0,2,9,12,6,0,1,2,0,0,2.0,3.6,4.0,,,,,,,,,,,
2018/19,2018-12-22,West Ham,Watford,0,2,A,0,1,A,L Mason,18,11,7,5,9,11,10,4,3,2,0,0,2.37,3.5,3.1,,,,,,,,,,,
2018/19,2018-12-23,Everton,Tottenham,2,6,A,1,3,A,P Tierney,10,17,3,8,13,9,2,1,0,2,0,0,3.25,3.5,2.3,,,,,,,,,,,
2018/19,2018-12-26,Watford,Chelsea,1,2,A,1,1,D,M Atkinson,10,10,2,4,15,5,3,4,1,0,0,0,5.25,3.8,1.75,,,,,,,,,,,
2018/19,2018-12-26,Tottenham,Bournemouth,5,0,H,3,0,H,C Kavanagh,10,14,7,4,4,8,3,4,2,1,0,0,1.36,5.5,9.0,,,,,,,,,,,
2018/19,2018-12-26,Man United,Huddersfield,3,1,H,1,0,H,J Moss,16,10,10,2,9,13,5,3,1,1,0,0,1.25,6.5,15.0,,,,,,,,,,,
2018/19,2018-12-26,Liverpool,Newcastle,4,0,H,1,0,H,G Scott,16,6,8,2,7,9,10,2,0,0,0,0,1.16,8.5,19.0,,,,,,,,,,,
2018/19,2018-12-26,Leicester,Man City,2,1,H,1,1,D,M Dean,10,11,5,4,5,8,3,7,2,2,0,1,9.5,5.25,1.36,,,,,,,,,,,
2018/19,2018-12-26,Fulham,Wolves,1,1,D,0,0,D,A Marriner,11,14,9,5,9,6,2,0,2,1,0,0,3.25,3.4,2.37,,,,,,,,,,,
2018/19,2018-12-26,Crystal Palace,Cardiff,0,0,D,0,0,D,L Probert,31,9,5,4,9,11,12,1,0,3,0,0,1.66,4.0,5.75,,,,,,,,,,,
2018/19,2018-12-26,Burnley,Everton,1,5,A,1,3,A,M Oliver,11,13,4,6,11,19,5,7,2,4,0,0,4.33,3.5,1.95,,,,,,,,,,,
2018/19,2018-12-26,Brighton,Arsenal,1,1,D,1,1,D,A Taylor,12,7,3,4,10,4,4,9,2,1,0,0,5.25,3.9,1.72,,,,,,,,,,,
2018/19,2018-12-27,Southampton,West Ham,1,2,A,0,0,D,C Pawson,11,16,5,5,10,3,4,5,2,0,0,0,2.3,3.5,3.3,,,,,,,,,,,
2018/19,2018-12-29,Brighton,Everton,1,0,H,0,0,D,A Madley,11,13,3,4,10,11,6,6,0,2,0,0,3.25,3.4,2.14,,,,,,,,,,,
2018/19,2018-12-29,Fulham,Huddersfield,1,0,H,0,0,D,K Friend,14,9,5,5,12,10,4,3,3,1,0,0,2.0,3.4,3.75,,,,,,,,,,,
2018/19,2018-12-29,Leicester,Cardiff,0,1,A,0,0,D,S Hooper,16,12,7,3,14,16,10,4,0,2,0,0,1.55,4.0,6.0,,,,,,,,,,,
2018/19,2018-12-29,Liverpool,Arsenal,5,1,H,4,1,H,M Oliver,15,8,10,2,8,13,5,3,1,2,0,0,1.5,4.5,5.75,,,,,,,,,,,
2018/19,2018-12-29,Tottenham,Wolves,1,3,A,1,0,H,S Attwell,10,11,3,4,7,7,6,7,3,2,0,0,1.33,5.0,8.5,,,,,,,,,,,
2018/19,2018-12-29,Watford,Newcastle,1,1,D,0,1,A,R East,12,8,5,2,17,16,3,6,1,2,0,0,1.85,3.6,4.0,,,,,,,,,,,
2018/19,2018-12-30,Burnley,West Ham,2,0,H,2,0,H,D Coote,17,11,5,4,15,11,5,5,1,4,0,0,3.3,3.2,2.25,,,,,,,,,,,
2018/19,2018-12-30,Crystal Palace,Chelsea,0,1,A,0,0,D,C Pawson,4,12,0,4,11,8,3,4,0,1,0,0,4.75,4.0,1.66,,,,,,,,,,,
2018/19,2018-12-30,Man United,Bournemouth,4,1,H,3,1,H,L Mason,11,7,8,3,10,7,4,5,2,0,1,0,1.33,4.75,10.0,,,,,,,,,,,
2018/19,2018-12-30,Southampton,Man City,1,3,A,1,3,A,P Tierney,5,14,4,6,11,10,3,8,2,3,1,0,10.0,5.25,1.3,,,,,,,,,,,
2018/19,2019-01-01,Everton,Leicester,0,1,A,0,0,D,M Atkinson,17,8,2,4,5,8,6,5,3,1,0,0,2.0,3.5,4.2,,,,,,,,,,,
2018/19,2019-01-01,Arsenal,Fulham,4,1,H,1,0,H,G Scott,16,9,9,4,7,12,8,3,0,1,0,0,1.33,5.75,9.5,,,,,,,,,,,
2018/19,2019-01-01,Cardiff,Tottenham,0,3,A,0,3,A,K Friend,6,13,3,4,6,6,5,3,1,0,0,0,7.5,4.5,1.5,,,,,,,,,,,
2018/19,2019-01-02,Bournemouth,Watford,3,3,D,3,3,D,D Coote,25,11,12,3,9,15,4,2,1,4,0,0,2.6,3.6,2.75,,,,,,,,,,,
2018/19,2019-01-02,Chelsea,Southampton,0,0,D,0,0,D,J Moss,17,6,6,2,8,11,7,2,1,2,0,0,1.28,6.5,11.0,,,,,,,,,,,
2018/19,2019-01-02,Huddersfield,Burnley,1,2,A,1,1,D,M Dean,9,16,2,8,11,9,5,2,0,4,1,1,2.14,3.1,4.2,,,,,,,,,,,
2018/19,2019-01-02,Newcastle,Man United,0,2,A,0,0,D,A Marriner,14,16,3,7,10,9,1,2,1,2,0,0,6.0,4.2,1.61,,,,,,,,,,,
2018/19,2019-01-02,West Ham,Brighton,2,2,D,0,0,D,C Kavanagh,13,13,6,6,9,11,1,5,0,1,0,0,1.95,3.75,4.0,,,,,,,,,,,
2018/19,2019-01-02,Wolves,Crystal Palace,0,2,A,0,0,D,R East,9,17,1,4,9,7,3,10,4,1,0,0,2.0,3.4,4.33,,,,,,,,,,,
2018/19,2019-01-03,Man City,Liverpool,2,1,H,1,0,H,A Taylor,9,7,4,5,12,7,2,1,4,2,0,0,2.04,3.8,3.6,,,,,,,,,,,
2018/19,2019-01-12,Leicester,Southampton,1,2,A,0,2,A,M Oliver,23,8,6,3,7,9,10,3,2,1,0,1,1.95,3.5,4.33,,,,,,,,,,,
2018/19,2019-01-12,Brighton,Liverpool,0,1,A,0,0,D,K Friend,7,10,0,3,15,5,2,7,0,0,0,0,11.0,6.0,1.3,,,,,,,,,,,
2018/19,2019-01-12,Burnley,Fulham,2,1,H,2,1,H,M Atkinson,11,12,0,4,5,9,2,6,1,2,0,0,2.4,3.3,3.25,,,,,,,,,,,
2018/19,2019-01-12,Cardiff,Huddersfield,0,0,D,0,0,D,L Mason,3,14,0,2,12,14,3,10,3,1,0,0,2.25,3.25,3.6,,,,,,,,,,,
2018/19,2019-01-12,Chelsea,Newcastle,2,1,H,1,1,D,C Kavanagh,10,9,6,2,6,13,8,5,1,1,0,0,1.22,7.0,15.0,,,,,,,,,,,
2018/19,2019-01-12,Crystal Palace,Watford,1,2,A,1,0,H,P Tierney,15,16,6,2,11,11,7,7,1,4,0,0,2.25,3.4,3.5,,,,,,,,,,,
2018/19,2019-01-12,West Ham,Arsenal,1,0,H,0,0,D,J Moss,11,11,3,2,7,10,7,3,0,2,0,0,3.5,4.0,2.05,,,,,,,,,,,
2018/19,2019-01-13,Tottenham,Man United,0,1,A,0,1,A,M Dean,21,13,11,8,8,8,7,4,1,2,0,0,2.05,3.7,3.75,,,,,,,,,,,
2018/19,2019-01-13,Everton,Bournemouth,2,0,H,0,0,D,A Taylor,15,16,3,7,17,8,5,9,5,0,0,0,1.75,4.0,4.8,,,,,,,,,,,
2018/19,2019-01-14,Man City,Wolves,3,0,H,2,0,H,C Pawson,24,3,9,0,6,3,12,1,1,0,0,1,1.18,8.0,17.0,,,,,,,,,,,
2018/19,2019-01-19,Arsenal,Chelsea,2,0,H,2,0,H,A Taylor,13,13,5,1,13,15,5,6,0,2,0,0,3.1,3.6,2.37,,,,,,,,,,,
2018/19,2019-01-19,Bournemouth,West Ham,2,0,H,0,0,D,S Hooper,10,9,4,1,6,10,2,3,0,1,0,0,2.37,3.7,3.0,,,,,,,,,,,
2018/19,2019-01-19,Liverpool,Crystal Palace,4,3,H,0,1,A,J Moss,19,9,9,3,6,8,8,3,0,1,1,0,1.2,7.5,17.0,,,,,,,,,,,
2018/19,2019-01-19,Man United,Brighton,2,1,H,2,0,H,P Tierney,20,7,5,3,11,11,6,5,1,0,0,0,1.3,5.75,12.0,,,,,,,,,,,
2018/19,2019-01-19,Newcastle,Cardiff,3,0,H,1,0,H,S Attwell,16,9,6,1,11,6,7,10,0,1,0,0,1.95,3.4,4.5,,,,,,,,,,,
2018/19,2019-01-19,Southampton,Everton,2,1,H,0,0,D,G Scott,11,7,4,2,12,11,7,6,2,1,0,0,2.75,3.4,2.7,,,,,,,,,,,
2018/19,2019-01-19,Watford,Burnley,0,0,D,0,0,D,M Oliver,9,11,4,3,14,9,1,7,1,2,0,0,1.65,4.0,5.75,,,,,,,,,,,
2018/19,2019-01-19,Wolves,Leicester,4,3,H,2,0,H,C Kavanagh,12,16,7,6,11,10,5,9,3,3,0,0,2.37,3.2,3.4,,,,,,,,,,,
2018/19,2019-01-20,Fulham,Tottenham,1,2,A,1,0,H,C Pawson,12,14,4,5,10,8,7,10,2,3,0,0,5.25,3.8,1.75,,,,,,,,,,,
2018/19,2019-01-20,Huddersfield,Man City,0,3,A,0,1,A,A Marriner,5,12,2,4,10,9,1,4,2,2,0,0,21.0,8.5,1.16,,,,,,,,,,,
2018/19,2019-01-29,Newcastle,Man City,2,1,H,0,1,A,P Tierney,6,12,2,4,9,7,1,8,2,3,0,0,19.0,8.0,1.18,,,,,,,,,,,
2018/19,2019-01-29,Wolves,West Ham,3,0,H,0,0,D,D Coote,20,4,9,0,8,10,5,1,4,1,0,0,2.1,3.5,3.75,,,,,,,,,,,
2018/19,2019-01-29,Huddersfield,Everton,0,1,A,0,1,A,S Attwell,10,10,2,5,13,10,3,4,1,4,0,1,4.0,3.3,2.1,,,,,,,,,,,
2018/19,2019-01-29,Arsenal,Cardiff,2,1,H,0,0,D,M Dean,15,19,4,2,14,12,4,7,3,3,0,0,1.22,7.0,15.0,,,,,,,,,,,
2018/19,2019-01-29,Fulham,Brighton,4,2,H,0,2,A,L Probert,24,15,7,6,10,5,10,1,2,3,0,0,2.37,3.3,3.3,,,,,,,,,,,
2018/19,2019-01-29,Man United,Burnley,2,2,D,0,0,D,J Moss,28,6,9,4,10,9,11,3,1,3,0,0,1.28,6.0,12.0,,,,,,,,,,,
2018/19,2019-01-30,Bournemouth,Chelsea,4,0,H,0,0,D,R East,12,11,7,7,8,6,3,7,1,0,0,0,5.25,4.2,1.66,,,,,,,,,,,
2018/19,2019-01-30,Liverpool,Leicester,1,1,D,1,1,D,M Atkinson,10,5,3,2,13,6,7,1,1,3,0,0,1.22,7.0,15.0,,,,,,,,,,,
2018/19,2019-01-30,Southampton,Crystal Palace,1,1,D,0,1,A,A Marriner,13,15,4,3,11,8,3,8,2,2,0,1,2.4,3.4,3.2,,,,,,,,,,,
2018/19,2019-01-30,Tottenham,Watford,2,1,H,0,1,A,G Scott,17,9,3,1,6,9,9,5,0,4,0,0,1.66,4.0,5.75,,,,,,,,,,,
2018/19,2019-02-02,Brighton,Watford,0,0,D,0,0,D,S Hooper,21,5,4,0,15,10,7,0,1,0,0,0,2.55,3.3,3.0,,,,,,,,,,,
2018/19,2019-02-02,Burnley,Southampton,1,1,D,0,0,D,A Taylor,15,10,6,4,10,9,4,2,3,1,0,0,2.55,3.5,2.87,,,,,,,,,,,
2018/19,2019-02-02,Cardiff,Bournemouth,2,0,H,1,0,H,J Moss,12,9,5,2,17,14,6,7,1,2,0,0,3.25,3.5,2.3,,,,,,,,,,,
2018/19,2019-02-02,Chelsea,Huddersfield,5,0,H,2,0,H,P Tierney,23,5,7,2,8,5,11,2,0,0,0,0,1.2,7.5,19.0,,,,,,,,,,,
2018/19,2019-02-02,Crystal Palace,Fulham,2,0,H,1,0,H,M Oliver,17,8,6,0,9,12,11,1,2,3,0,0,2.05,3.5,4.0,,,,,,,,,,,
2018/19,2019-02-02,Everton,Wolves,1,3,A,1,2,A,L Mason,13,8,4,4,12,14,3,1,3,1,0,0,2.37,3.4,3.25,,,,,,,,,,,
2018/19,2019-02-02,Tottenham,Newcastle,1,0,H,0,0,D,A Marriner,21,8,4,2,6,6,6,3,0,1,0,0,1.44,4.5,9.0,,,,,,,,,,,
2018/19,2019-02-03,Man City,Arsenal,3,1,H,2,1,H,M Atkinson,19,4,12,2,11,8,4,2,1,1,0,0,1.33,6.0,9.0,,,,,,,,,,,
2018/19,2019-02-03,Leicester,Man United,0,1,A,0,1,A,M Dean,17,10,6,6,14,9,7,2,4,4,0,0,3.6,3.5,2.15,,,,,,,,,,,
2018/19,2019-02-04,West Ham,Liverpool,1,1,D,1,1,D,K Friend,13,11,2,6,9,11,2,5,1,1,0,0,8.0,5.25,1.4,,,,,,,,,,,
2018/19,2019-02-06,Everton,Man City,0,2,A,0,1,A,C Pawson,4,15,1,4,12,6,5,6,1,1,0,0,10.0,6.25,1.3,,,,,,,,,,,
2018/19,2019-02-09,Brighton,Burnley,1,3,A,0,1,A,S Attwell,16,9,6,5,8,7,9,3,1,1,0,0,2.05,3.3,4.2,,,,,,,,,,,
2018/19,2019-02-09,Crystal Palace,West Ham,1,1,D,0,1,A,C Pawson,25,6,5,4,12,9,10,4,3,0,0,0,2.1,3.5,3.75,,,,,,,,,,,
2018/19,2019-02-09,Fulham,Man United,0,3,A,0,2,A,P Tierney,15,15,3,7,14,9,5,4,3,2,0,0,5.5,4.4,1.61,,,,,,,,,,,
2018/19,2019-02-09,Huddersfield,Arsenal,1,2,A,0,2,A,J Moss,15,9,6,4,17,12,5,0,3,2,0,0,5.75,4.4,1.6,,,,,,,,,,,
2018/19,2019-02-09,Liverpool,Bournemouth,3,0,H,2,0,H,A Taylor,20,12,9,2,14,6,8,5,2,2,0,0,1.22,7.5,14.0,,,,,,,,,,,
2018/19,2019-02-09,Southampton,Cardiff,1,2,A,0,0,D,M Atkinson,14,6,7,3,15,12,8,2,3,3,0,0,1.75,3.9,5.0,,,,,,,,,,,
2018/19,2019-02-09,Watford,Everton,1,0,H,0,0,D,L Probert,7,9,2,4,21,10,8,2,2,0,0,1,2.35,3.5,3.2,,,,,,,,,,,
2018/19,2019-02-10,Man City,Chelsea,6,0,H,4,0,H,M Dean,15,12,9,4,9,13,2,2,1,2,0,0,1.5,4.75,7.0,,,,,,,,,,,
2018/19,2019-02-10,Tottenham,Leicester,3,1,H,1,0,H,M Oliver,12,20,5,9,11,4,2,9,3,1,0,0,1.7,3.9,5.5,,,,,,,,,,,
2018/19,2019-02-11,Wolves,Newcastle,1,1,D,0,0,D,G Scott,22,9,6,3,7,9,13,1,1,3,0,0,1.7,3.75,5.75,,,,,,,,,,,
2018/19,2019-02-22,West Ham,Fulham,3,1,H,2,1,H,L Mason,21,8,7,5,11,11,12,0,1,1,0,0,1.95,3.8,4.0,,,,,,,,,,,
2018/19,2019-02-22,Cardiff,Watford,1,5,A,0,1,A,S Hooper,15,12,6,7,10,11,3,3,1,2,0,0,3.1,3.4,2.45,,,,,,,,,,,
2018/19,2019-02-23,Bournemouth,Wolves,1,1,D,1,0,H,R East,10,10,3,2,10,15,9,8,4,5,0,0,2.87,3.4,2.62,,,,,,,,,,,
2018/19,2019-02-23,Burnley,Tottenham,2,1,H,0,0,D,M Dean,10,17,4,6,9,12,7,6,1,3,0,0,5.75,3.8,1.7,,,,,,,,,,,
2018/19,2019-02-23,Leicester,Crystal Palace,1,4,A,0,1,A,A Taylor,27,7,5,5,7,14,8,3,2,1,0,0,2.25,3.4,3.5,,,,,,,,,,,
2018/19,2019-02-23,Newcastle,Huddersfield,2,0,H,0,0,D,K Friend,29,3,12,1,11,7,12,0,2,0,0,1,1.83,3.5,5.25,,,,,,,,,,,
2018/19,2019-02-24,Arsenal,Southampton,2,0,H,2,0,H,G Scott,12,10,4,4,7,14,6,4,0,0,0,0,1.5,4.75,7.0,,,,,,,,,,,
2018/19,2019-02-24,Man United,Liverpool,0,0,D,0,0,D,M Oliver,6,7,3,1,15,17,3,7,1,3,0,0,3.1,3.5,2.37,,,,,,,,,,,
2018/19,2019-02-26,Cardiff,Everton,0,3,A,0,1,A,K Friend,6,12,0,4,12,12,3,4,3,1,0,0,3.75,3.4,2.15,,,,,,,,,,,
2018/19,2019-02-26,Huddersfield,Wolves,1,0,H,0,0,D,D Coote,15,7,3,0,10,10,3,5,2,2,0,0,5.0,3.5,1.85,,,,,,,,,,,
2018/19,2019-02-26,Leicester,Brighton,2,1,H,1,0,H,L Probert,19,15,3,3,6,4,4,8,1,1,0,0,1.9,3.5,4.6,,,,,,,,,,,
2018/19,2019-02-26,Newcastle,Burnley,2,0,H,2,0,H,C Pawson,12,12,3,2,8,8,4,7,1,3,0,0,2.15,3.3,3.9,,,,,,,,,,,
2018/19,2019-02-27,Liverpool,Watford,5,0,H,2,0,H,G Scott,19,5,10,3,5,7,6,4,0,2,0,0,1.28,6.0,12.0,,,,,,,,,,,
2018/19,2019-02-27,Southampton,Fulham,2,0,H,2,0,H,A Taylor,14,14,4,4,15,13,7,4,0,1,0,0,1.9,3.7,4.33,,,,,,,,,,,
2018/19,2019-02-27,Man City,West Ham,1,0,H,0,0,D,S Attwell,20,2,7,1,2,6,12,2,0,2,0,0,1.16,9.0,19.0,,,,,,,,,,,
2018/19,2019-02-27,Crystal Palace,Man United,1,3,A,0,1,A,M Atkinson,17,13,2,4,8,9,5,6,2,3,0,0,3.25,3.5,2.3,,,,,,,,,,,
2018/19,2019-02-27,Chelsea,Tottenham,2,0,H,0,0,D,A Marriner,11,9,1,0,7,14,2,2,1,1,0,0,2.3,3.5,3.25,,,,,,,,,,,
2018/19,2019-02-27,Arsenal,Bournemouth,5,1,H,2,1,H,C Kavanagh,16,13,6,5,11,9,9,4,2,2,0,0,1.44,5.0,7.5,,,,,,,,,,,
2018/19,2019-03-02,Bournemouth,Man City,0,1,A,0,0,D,K Friend,0,23,0,7,7,7,0,14,1,2,0,0,13.0,7.5,1.22,,,,,,,,,,,
2018/19,2019-03-02,Brighton,Huddersfield,1,0,H,0,0,D,M Dean,13,6,4,4,11,6,6,3,2,2,0,0,1.85,3.4,5.25,,,,,,,,,,,
2018/19,2019-03-02,Burnley,Crystal Palace,1,3,A,0,1,A,L Probert,18,10,4,4,9,9,8,5,1,2,0,0,2.8,3.3,2.75,,,,,,,,,,,
2018/19,2019-03-02,Man United,Southampton,3,2,H,0,1,A,S Attwell,16,6,6,3,7,10,9,7,2,1,0,0,1.45,4.5,8.5,,,,,,,,,,,
2018/19,2019-03-02,Tottenham,Arsenal,1,1,D,0,1,A,A Taylor,10,9,3,4,15,14,3,4,3,2,0,1,2.05,3.7,3.75,,,,,,,,,,,
2018/19,2019-03-02,West Ham,Newcastle,2,0,H,2,0,H,C Kavanagh,10,17,4,2,8,14,1,6,3,4,0,0,2.15,3.5,3.6,,,,,,,,,,,
2018/19,2019-03-02,Wolves,Cardiff,2,0,H,2,0,H,A Marriner,13,12,6,4,11,6,7,8,1,2,0,0,1.5,4.33,8.0,,,,,,,,,,,
2018/19,2019-03-03,Everton,Liverpool,0,0,D,0,0,D,M Atkinson,7,10,3,3,12,10,3,7,1,2,0,0,6.0,4.2,1.61,,,,,,,,,,,
2018/19,2019-03-03,Fulham,Chelsea,1,2,A,1,2,A,G Scott,12,20,5,7,11,10,5,4,2,1,0,0,6.5,4.5,1.53,,,,,,,,,,,
2018/19,2019-03-03,Watford,Leicester,2,1,H,1,0,H,J Moss,6,14,5,2,15,12,1,5,5,1,0,0,2.55,3.3,3.0,,,,,,,,,,,
2018/19,2019-03-09,Man City,Watford,3,1,H,0,0,D,P Tierney,19,2,9,1,11,7,9,1,1,1,0,0,1.16,9.0,19.0,,,,,,,,,,,
2018/19,2019-03-09,Newcastle,Everton,3,2,H,0,2,A,L Mason,19,7,7,3,13,10,8,2,3,1,0,0,2.8,3.25,2.8,,,,,,,,,,,
2018/19,2019-03-09,Leicester,Fulham,3,1,H,1,0,H,D Coote,18,6,8,3,9,13,6,5,0,2,0,0,1.57,4.5,6.0,,,,,,,,,,,
2018/19,2019-03-09,Southampton,Tottenham,2,1,H,0,1,A,K Friend,12,16,4,5,16,9,1,10,4,2,0,0,4.5,3.8,1.85,,,,,,,,,,,
2018/19,2019-03-09,Crystal Palace,Brighton,1,2,A,0,1,A,C Pawson,15,4,3,3,8,18,8,0,1,5,0,0,1.83,3.6,5.0,,,,,,,,,,,
2018/19,2019-03-09,Cardiff,West Ham,2,0,H,1,0,H,G Scott,16,9,7,2,7,12,7,5,2,1,0,0,3.6,3.5,2.15,,,,,,,,,,,
2018/19,2019-03-09,Huddersfield,Bournemouth,0,2,A,0,1,A,A Taylor,8,8,1,5,14,9,6,5,3,1,0,0,3.4,3.3,2.35,,,,,,,,,,,
2018/19,2019-03-10,Chelsea,Wolves,1,1,D,0,0,D,M Oliver,22,2,6,1,8,14,13,0,1,4,0,0,1.55,4.2,7.0,,,,,,,,,,,
2018/19,2019-03-10,Liverpool,Burnley,4,2,H,2,1,H,A Marriner,23,3,5,2,4,7,7,3,2,0,0,0,1.16,8.5,21.0,,,,,,,,,,,
2018/19,2019-03-10,Arsenal,Man United,2,0,H,1,0,H,J Moss,14,14,3,4,12,18,5,2,2,2,0,0,2.4,3.6,3.0,,,,,,,,,,,
2018/19,2019-03-16,Bournemouth,Newcastle,2,2,D,0,1,A,M Dean,10,12,3,4,9,12,6,6,3,2,0,0,2.05,3.6,3.8,,,,,,,,,,,
2018/19,2019-03-16,Burnley,Leicester,1,2,A,1,1,D,M Oliver,13,9,2,4,9,10,9,3,1,1,0,1,3.1,3.4,2.45,,,,,,,,,,,
2018/19,2019-03-16,West Ham,Huddersfield,4,3,H,1,2,A,J Moss,16,15,5,5,7,15,5,8,0,2,0,0,1.55,4.2,7.0,,,,,,,,,,,
2018/19,2019-03-17,Everton,Chelsea,2,0,H,0,0,D,A Taylor,15,16,8,5,17,9,3,4,1,2,0,0,4.0,3.8,1.95,,,,,,,,,,,
2018/19,2019-03-17,Fulham,Liverpool,1,2,A,0,1,A,C Pawson,7,16,2,6,11,7,1,10,2,1,0,0,12.0,7.0,1.25,,,,,,,,,,,
2018/19,2019-03-30,Brighton,Southampton,0,1,A,0,0,D,M Oliver,14,8,1,2,8,10,6,5,1,2,0,0,2.55,3.2,3.1,,,,,,,,,,,
2018/19,2019-03-30,Burnley,Wolves,2,0,H,1,0,H,C Kavanagh,5,8,1,1,12,10,1,5,1,1,0,0,3.2,3.25,2.45,,,,,,,,,,,
2018/19,2019-03-30,Crystal Palace,Huddersfield,2,0,H,0,0,D,L Probert,19,15,5,5,10,7,5,5,0,0,0,0,1.45,4.4,9.0,,,,,,,,,,,
2018/19,2019-03-30,Fulham,Man City,0,2,A,0,2,A,K Friend,5,24,0,7,4,12,0,11,2,0,0,0,21.0,11.0,1.12,,,,,,,,,,,
2018/19,2019-03-30,Leicester,Bournemouth,2,0,H,1,0,H,L Mason,18,8,4,2,6,12,6,1,0,2,0,0,1.85,3.8,4.5,,,,,,,,,,,
2018/19,2019-03-30,Man United,Watford,2,1,H,1,0,H,S Attwell,8,20,5,8,14,9,3,5,1,2,0,0,1.44,4.75,8.0,,,,,,,,,,,
2018/19,2019-03-30,West Ham,Everton,0,2,A,0,2,A,P Tierney,3,17,1,9,7,14,4,9,1,1,0,0,2.55,3.5,2.9,,,,,,,,,,,
2018/19,2019-03-31,Liverpool,Tottenham,2,1,H,1,0,H,M Atkinson,14,11,3,2,5,8,10,3,0,1,0,0,1.61,4.2,6.0,,,,,,,,,,,
2018/19,2019-03-31,Cardiff,Chelsea,1,2,A,0,0,D,C Pawson,8,21,3,3,8,14,2,7,2,3,0,0,9.0,4.5,1.44,,,,,,,,,,,
2018/19,2019-04-01,Arsenal,Newcastle,2,0,H,1,0,H,A Taylor,7,3,4,1,11,10,6,2,2,0,0,0,1.36,5.25,9.5,,,,,,,,,,,
2018/19,2019-04-02,Watford,Fulham,4,1,H,1,1,D,R East,15,17,7,7,12,5,6,4,3,2,0,0,1.72,4.0,5.0,,,,,,,,,,,
2018/19,2019-04-02,Wolves,Man United,2,1,H,1,1,D,M Dean,9,18,2,4,5,11,3,5,1,2,0,1,4.0,3.6,2.0,,,,,,,,,,,
2018/19,2019-04-03,Chelsea,Brighton,3,0,H,1,0,H,G Scott,17,3,4,1,5,9,7,1,0,0,0,0,1.25,6.5,15.0,,,,,,,,,,,
2018/19,2019-04-03,Man City,Cardiff,2,0,H,2,0,H,J Moss,27,4,11,1,3,17,7,4,0,3,0,0,1.06,17.0,34.0,,,,,,,,,,,
2018/19,2019-04-03,Tottenham,Crystal Palace,2,0,H,0,0,D,A Marriner,26,5,10,1,8,5,8,2,1,0,0,0,1.45,5.0,7.5,,,,,,,,,,,
2018/19,2019-04-05,Southampton,Liverpool,1,3,A,1,1,D,P Tierney,11,17,1,5,8,7,7,5,2,4,0,0,9.0,5.0,1.4,,,,,,,,,,,
2018/19,2019-04-06,Bournemouth,Burnley,1,3,A,1,2,A,M Atkinson,10,11,2,3,12,16,3,6,2,3,0,0,2.1,3.6,3.75,,,,,,,,,,,
2018/19,2019-04-06,Huddersfield,Leicester,1,4,A,0,1,A,D Coote,10,18,4,9,13,11,8,5,3,0,0,0,5.0,4.0,1.72,,,,,,,,,,,
2018/19,2019-04-06,Newcastle,Crystal Palace,0,1,A,0,0,D,S Attwell,18,3,5,1,12,13,9,4,1,2,0,0,2.6,3.25,3.0,,,,,,,,,,,
2018/19,2019-04-07,Everton,Arsenal,1,0,H,1,0,H,K Friend,23,7,6,2,8,9,9,6,1,4,0,0,3.0,3.75,2.35,,,,,,,,,,,
2018/19,2019-04-08,Chelsea,West Ham,2,0,H,1,0,H,C Kavanagh,16,9,7,2,8,7,7,4,2,1,0,0,1.33,5.75,9.5,,,,,,,,,,,
2018/19,2019-04-12,Leicester,Newcastle,0,1,A,0,1,A,C Kavanagh,12,11,5,5,6,10,2,3,2,3,0,0,1.66,4.0,5.75,,,,,,,,,,,
2018/19,2019-04-13,Tottenham,Huddersfield,4,0,H,2,0,H,L Mason,22,7,5,1,10,12,4,2,2,2,0,0,1.22,7.0,15.0,,,,,,,,,,,
2018/19,2019-04-13,Man United,West Ham,2,1,H,1,0,H,G Scott,14,18,4,4,14,5,3,11,1,1,0,0,1.4,5.25,8.5,,,,,,,,,,,
2018/19,2019-04-13,Southampton,Wolves,3,1,H,2,1,H,J Moss,13,17,6,2,13,8,4,9,1,3,0,0,2.6,3.25,3.0,,,,,,,,,,,
2018/19,2019-04-13,Burnley,Cardiff,2,0,H,1,0,H,M Dean,14,14,7,2,7,10,8,4,2,3,0,0,1.9,3.6,4.5,,,,,,,,,,,
2018/19,2019-04-13,Fulham,Everton,2,0,H,0,0,D,L Probert,12,8,5,1,8,10,7,3,2,1,0,0,5.0,4.0,1.75,,,,,,,,,,,
2018/19,2019-04-13,Brighton,Bournemouth,0,5,A,0,1,A,K Friend,8,14,1,7,10,6,4,1,2,4,1,0,2.3,3.4,3.4,,,,,,,,,,,
2018/19,2019-04-14,Crystal Palace,Man City,1,3,A,0,1,A,M Atkinson,7,20,3,6,5,11,2,9,0,0,0,0,11.0,6.0,1.3,,,,,,,,,,,
2018/19,2019-04-14,Liverpool,Chelsea,2,0,H,0,0,D,M Oliver,15,6,7,3,5,9,9,2,0,1,0,0,1.66,4.2,5.25,,,,,,,,,,,
2018/19,2019-04-15,Watford,Arsenal,0,1,A,0,1,A,C Pawson,11,19,3,6,12,8,6,4,2,0,1,0,3.2,3.75,2.25,,,,,,,,,,,
2018/19,2019-04-16,Brighton,Cardiff,0,2,A,0,1,A,A Marriner,14,10,2,3,11,13,5,4,0,1,0,0,2.0,3.3,4.5,,,,,,,,,,,
2018/19,2019-04-20,Bournemouth,Fulham,0,1,A,0,0,D,D Coote,15,17,5,5,11,18,3,7,1,3,0,0,1.65,4.4,5.25,,,,,,,,,,,
2018/19,2019-04-20,Huddersfield,Watford,1,2,A,0,1,A,R East,13,11,3,6,15,9,2,2,2,2,0,0,4.4,3.9,1.85,,,,,,,,,,,
2018/19,2019-04-20,Man City,Tottenham,1,0,H,1,0,H,M Oliver,15,10,4,4,11,11,4,4,1,2,0,0,1.3,6.0,11.0,,,,,,,,,,,
2018/19,2019-04-20,Newcastle,Southampton,3,1,H,2,0,H,A Taylor,15,15,6,3,5,11,4,11,0,2,0,0,2.55,3.2,3.1,,,,,,,,,,,
2018/19,2019-04-20,West Ham,Leicester,2,2,D,1,0,H,L Probert,11,11,3,5,8,9,6,8,2,0,0,0,3.3,3.5,2.3,,,,,,,,,,,
2018/19,2019-04-20,Wolves,Brighton,0,0,D,0,0,D,C Pawson,22,5,5,0,0,8,14,1,0,1,0,0,1.75,3.5,6.0,,,,,,,,,,,
2018/19,2019-04-21,Arsenal,Crystal Palace,2,3,A,0,1,A,J Moss,12,16,5,7,15,12,8,3,4,1,0,0,1.53,4.6,6.5,,,,,,,,,,,
2018/19,2019-04-21,Cardiff,Liverpool,0,2,A,0,0,D,M Atkinson,7,17,2,6,6,5,5,10,1,1,0,0,17.0,7.5,1.2,,,,,,,,,,,
2018/19,2019-04-21,Everton,Man United,4,0,H,2,0,H,P Tierney,15,7,8,1,11,7,10,2,1,1,0,0,3.25,3.5,2.3,,,,,,,,,,,
2018/19,2019-04-22,Chelsea,Burnley,2,2,D,2,2,D,K Friend,22,6,9,3,9,4,10,1,2,1,0,0,1.25,6.25,15.0,,,,,,,,,,,
2018/19,2019-04-23,Tottenham,Brighton,1,0,H,0,0,D,C Kavanagh,29,6,5,1,7,13,6,3,1,2,0,0,1.28,6.0,13.0,,,,,,,,,,,
2018/19,2019-04-23,Watford,Southampton,1,1,D,0,1,A,M Dean,15,8,4,4,10,14,3,4,5,2,0,0,2.25,3.5,3.4,,,,,,,,,,,
2018/19,2019-04-24,Man United,Man City,0,2,A,0,0,D,A Marriner,12,8,1,5,10,10,1,1,2,2,0,0,7.5,5.0,1.44,,,,,,,,,,,
2018/19,2019-04-24,Wolves,Arsenal,3,1,H,3,0,H,S Attwell,11,11,3,1,12,9,5,5,2,3,0,0,2.9,3.5,2.55,,,,,,,,,,,
2018/19,2019-04-26,Liverpool,Huddersfield,5,0,H,3,0,H,K Friend,21,5,7,1,5,14,4,4,0,0,0,0,1.07,15.0,41.0,,,,,,,,,,,
2018/19,2019-04-27,Watford,Wolves,1,2,A,0,1,A,S Hooper,10,11,1,4,10,11,4,5,3,2,0,0,2.62,3.3,2.9,,,,,,,,,,,
2018/19,2019-04-27,Tottenham,West Ham,0,1,A,0,0,D,A Taylor,14,16,4,7,3,8,2,7,0,2,0,0,1.4,5.5,7.5,,,,,,,,,,,
2018/19,2019-04-27,Southampton,Bournemouth,3,3,D,1,2,A,G Scott,22,9,7,5,8,9,9,3,2,1,0,0,1.9,3.9,4.1,,,,,,,,,,,
2018/19,2019-04-27,Crystal Palace,Everton,0,0,D,0,0,D,L Mason,8,22,0,3,9,15,5,10,2,0,0,0,2.62,3.5,2.8,,,,,,,,,,,
2018/19,2019-04-27,Brighton,Newcastle,1,1,D,0,1,A,M Dean,9,9,2,1,7,10,7,4,2,3,0,0,2.3,3.2,3.6,,,,,,,,,,,
2018/19,2019-04-27,Fulham,Cardiff,1,0,H,0,0,D,C Kavanagh,8,13,2,8,10,8,10,3,0,0,0,0,2.4,3.6,3.0,,,,,,,,,,,
2018/19,2019-04-28,Burnley,Man City,0,1,A,0,0,D,P Tierney,2,25,0,7,5,7,0,6,1,1,0,0,23.0,9.0,1.14,,,,,,,,,,,
2018/19,2019-04-28,Leicester,Arsenal,3,0,H,0,0,D,M Oliver,24,6,12,1,13,13,8,6,3,1,0,1,2.75,3.6,2.6,,,,,,,,,,,
2018/19,2019-04-28,Man United,Chelsea,1,1,D,1,1,D,M Atkinson,7,16,5,3,9,14,6,6,3,2,0,0,2.7,3.5,2.7,,,,,,,,,,,
2018/19,2019-05-03,Everton,Burnley,2,0,H,2,0,H,C Kavanagh,20,5,6,1,8,9,8,1,0,2,0,0,1.66,4.0,5.75,,,,,,,,,,,
2018/19,2019-05-04,West Ham,Southampton,3,0,H,1,0,H,S Attwell,17,11,6,1,2,11,2,7,1,1,0,0,2.3,3.75,3.1,,,,,,,,,,,
2018/19,2019-05-04,Wolves,Fulham,1,0,H,0,0,D,J Moss,19,6,6,2,10,15,7,1,1,3,0,0,1.53,4.2,7.5,,,,,,,,,,,
2018/19,2019-05-04,Cardiff,Crystal Palace,2,3,A,1,2,A,M Oliver,18,21,8,7,14,11,10,5,0,0,0,0,2.6,3.75,2.7,,,,,,,,,,,
2018/19,2019-05-04,Bournemouth,Tottenham,1,0,H,0,0,D,C Pawson,20,11,6,5,11,12,10,6,1,5,0,2,4.0,4.0,1.9,,,,,,,,,,,
2018/19,2019-05-04,Newcastle,Liverpool,2,3,A,1,2,A,A Marriner,14,11,7,4,10,4,2,3,1,1,0,0,9.5,5.25,1.36,,,,,,,,,,,
2018/19,2019-05-05,Arsenal,Brighton,1,1,D,1,0,H,A Taylor,20,11,8,5,9,14,16,3,5,2,0,0,1.4,5.0,9.0,,,,,,,,,,,
2018/19,2019-05-05,Chelsea,Watford,3,0,H,0,0,D,P Tierney,19,15,9,3,6,12,6,6,0,1,0,0,1.4,5.25,8.0,,,,,,,,,,,
2018/19,2019-05-05,Huddersfield,Man United,1,1,D,0,1,A,L Mason,7,23,3,7,10,10,3,7,1,1,0,0,11.0,6.0,1.3,,,,,,,,,,,
2018/19,2019-05-06,Man City,Leicester,1,0,H,0,0,D,M Dean,19,7,5,2,12,5,11,0,3,2,0,0,1.12,8.5,17.0,,,,,,,,,,,
2018/19,2019-05-12,Southampton,Huddersfield,1,1,D,1,0,H,L Probert,10,10,3,3,8,6,4,3,0,1,0,0,1.44,4.75,8.5,,,,,,,,,,,
2018/19,2019-05-12,Man United,Cardiff,0,2,A,0,1,A,J Moss,26,13,10,4,9,6,11,2,3,3,0,0,1.28,6.5,11.0,,,,,,,,,,,
2018/19,2019-05-12,Liverpool,Wolves,2,0,H,1,0,H,M Atkinson,13,7,5,2,3,11,4,1,0,2,0,0,1.3,6.0,11.0,,,,,,,,,,,
2018/19,2019-05-12,Leicester,Chelsea,0,0,D,0,0,D,A Taylor,9,14,3,4,9,8,4,5,0,1,0,0,2.4,3.75,2.9,,,,,,,,,,,
2018/19,2019-05-12,Watford,West Ham,1,4,A,0,2,A,C Kavanagh,17,16,8,9,10,10,7,2,1,0,1,0,2.25,3.75,3.2,,,,,,,,,,,
2018/19,2019-05-12,Crystal Palace,Bournemouth,5,3,H,3,1,H,R East,17,16,8,8,11,8,4,4,3,0,0,0,1.9,4.2,3.8,,,,,,,,,,,
2018/19,2019-05-12,Fulham,Newcastle,0,4,A,0,2,A,K Friend,16,13,2,6,6,8,5,5,1,0,0,0,2.5,3.6,2.9,,,,,,,,,,,
2018/19,2019-05-12,Tottenham,Everton,2,2,D,1,0,H,A Marriner,11,17,3,9,10,13,7,4,0,2,0,0,2.2,3.5,3.5,,,,,,,,,,,
2018/19,2019-05-12,Burnley,Arsenal,1,3,A,0,0,D,M Dean,14,17,5,6,11,3,4,5,5,1,0,0,3.25,3.8,2.2,,,,,,,,,,,
2018/19,2019-05-12,Brighton,Man City,1,4,A,1,2,A,M Oliver,6,20,2,9,12,8,2,6,0,0,0,0,19.0,8.5,1.16,,,,,,,,,,,
2019/20,2019-08-09,Liverpool,Norwich,4,1,H,4,0,H,M Oliver,15,12,7,5,9,9,11,2,0,2,0,0,1.14,10.0,19.0,20:00,1.14,8.75,19.83,1.4,3.0,1.41,2.92,-2.25,1.94,1.94
2019/20,2019-08-10,Bournemouth,Sheffield United,1,1,D,0,0,D,K Friend,13,8,3,3,10,19,3,4,2,1,0,0,1.95,3.6,3.6,15:00,2.01,3.53,3.83,1.9,1.9,1.9,1.93,-0.5,2.0,1.88
2019/20,2019-08-10,Burnley,Southampton,3,0,H,0,0,D,G Scott,10,11,4,3,6,12,2,7,0,0,0,0,2.62,3.2,2.75,15:00,2.68,3.22,2.78,2.1,1.72,2.12,1.73,0.0,1.91,1.98
2019/20,2019-08-10,Tottenham,Aston Villa,3,1,H,0,1,A,C Kavanagh,31,7,7,4,13,9,14,0,1,0,0,0,1.3,5.25,10.0,17:30,1.3,5.53,10.51,1.66,2.2,1.65,2.26,-1.5,1.93,1.94
2019/20,2019-08-10,Watford,Brighton,0,3,A,0,1,A,C Pawson,11,5,3,3,15,11,5,2,0,1,0,0,1.9,3.4,4.0,15:00,1.94,3.41,4.26,2.1,1.72,2.16,1.71,-0.5,1.94,1.94
2019/20,2019-08-10,West Ham,Man City,0,5,A,0,1,A,M Dean,5,14,3,9,6,13,1,1,2,2,0,0,12.0,6.5,1.22,12:30,11.84,6.28,1.25,1.44,2.75,1.48,2.65,1.75,1.99,1.89
2019/20,2019-08-10,Crystal Palace,Everton,0,0,D,0,0,D,J Moss,6,10,2,3,16,14,6,2,2,1,0,1,3.0,3.25,2.37,15:00,3.13,3.27,2.4,2.2,1.66,2.18,1.7,0.25,1.84,2.04
2019/20,2019-08-11,Leicester,Wolves,0,0,D,0,0,D,A Marriner,15,8,1,2,3,13,12,3,0,2,0,0,2.2,3.2,3.4,14:00,2.22,3.28,3.48,2.2,1.66,2.17,1.7,-0.25,1.91,1.98
2019/20,2019-08-11,Man United,Chelsea,4,0,H,1,0,H,A Taylor,11,18,5,7,15,13,3,5,3,4,0,0,2.1,3.3,3.5,16:30,2.19,3.32,3.49,2.0,1.8,2.01,1.83,-0.25,1.89,2.0
2019/20,2019-08-11,Newcastle,Arsenal,0,1,A,0,0,D,M Atkinson,9,8,2,2,12,7,5,3,1,3,0,0,4.5,3.75,1.72,14:00,4.49,3.82,1.79,1.8,2.0,1.77,2.07,0.75,1.85,2.03
2019/20,2019-08-17,Man City,Tottenham,2,2,D,2,1,H,M Oliver,30,3,10,2,14,4,13,2,1,0,0,0,1.36,5.25,8.0,17:30,1.36,5.32,8.46,1.53,2.5,1.52,2.55,-1.5,2.0,1.87
2019/20,2019-08-17,Southampton,Liverpool,1,2,A,0,1,A,A Marriner,14,15,3,6,10,6,5,9,2,1,0,0,6.5,4.75,1.44,15:00,6.77,4.67,1.47,1.66,2.2,1.64,2.28,1.25,1.84,2.04
2019/20,2019-08-17,Norwich,Newcastle,3,1,H,1,0,H,S Attwell,15,10,8,3,9,11,7,5,1,3,0,0,2.25,3.3,3.3,15:00,2.23,3.38,3.38,1.9,1.9,1.95,1.88,-0.25,1.92,1.97
2019/20,2019-08-17,Everton,Watford,1,0,H,1,0,H,L Mason,12,8,2,2,11,11,4,7,2,3,0,0,1.72,3.8,4.75,15:00,1.73,3.9,4.86,1.72,2.1,1.79,2.05,-0.75,1.94,1.95
2019/20,2019-08-17,Aston Villa,Bournemouth,1,2,A,0,2,A,M Atkinson,22,12,7,4,10,13,10,5,0,2,0,0,2.3,3.4,3.1,15:00,2.33,3.49,3.08,1.8,2.0,1.81,2.03,-0.25,2.01,1.88
2019/20,2019-08-17,Arsenal,Burnley,2,1,H,1,1,D,M Dean,16,18,9,5,13,11,10,7,2,1,0,0,1.3,5.5,10.0,12:30,1.33,5.49,9.48,1.57,2.37,1.6,2.34,-1.5,1.98,1.9
2019/20,2019-08-17,Brighton,West Ham,1,1,D,0,0,D,A Taylor,16,8,4,3,11,10,8,6,0,2,0,0,2.55,3.25,2.87,15:00,2.52,3.33,2.9,1.9,1.9,1.95,1.87,-0.25,2.16,1.75
2019/20,2019-08-18,Chelsea,Leicester,1,1,D,1,0,H,O Langford,14,12,5,3,9,14,4,5,1,0,0,0,1.7,3.75,5.0,16:30,1.73,3.77,5.07,1.9,1.9,1.96,1.86,-0.75,1.95,1.94
2019/20,2019-08-18,Sheffield United,Crystal Palace,1,0,H,0,0,D,D Coote,15,6,3,4,16,11,8,4,3,1,0,0,2.55,3.1,2.9,14:00,2.57,3.19,2.95,2.3,1.61,2.37,1.6,-0.25,2.19,1.73
2019/20,2019-08-19,Wolves,Man United,1,1,D,0,1,A,J Moss,6,9,2,2,17,8,4,6,2,2,0,0,3.3,3.3,2.25,20:00,3.32,3.28,2.3,2.1,1.72,2.12,1.74,0.25,1.92,1.97
2019/20,2019-08-23,Aston Villa,Everton,2,0,H,1,0,H,M Oliver,7,12,3,1,10,18,0,6,2,3,0,0,3.25,3.5,2.15,20:00,3.16,3.5,2.27,1.72,2.1,1.79,2.05,0.25,1.92,1.97
2019/20,2019-08-24,Brighton,Southampton,0,2,A,0,0,D,K Friend,12,12,3,4,9,10,8,5,1,3,1,0,2.4,3.3,3.0,15:00,2.43,3.25,3.08,2.1,1.72,2.1,1.75,-0.25,2.08,1.82
2019/20,2019-08-24,Liverpool,Arsenal,3,1,H,1,0,H,A Taylor,25,9,5,3,8,5,6,4,1,1,0,0,1.5,4.6,6.0,17:30,1.5,4.76,6.09,1.44,2.75,1.44,2.79,-1.25,2.03,1.86
2019/20,2019-08-24,Man United,Crystal Palace,1,2,A,0,1,A,P Tierney,22,5,3,3,8,18,8,1,2,4,0,0,1.33,5.25,9.0,15:00,1.36,5.06,9.16,1.72,2.1,1.76,2.09,-1.5,2.07,1.81
2019/20,2019-08-24,Norwich,Chelsea,2,3,A,2,2,D,M Atkinson,6,23,5,8,9,9,1,8,1,1,0,0,4.33,3.75,1.8,12:30,4.18,3.92,1.83,1.53,2.5,1.56,2.44,0.75,1.84,2.05
2019/20,2019-08-24,Sheffield United,Leicester,1,2,A,0,1,A,A Madley,8,10,3,2,11,6,7,4,1,0,0,0,3.3,3.3,2.25,15:00,3.45,3.23,2.26,2.3,1.61,2.3,1.63,0.25,1.96,1.92
2019/20,2019-08-24,Watford,West Ham,1,3,A,1,1,D,C Kavanagh,23,16,3,10,12,11,8,7,1,1,0,0,2.05,3.5,3.5,15:00,2.13,3.53,3.47,1.72,2.1,1.73,2.13,-0.25,1.84,2.05
2019/20,2019-08-25,Wolves,Burnley,1,1,D,0,1,A,C Pawson,17,13,2,4,9,11,4,3,0,2,0,0,1.85,3.4,4.5,16:30,1.85,3.43,4.78,2.3,1.61,2.29,1.63,-0.5,1.84,2.05
2019/20,2019-08-25,Tottenham,Newcastle,0,1,A,0,1,A,M Dean,17,8,2,3,10,5,6,6,2,2,0,0,1.2,6.5,14.0,16:30,1.24,6.26,12.35,1.53,2.5,1.55,2.47,-1.75,1.95,1.93
2019/20,2019-08-25,Bournemouth,Man City,1,3,A,1,2,A,A Marriner,10,19,7,5,7,13,4,5,1,3,0,0,15.0,7.5,1.16,14:00,14.52,7.28,1.19,1.36,3.2,1.37,3.08,2.0,2.01,1.87
2019/20,2019-08-31,Burnley,Liverpool,0,3,A,0,2,A,C Kavanagh,7,15,2,7,10,16,6,4,0,0,0,0,9.5,5.5,1.3,17:30,9.45,5.43,1.33,1.61,2.3,1.61,2.33,1.5,1.89,2.0
2019/20,2019-08-31,Chelsea,Sheffield United,2,2,D,2,0,H,S Attwell,13,8,5,2,6,11,3,4,0,1,0,0,1.36,4.75,9.0,15:00,1.36,4.98,9.53,1.72,2.1,1.73,2.13,-1.5,2.11,1.79
2019/20,2019-08-31,Crystal Palace,Aston Villa,1,0,H,0,0,D,K Friend,22,10,5,2,15,16,13,2,2,4,0,1,2.15,3.3,3.5,15:00,2.21,3.38,3.43,1.9,1.9,1.97,1.86,-0.25,1.89,2.0
2019/20,2019-08-31,Leicester,Bournemouth,3,1,H,2,1,H,P Bankes,13,8,5,2,9,11,4,5,1,3,0,0,1.7,4.0,4.75,15:00,1.72,4.02,4.81,1.66,2.2,1.65,2.26,-0.75,1.91,1.98
2019/20,2019-08-31,Man City,Brighton,4,0,H,2,0,H,J Moss,15,6,6,2,10,6,8,1,1,1,0,0,1.08,10.0,26.0,15:00,1.09,11.73,30.92,1.3,3.5,1.3,3.53,-2.75,1.95,1.94
2019/20,2019-08-31,Newcastle,Watford,1,1,D,1,1,D,G Scott,13,13,5,3,5,11,6,5,2,3,0,0,2.5,3.25,2.87,15:00,2.63,3.24,2.86,2.0,1.8,2.08,1.77,0.0,1.88,2.01
2019/20,2019-08-31,Southampton,Man United,1,1,D,0,1,A,M Dean,10,21,2,8,17,7,2,3,1,2,1,0,3.8,3.3,2.05,12:30,3.75,3.38,2.1,1.9,1.9,1.9,1.94,0.25,2.1,1.8
2019/20,2019-08-31,West Ham,Norwich,2,0,H,1,0,H,P Tierney,18,8,8,3,16,10,8,2,2,1,0,0,1.85,3.9,3.9,15:00,1.89,3.91,3.92,1.44,2.75,1.48,2.64,-0.5,1.89,2.0
2019/20,2019-09-01,Arsenal,Tottenham,2,2,D,1,2,A,M Atkinson,26,13,8,9,13,19,11,6,3,5,0,0,2.37,3.6,2.8,16:30,2.38,3.63,2.9,1.57,2.37,1.57,2.4,-0.25,2.07,1.83
2019/20,2019-09-01,Everton,Wolves,3,2,H,2,1,H,A Taylor,15,8,6,5,12,12,7,7,1,4,0,1,2.2,3.25,3.5,14:00,2.17,3.29,3.65,2.2,1.66,2.25,1.66,-0.25,1.85,2.04
2019/20,2019-09-14,Sheffield United,Southampton,0,1,A,0,0,D,L Mason,17,11,4,7,10,7,12,6,1,1,1,0,2.45,3.2,3.0,15:00,2.46,3.26,3.06,2.1,1.72,2.18,1.7,-0.25,2.09,1.81
2019/20,2019-09-14,Tottenham,Crystal Palace,4,0,H,4,0,H,C Pawson,13,11,5,6,19,11,4,3,4,2,0,0,1.36,5.25,8.0,15:00,1.39,5.0,8.24,1.61,2.3,1.64,2.28,-1.25,1.89,1.99
2019/20,2019-09-14,Norwich,Man City,3,2,H,2,1,H,K Friend,7,25,3,8,8,7,3,16,3,1,0,0,15.0,9.0,1.14,17:30,17.04,9.03,1.15,1.22,4.33,1.23,4.15,2.5,1.86,2.02
2019/20,2019-09-14,Wolves,Chelsea,2,5,A,0,3,A,G Scott,11,15,4,6,8,11,7,5,1,2,0,0,2.9,3.3,2.5,15:00,2.97,3.36,2.46,1.9,1.9,1.97,1.86,0.25,1.79,2.12
2019/20,2019-09-14,Liverpool,Newcastle,3,1,H,2,1,H,A Marriner,21,8,9,1,5,4,10,1,0,0,0,0,1.14,8.5,17.0,12:30,1.15,8.27,19.45,1.4,3.0,1.42,2.89,-2.25,2.01,1.87
2019/20,2019-09-14,Brighton,Burnley,1,1,D,0,0,D,M Oliver,14,7,5,1,13,7,3,6,0,2,0,0,2.15,3.3,3.5,15:00,2.15,3.34,3.62,2.1,1.72,2.09,1.76,-0.25,1.84,2.05
2019/20,2019-09-14,Man United,Leicester,1,0,H,1,0,H,M Atkinson,10,9,5,3,14,14,3,9,1,2,0,0,1.95,3.5,4.0,15:00,1.94,3.55,4.12,1.9,1.9,1.85,1.98,-0.5,1.93,1.95
2019/20,2019-09-15,Watford,Arsenal,2,2,D,0,2,A,A Taylor,31,10,7,4,14,4,7,1,3,3,0,0,3.6,3.6,2.0,16:30,3.64,3.74,2.01,1.57,2.37,1.57,2.41,0.5,1.87,2.02
2019/20,2019-09-15,Bournemouth,Everton,3,1,H,1,1,D,P Tierney,13,14,6,5,5,14,7,7,0,4,0,0,2.9,3.5,2.4,14:00,3.01,3.48,2.37,1.72,2.1,1.75,2.1,0.25,1.84,2.05
2019/20,2019-09-16,Aston Villa,West Ham,0,0,D,0,0,D,M Dean,10,13,5,1,13,12,2,4,2,1,0,1,2.62,3.5,2.6,20:00,2.64,3.56,2.63,1.61,2.3,1.62,2.31,0.0,1.94,1.95
2019/20,2019-09-20,Southampton,Bournemouth,1,3,A,0,2,A,C Kavanagh,25,6,6,3,8,9,4,5,1,3,0,0,2.05,3.6,3.5,20:00,2.1,3.62,3.5,1.66,2.2,1.69,2.21,-0.25,1.83,2.06
2019/20,2019-09-21,Burnley,Norwich,2,0,H,2,0,H,D Coote,13,11,6,2,11,10,7,3,0,1,0,0,2.0,3.8,3.5,15:00,1.99,3.76,3.67,1.66,2.2,1.67,2.22,-0.5,1.99,1.89
2019/20,2019-09-21,Everton,Sheffield United,0,2,A,0,1,A,S Hooper,16,2,3,1,9,9,12,3,1,3,0,0,1.61,3.75,6.0,15:00,1.67,3.8,5.58,2.0,1.8,2.03,1.81,-0.75,1.87,2.01
2019/20,2019-09-21,Leicester,Tottenham,2,1,H,0,1,A,P Tierney,16,11,7,4,16,13,8,2,1,2,0,0,2.87,3.5,2.37,12:30,2.87,3.5,2.45,1.8,2.0,1.79,2.04,0.25,1.79,2.11
2019/20,2019-09-21,Man City,Watford,8,0,H,5,0,H,M Dean,28,5,11,4,5,9,5,4,2,2,0,0,1.1,11.0,21.0,15:00,1.11,10.24,23.21,1.25,4.0,1.25,3.91,-2.5,1.95,1.94
2019/20,2019-09-21,Newcastle,Brighton,0,0,D,0,0,D,M Atkinson,11,16,4,3,12,8,5,3,2,1,0,0,2.5,3.2,3.0,17:30,2.5,3.16,3.07,2.3,1.61,2.35,1.61,-0.25,2.12,1.78
2019/20,2019-09-22,Arsenal,Aston Villa,3,2,H,0,1,A,J Moss,21,14,6,9,13,15,9,4,5,1,1,0,1.4,4.75,8.0,16:30,1.42,4.9,7.49,1.44,2.75,1.45,2.77,-1.25,1.9,1.98
2019/20,2019-09-22,Chelsea,Liverpool,1,2,A,0,2,A,M Oliver,13,6,2,3,8,13,6,4,3,3,0,0,3.5,3.75,2.0,16:30,3.58,3.69,2.04,1.57,2.37,1.59,2.37,0.5,1.85,2.04
2019/20,2019-09-22,Crystal Palace,Wolves,1,1,D,0,0,D,S Attwell,13,14,4,4,7,10,6,7,2,1,0,1,2.62,3.1,2.87,14:00,2.64,3.11,2.93,2.37,1.57,2.37,1.59,0.0,1.84,2.05
2019/20,2019-09-22,West Ham,Man United,2,0,H,1,0,H,A Taylor,8,9,6,3,8,9,3,7,2,2,0,0,3.1,3.6,2.2,14:00,3.24,3.59,2.21,1.66,2.2,1.69,2.2,0.25,1.96,1.93
2019/20,2019-09-28,Wolves,Watford,2,0,H,1,0,H,P Tierney,6,14,2,5,5,6,1,6,0,1,0,0,1.85,3.4,4.5,15:00,1.89,3.49,4.46,1.9,1.9,1.99,1.84,-0.5,1.88,2.0
2019/20,2019-09-28,Sheffield United,Liverpool,0,1,A,0,0,D,A Taylor,12,16,2,4,8,4,6,5,1,1,0,0,9.0,5.25,1.33,12:30,8.9,5.17,1.36,1.61,2.3,1.62,2.32,1.5,1.82,2.06
2019/20,2019-09-28,Everton,Man City,1,3,A,1,1,D,M Oliver,12,20,8,9,4,8,5,2,2,2,0,0,10.0,5.5,1.3,17:30,9.84,5.86,1.3,1.5,2.62,1.47,2.69,1.5,2.02,1.87
2019/20,2019-09-28,Tottenham,Southampton,2,1,H,2,1,H,G Scott,9,14,4,6,5,16,6,6,0,2,1,0,1.4,4.75,8.0,15:00,1.44,4.67,7.61,1.57,2.37,1.61,2.35,-1.25,1.98,1.9
2019/20,2019-09-28,Chelsea,Brighton,2,0,H,0,0,D,C Kavanagh,24,8,10,1,5,13,5,2,2,3,0,0,1.4,4.75,8.0,15:00,1.44,4.64,7.64,1.66,2.2,1.65,2.27,-1.25,1.99,1.9
2019/20,2019-09-28,Bournemouth,West Ham,2,2,D,1,1,D,S Attwell,13,17,5,6,7,8,6,6,3,1,0,0,2.5,3.5,2.75,15:00,2.48,3.56,2.79,1.57,2.37,1.57,2.41,-0.25,2.14,1.77
2019/20,2019-09-28,Aston Villa,Burnley,2,2,D,1,0,H,L Mason,16,10,3,3,10,16,7,3,1,4,0,0,2.3,3.4,3.1,15:00,2.38,3.38,3.08,1.9,1.9,1.91,1.92,-0.25,2.05,1.84
2019/20,2019-09-28,Crystal Palace,Norwich,2,0,H,1,0,H,J Moss,15,10,3,3,14,10,5,5,3,1,0,0,1.9,3.75,3.75,15:00,1.94,3.75,3.88,1.72,2.1,1.72,2.14,-0.5,1.93,1.95
2019/20,2019-09-29,Leicester,Newcastle,5,0,H,1,0,H,C Pawson,13,3,5,0,12,9,9,0,1,1,0,1,1.5,4.0,7.5,16:30,1.53,4.09,7.06,2.0,1.8,2.08,1.77,-1.0,1.93,1.95
2019/20,2019-09-30,Man United,Arsenal,1,1,D,1,0,H,K Friend,16,10,4,5,18,13,8,7,4,2,0,0,2.37,3.5,2.9,20:00,2.36,3.53,2.99,1.61,2.3,1.63,2.28,-0.25,2.05,1.84
2019/20,2019-10-05,West Ham,Crystal Palace,1,2,A,0,0,D,M Oliver,9,7,4,4,11,7,2,2,3,2,0,0,1.95,3.6,3.8,17:30,2.0,3.58,3.8,1.8,2.0,1.83,2.0,-0.5,2.01,1.88
2019/20,2019-10-05,Watford,Sheffield United,0,0,D,0,0,D,A Marriner,8,9,2,3,7,6,7,7,0,2,0,0,2.05,3.4,3.6,15:00,2.14,3.38,3.58,2.0,1.8,2.0,1.84,-0.25,1.84,2.05
2019/20,2019-10-05,Norwich,Aston Villa,1,5,A,0,2,A,A Madley,21,22,5,12,14,17,10,6,1,3,0,0,2.37,3.6,2.8,15:00,2.41,3.6,2.85,1.57,2.37,1.57,2.43,-0.25,2.11,1.79
2019/20,2019-10-05,Burnley,Everton,1,0,H,0,0,D,G Scott,9,11,3,2,5,12,7,9,2,1,0,1,2.87,3.3,2.5,15:00,2.93,3.3,2.52,2.1,1.72,2.12,1.74,0.25,1.76,2.15
2019/20,2019-10-05,Brighton,Tottenham,3,0,H,2,0,H,J Moss,17,8,6,3,11,7,4,4,2,1,0,0,3.9,3.6,1.9,12:30,3.9,3.63,1.96,1.72,2.1,1.76,2.09,0.5,1.93,1.96
2019/20,2019-10-05,Liverpool,Leicester,2,1,H,1,0,H,C Kavanagh,18,2,8,1,9,17,4,6,1,4,0,0,1.44,4.75,7.0,15:00,1.46,4.66,7.0,1.57,2.37,1.61,2.34,-1.25,2.03,1.85
2019/20,2019-10-06,Arsenal,Bournemouth,1,0,H,1,0,H,M Atkinson,12,10,2,2,12,6,14,5,1,2,0,0,1.44,4.75,7.0,14:00,1.45,4.97,6.68,1.33,3.4,1.35,3.2,-1.25,1.93,1.96
2019/20,2019-10-06,Man City,Wolves,0,2,A,0,0,D,C Pawson,18,7,2,2,11,14,9,1,5,2,0,0,1.12,9.0,21.0,14:00,1.13,9.26,21.61,1.36,3.2,1.38,3.08,-2.25,1.9,1.99
2019/20,2019-10-06,Newcastle,Man United,1,0,H,0,0,D,M Dean,12,12,2,3,12,10,4,6,3,3,0,0,4.5,3.5,1.85,16:30,4.42,3.44,1.9,2.2,1.66,2.16,1.71,0.5,1.98,1.9
2019/20,2019-10-06,Southampton,Chelsea,1,4,A,1,3,A,P Tierney,10,13,3,7,8,15,3,4,0,1,0,0,4.0,3.8,1.85,14:00,4.02,3.84,1.87,1.72,2.1,1.7,2.18,0.5,2.01,1.87
2019/20,2019-10-19,Leicester,Burnley,2,1,H,1,1,D,J Moss,19,13,3,4,4,10,9,4,0,3,0,0,1.57,4.0,6.0,15:00,1.57,4.09,6.37,1.9,1.9,1.94,1.89,-1.0,1.99,1.89
2019/20,2019-10-19,Wolves,Southampton,1,1,D,0,0,D,P Bankes,4,14,1,5,10,17,1,3,3,2,0,0,1.8,3.6,4.5,15:00,1.85,3.58,4.52,2.1,1.72,2.09,1.76,-0.5,1.85,2.03
2019/20,2019-10-19,Tottenham,Watford,1,1,D,0,1,A,C Kavanagh,12,7,2,2,5,9,11,2,4,3,0,0,1.4,5.0,7.5,15:00,1.42,4.9,7.48,1.53,2.5,1.53,2.52,-1.25,1.92,1.96
2019/20,2019-10-19,Everton,West Ham,2,0,H,1,0,H,P Tierney,19,8,10,4,15,15,11,2,2,2,0,0,1.95,3.75,3.75,12:30,1.97,3.71,3.81,1.72,2.1,1.72,2.14,-0.5,1.97,1.91
2019/20,2019-10-19,Bournemouth,Norwich,0,0,D,0,0,D,L Mason,11,10,2,1,8,11,6,7,1,3,0,0,1.72,4.2,4.2,15:00,1.73,4.33,4.35,1.4,3.0,1.41,2.94,-0.75,1.9,1.98
2019/20,2019-10-19,Chelsea,Newcastle,1,0,H,0,0,D,A Marriner,16,5,8,0,9,12,11,0,2,1,0,0,1.3,5.5,10.0,15:00,1.31,5.62,10.38,1.57,2.37,1.59,2.38,-1.5,1.88,2.0
2019/20,2019-10-19,Crystal Palace,Man City,0,2,A,0,2,A,A Taylor,7,21,2,10,8,10,1,8,1,1,0,0,12.0,7.0,1.22,17:30,11.88,6.72,1.24,1.44,2.75,1.44,2.81,1.75,1.99,1.89
2019/20,2019-10-19,Aston Villa,Brighton,2,1,H,1,1,D,D Coote,24,20,8,5,9,17,7,5,1,2,0,1,2.35,3.4,3.0,15:00,2.38,3.43,3.05,1.8,2.0,1.82,2.01,-0.25,2.04,1.85
2019/20,2019-10-20,Man United,Liverpool,1,1,D,1,0,H,M Atkinson,7,10,2,4,6,14,3,1,0,1,0,0,5.25,3.8,1.65,16:30,5.03,3.96,1.7,1.72,2.1,1.76,2.08,0.75,1.98,1.9
2019/20,2019-10-21,Sheffield United,Arsenal,1,0,H,1,0,H,M Dean,8,9,2,3,10,12,7,12,4,4,0,0,3.9,3.75,1.9,20:00,3.88,3.79,1.93,1.66,2.2,1.69,2.19,0.5,1.96,1.92
2019/20,2019-10-25,Southampton,Leicester,0,9,A,0,5,A,A Marriner,6,25,3,15,3,12,2,7,0,0,1,0,3.1,3.4,2.3,20:00,3.2,3.34,2.36,2.0,1.8,2.01,1.83,0.25,1.86,2.02
2019/20,2019-10-26,Brighton,Everton,3,2,H,1,1,D,A Madley,8,10,4,6,12,12,0,5,2,1,0,0,2.9,3.25,2.5,15:00,2.87,3.3,2.58,2.0,1.8,2.06,1.78,0.0,2.03,1.85
2019/20,2019-10-26,Burnley,Chelsea,2,4,A,0,2,A,M Oliver,13,16,5,7,7,8,5,6,3,2,0,0,4.5,4.0,1.72,17:30,4.53,4.02,1.75,1.66,2.2,1.66,2.25,0.75,1.93,1.96
2019/20,2019-10-26,Man City,Aston Villa,3,0,H,0,0,D,G Scott,25,11,9,5,10,5,13,7,1,1,1,0,1.08,11.0,26.0,12:30,1.09,11.64,28.3,1.22,4.33,1.21,4.45,-3.0,2.04,1.83
2019/20,2019-10-26,Watford,Bournemouth,0,0,D,0,0,D,M Dean,7,15,3,5,14,8,5,10,5,3,0,0,2.15,3.6,3.25,15:00,2.19,3.53,3.31,1.66,2.2,1.69,2.18,-0.25,1.9,1.98
2019/20,2019-10-26,West Ham,Sheffield United,1,1,D,1,0,H,D Coote,12,10,4,4,7,10,10,4,2,2,0,0,2.1,3.5,3.5,15:00,2.11,3.46,3.6,1.9,1.9,1.88,1.95,-0.25,1.83,2.06
2019/20,2019-10-27,Newcastle,Wolves,1,1,D,1,0,H,K Friend,13,13,2,5,8,15,3,6,2,2,1,0,3.0,3.1,2.55,14:00,3.02,3.09,2.59,2.5,1.53,2.49,1.54,0.0,2.09,1.8
2019/20,2019-10-27,Norwich,Man United,1,3,A,0,2,A,S Attwell,10,21,3,11,13,10,1,10,2,2,0,0,4.33,4.0,1.75,16:30,4.36,3.91,1.8,1.66,2.2,1.67,2.22,0.75,1.85,2.04
2019/20,2019-10-27,Arsenal,Crystal Palace,2,2,D,2,1,H,M Atkinson,15,10,6,4,18,9,12,5,2,0,0,0,1.45,4.75,6.5,16:30,1.49,4.63,6.49,1.53,2.5,1.52,2.53,-1.25,2.04,1.84
2019/20,2019-10-27,Liverpool,Tottenham,2,1,H,0,1,A,A Taylor,21,11,13,4,9,11,8,3,3,3,0,0,1.5,4.33,6.5,16:30,1.54,4.45,6.11,1.53,2.5,1.53,2.51,-1.0,1.87,2.0
2019/20,2019-11-02,Arsenal,Wolves,1,1,D,1,0,H,M Oliver,10,25,4,8,6,15,8,9,0,2,0,0,1.75,3.75,4.75,15:00,1.78,3.8,4.65,1.72,2.1,1.74,2.12,-0.75,2.0,1.89
2019/20,2019-11-02,Aston Villa,Liverpool,1,2,A,1,0,H,J Moss,5,25,2,6,12,9,2,10,1,2,0,0,9.0,5.0,1.33,15:00,8.4,5.37,1.36,1.44,2.75,1.47,2.71,1.5,1.89,2.0
2019/20,2019-11-02,Bournemouth,Man United,1,0,H,1,0,H,C Kavanagh,12,15,6,4,14,12,4,10,4,3,0,0,3.25,3.6,2.15,12:30,3.33,3.55,2.19,1.9,1.9,1.84,1.99,0.25,1.99,1.89
2019/20,2019-11-02,Brighton,Norwich,2,0,H,0,0,D,K Friend,21,7,5,0,11,8,8,3,0,1,0,0,1.72,4.2,4.33,15:00,1.71,4.17,4.65,1.66,2.2,1.66,2.25,-0.75,1.89,1.99
2019/20,2019-11-02,Man City,Southampton,2,1,H,0,1,A,L Mason,26,3,4,3,11,10,17,0,3,1,0,0,1.07,13.0,23.0,15:00,1.08,11.99,29.72,1.22,4.33,1.22,4.27,-3.0,2.07,1.81
2019/20,2019-11-02,Sheffield United,Burnley,3,0,H,3,0,H,S Hooper,13,6,6,0,8,12,7,6,1,2,0,0,2.25,3.2,3.4,15:00,2.26,3.22,3.46,2.3,1.61,2.33,1.62,-0.25,1.94,1.94
2019/20,2019-11-02,Watford,Chelsea,1,2,A,0,1,A,A Taylor,12,16,3,10,8,5,1,6,4,2,0,0,5.0,4.33,1.61,17:30,4.99,4.24,1.65,1.61,2.3,1.63,2.29,1.0,1.78,2.11
2019/20,2019-11-02,West Ham,Newcastle,2,3,A,0,2,A,S Attwell,16,12,6,9,10,7,7,3,2,1,0,0,1.75,3.8,4.5,15:00,1.79,3.82,4.55,1.8,2.0,1.83,2.0,-0.75,2.02,1.86
2019/20,2019-11-03,Crystal Palace,Leicester,0,2,A,0,0,D,P Tierney,12,14,3,5,15,16,5,6,2,2,0,0,3.5,3.4,2.1,14:00,3.5,3.38,2.17,2.0,1.8,2.05,1.78,0.25,2.02,1.86
2019/20,2019-11-03,Everton,Tottenham,1,1,D,0,0,D,M Atkinson,7,4,3,2,9,8,5,2,1,2,0,1,2.7,3.4,2.6,16:30,2.73,3.49,2.57,1.72,2.1,1.74,2.11,0.0,1.98,1.89
2019/20,2019-11-08,Norwich,Watford,0,2,A,0,1,A,A Marriner,17,12,5,2,7,13,10,4,1,2,0,1,2.7,3.5,2.55,20:00,2.68,3.57,2.6,1.66,2.2,1.69,2.21,0.0,1.97,1.91
2019/20,2019-11-09,Southampton,Everton,1,2,A,0,1,A,P Tierney,4,24,3,5,12,12,5,9,1,1,0,0,2.9,3.3,2.45,15:00,2.96,3.37,2.44,1.9,1.9,1.94,1.89,0.25,1.8,2.09
2019/20,2019-11-09,Tottenham,Sheffield United,1,1,D,0,0,D,G Scott,17,14,5,4,6,9,4,4,2,2,0,0,1.57,4.0,6.0,15:00,1.58,4.14,6.02,1.8,2.0,1.79,2.04,-1.0,1.98,1.89
2019/20,2019-11-09,Newcastle,Bournemouth,2,1,H,1,1,D,M Atkinson,20,16,9,3,10,5,5,4,2,0,0,0,2.55,3.25,2.8,15:00,2.64,3.21,2.84,2.0,1.8,2.07,1.77,0.0,1.87,2.01
2019/20,2019-11-09,Chelsea,Crystal Palace,2,0,H,0,0,D,M Dean,23,3,5,1,9,17,7,0,3,2,0,0,1.33,5.0,10.0,12:30,1.34,5.35,9.29,1.57,2.37,1.58,2.4,-1.5,1.97,1.92
2019/20,2019-11-09,Leicester,Arsenal,2,0,H,0,0,D,C Kavanagh,19,8,7,1,10,10,5,4,1,1,0,0,2.0,3.75,3.5,17:30,1.99,3.78,3.62,1.57,2.37,1.57,2.42,-0.5,1.98,1.89
2019/20,2019-11-09,Burnley,West Ham,3,0,H,2,0,H,K Friend,14,7,12,4,17,10,11,4,2,1,0,0,2.25,3.5,3.1,15:00,2.27,3.55,3.13,1.66,2.2,1.71,2.17,-0.25,1.97,1.92
2019/20,2019-11-10,Liverpool,Man City,3,1,H,2,0,H,M Oliver,12,18,5,3,10,5,4,13,0,2,0,0,2.5,3.6,2.62,16:30,2.56,3.58,2.68,1.66,2.2,1.63,2.3,0.0,1.89,1.99
2019/20,2019-11-10,Man United,Brighton,3,1,H,2,0,H,J Moss,21,6,11,2,10,14,5,2,2,5,0,0,1.6,3.75,6.5,14:00,1.67,3.67,5.82,2.0,1.8,2.02,1.82,-0.75,1.89,1.99
2019/20,2019-11-10,Wolves,Aston Villa,2,1,H,1,0,H,A Taylor,17,13,5,4,17,8,6,3,4,3,0,0,1.9,3.5,4.2,14:00,1.9,3.6,4.24,1.9,1.9,1.87,1.96,-0.5,1.89,1.99
2019/20,2019-11-23,Arsenal,Southampton,2,2,D,1,1,D,S Attwell,12,21,5,6,13,19,6,8,6,2,0,0,1.45,4.75,6.5,15:00,1.47,4.75,6.55,1.44,2.75,1.47,2.67,-1.25,1.99,1.89
2019/20,2019-11-23,Bournemouth,Wolves,1,2,A,0,2,A,S Hooper,9,17,2,7,10,12,5,9,2,1,1,0,2.75,3.3,2.6,15:00,2.82,3.3,2.59,2.0,1.8,2.02,1.81,0.0,2.01,1.86
2019/20,2019-11-23,Brighton,Leicester,0,2,A,0,0,D,M Dean,7,19,0,9,9,1,6,7,2,0,0,0,3.75,3.5,2.0,15:00,3.69,3.53,2.04,1.9,1.9,1.89,1.93,0.25,2.13,1.76
2019/20,2019-11-23,Crystal Palace,Liverpool,1,2,A,0,0,D,K Friend,16,12,6,4,8,7,9,8,0,1,0,0,7.5,4.75,1.4,15:00,7.33,4.62,1.45,1.66,2.2,1.67,2.22,1.25,1.85,2.03
2019/20,2019-11-23,Everton,Norwich,0,2,A,0,0,D,A Taylor,18,13,7,5,12,11,7,7,3,5,0,0,1.36,5.1,8.0,15:00,1.4,5.0,7.73,1.53,2.5,1.55,2.45,-1.5,2.1,1.78
2019/20,2019-11-23,Man City,Chelsea,2,1,H,2,1,H,M Atkinson,15,11,4,2,5,9,8,2,1,1,0,0,1.44,5.0,6.5,17:30,1.45,4.96,6.64,1.4,3.0,1.4,2.92,-1.25,1.93,1.94
2019/20,2019-11-23,Watford,Burnley,0,3,A,0,0,D,P Tierney,15,11,4,5,14,13,7,5,0,3,0,0,2.3,3.4,3.1,15:00,2.33,3.31,3.2,2.0,1.8,2.02,1.81,-0.25,2.01,1.87
2019/20,2019-11-23,West Ham,Tottenham,2,3,A,0,2,A,M Oliver,11,15,4,6,12,14,3,7,3,2,0,0,4.2,4.33,1.7,12:30,4.32,4.14,1.75,1.53,2.5,1.55,2.47,0.75,1.93,1.95
2019/20,2019-11-24,Sheffield United,Man United,3,3,D,1,0,H,A Marriner,12,11,8,5,13,10,6,3,1,2,0,0,3.5,3.4,2.1,16:30,3.55,3.28,2.18,2.2,1.66,2.18,1.69,0.25,2.0,1.87
2019/20,2019-11-25,Aston Villa,Newcastle,2,0,H,2,0,H,L Mason,17,11,8,5,10,9,11,6,1,1,0,0,2.05,3.4,3.7,20:00,2.11,3.46,3.55,1.9,1.9,1.92,1.9,-0.25,1.82,2.06
2019/20,2019-11-30,Burnley,Crystal Palace,0,2,A,0,1,A,P Bankes,15,7,4,2,13,10,5,6,2,0,0,0,2.25,3.25,3.3,15:00,2.31,3.26,3.3,2.2,1.66,2.22,1.67,-0.25,1.98,1.9
2019/20,2019-11-30,Chelsea,West Ham,0,1,A,0,0,D,J Moss,19,5,6,4,0,16,9,3,0,3,0,0,1.28,6.0,9.0,15:00,1.3,5.94,9.63,1.4,3.0,1.4,2.94,-1.5,1.82,2.07
2019/20,2019-11-30,Liverpool,Brighton,2,1,H,2,0,H,M Atkinson,15,12,7,5,3,10,4,5,0,0,1,0,1.18,7.0,15.0,15:00,1.21,6.85,14.67,1.44,2.75,1.47,2.7,-2.0,2.06,1.81
2019/20,2019-11-30,Newcastle,Man City,2,2,D,1,1,D,C Kavanagh,6,24,3,9,4,6,1,10,1,2,0,0,13.0,8.0,1.16,12:30,15.11,7.59,1.18,1.44,2.75,1.44,2.79,2.0,1.98,1.9
2019/20,2019-11-30,Southampton,Watford,2,1,H,0,1,A,M Oliver,11,6,6,3,6,10,6,7,1,0,0,0,2.1,3.4,3.5,17:30,2.12,3.5,3.51,1.9,1.9,1.91,1.91,-0.25,1.83,2.06
2019/20,2019-11-30,Tottenham,Bournemouth,3,2,H,1,0,H,L Mason,15,20,5,6,10,12,4,8,0,2,0,0,1.36,5.5,7.5,15:00,1.38,5.19,7.86,1.53,2.5,1.51,2.57,-1.5,2.06,1.81
2019/20,2019-12-01,Leicester,Everton,2,1,H,0,1,A,G Scott,16,11,6,3,7,9,4,4,0,1,0,0,1.61,4.0,5.25,16:30,1.64,4.08,5.33,1.8,2.0,1.81,2.02,-0.75,1.81,2.08
2019/20,2019-12-01,Man United,Aston Villa,2,2,D,1,1,D,C Pawson,16,9,6,3,16,8,9,9,4,1,0,0,1.45,4.5,7.0,16:30,1.49,4.38,7.08,1.72,2.1,1.69,2.18,-1.0,1.81,2.08
2019/20,2019-12-01,Norwich,Arsenal,2,2,D,2,1,H,P Tierney,15,16,8,7,8,10,7,12,2,1,0,0,4.0,4.33,1.75,14:00,4.14,4.22,1.77,1.4,3.0,1.41,2.89,0.75,1.9,1.97
2019/20,2019-12-01,Wolves,Sheffield United,1,1,D,0,1,A,D Coote,13,9,3,4,12,18,7,2,1,4,0,0,1.9,3.5,4.2,14:00,1.92,3.43,4.35,2.3,1.61,2.3,1.63,-0.5,1.92,1.96
2019/20,2019-12-03,Burnley,Man City,1,4,A,0,1,A,J Moss,4,17,2,8,9,6,3,6,1,1,0,0,11.0,7.0,1.22,20:15,11.59,6.41,1.25,1.44,2.75,1.48,2.68,1.75,1.93,1.95
2019/20,2019-12-03,Crystal Palace,Bournemouth,1,0,H,0,0,D,A Taylor,7,6,2,3,6,15,6,9,3,3,1,0,2.2,3.4,3.25,19:30,2.24,3.38,3.34,2.0,1.8,2.03,1.8,-0.25,1.94,1.95
2019/20,2019-12-04,Wolves,West Ham,2,0,H,1,0,H,A Marriner,13,6,7,3,8,9,5,4,1,2,0,0,1.75,3.7,4.75,19:30,1.77,3.73,4.74,1.9,1.9,1.89,1.93,-0.75,2.01,1.87
2019/20,2019-12-04,Southampton,Norwich,2,1,H,2,0,H,K Friend,14,10,5,3,12,7,6,1,1,1,0,0,1.72,4.0,4.2,19:30,1.78,3.99,4.35,1.57,2.37,1.59,2.37,-0.75,1.99,1.89
2019/20,2019-12-04,Man United,Tottenham,2,1,H,1,1,D,P Tierney,12,8,7,5,9,9,4,3,0,1,0,0,2.75,3.4,2.55,19:30,2.69,3.47,2.61,1.8,2.0,1.8,2.03,0.0,1.97,1.91
2019/20,2019-12-04,Leicester,Watford,2,0,H,0,0,D,C Pawson,12,4,6,1,13,16,7,2,3,2,0,0,1.33,5.5,8.0,19:30,1.36,5.13,8.81,1.61,2.3,1.63,2.3,-1.5,2.08,1.79
2019/20,2019-12-04,Chelsea,Aston Villa,2,1,H,1,1,D,C Kavanagh,25,9,9,3,18,10,9,5,2,1,0,0,1.28,5.75,10.0,19:30,1.3,5.85,9.89,1.4,3.0,1.42,2.86,-1.5,1.84,2.04
2019/20,2019-12-04,Liverpool,Everton,5,2,H,4,2,H,M Dean,11,12,5,4,13,17,5,6,1,2,0,0,1.36,5.0,8.5,20:15,1.39,4.99,8.28,1.57,2.37,1.58,2.38,-1.25,1.87,2.01
2019/20,2019-12-05,Arsenal,Brighton,1,2,A,0,1,A,G Scott,12,20,5,9,10,11,9,9,3,1,0,0,1.57,4.33,5.5,20:15,1.61,4.23,5.41,1.53,2.5,1.54,2.5,-1.0,2.01,1.86
2019/20,2019-12-05,Sheffield United,Newcastle,0,2,A,0,1,A,S Attwell,13,6,6,4,10,6,8,1,2,0,0,0,1.83,3.4,4.6,19:30,1.86,3.45,4.62,2.3,1.61,2.33,1.61,-0.5,1.86,2.02
2019/20,2019-12-07,Bournemouth,Liverpool,0,3,A,0,2,A,C Kavanagh,3,21,0,9,5,6,1,3,0,1,0,0,7.0,5.25,1.4,15:00,7.01,5.03,1.42,1.5,2.62,1.5,2.59,1.25,1.96,1.92
2019/20,2019-12-07,Everton,Chelsea,3,1,H,1,0,H,C Pawson,13,15,7,4,14,9,1,5,3,0,0,0,3.5,3.75,2.0,12:30,3.52,3.8,2.02,1.72,2.1,1.69,2.18,0.5,1.86,2.02
2019/20,2019-12-07,Man City,Man United,1,2,A,0,2,A,A Taylor,22,11,5,7,10,10,16,3,3,2,0,0,1.3,5.5,10.0,17:30,1.31,5.67,9.9,1.5,2.62,1.49,2.63,-1.5,1.87,2.01
2019/20,2019-12-07,Tottenham,Burnley,5,0,H,3,0,H,K Friend,13,7,7,1,12,8,1,1,1,1,0,0,1.4,4.75,8.0,15:00,1.41,4.82,7.98,1.57,2.37,1.59,2.35,-1.25,1.92,1.95
2019/20,2019-12-07,Watford,Crystal Palace,0,0,D,0,0,D,M Atkinson,13,3,3,0,15,16,6,2,4,2,0,0,2.37,3.3,3.1,15:00,2.37,3.34,3.12,2.0,1.8,2.05,1.78,-0.25,2.04,1.85
2019/20,2019-12-08,Norwich,Sheffield United,1,2,A,1,0,H,S Hooper,14,9,4,3,6,12,9,1,0,4,0,0,2.9,3.5,2.37,14:00,2.98,3.45,2.4,1.8,2.0,1.84,1.99,0.25,1.81,2.06
2019/20,2019-12-08,Newcastle,Southampton,2,1,H,0,0,D,D Coote,12,19,6,4,11,17,3,12,1,3,0,0,2.5,3.2,2.9,14:00,2.59,3.23,2.87,2.1,1.72,2.12,1.73,0.0,1.84,2.03
2019/20,2019-12-08,Aston Villa,Leicester,1,4,A,1,2,A,M Oliver,15,23,2,8,21,15,8,5,6,2,0,0,4.33,3.8,1.8,14:00,4.27,3.88,1.82,1.61,2.3,1.62,2.31,0.75,1.82,2.06
2019/20,2019-12-08,Brighton,Wolves,2,2,D,2,2,D,J Moss,13,13,4,5,10,7,3,4,3,0,0,0,2.62,3.1,2.87,16:30,2.69,3.16,2.81,2.3,1.61,2.29,1.63,0.0,1.9,1.97
2019/20,2019-12-09,West Ham,Arsenal,1,3,A,1,0,H,M Dean,11,10,4,3,12,6,4,3,2,0,0,0,3.3,4.0,2.0,20:00,3.43,4.02,1.98,1.44,2.75,1.44,2.78,0.5,1.88,1.99
2019/20,2019-12-14,Burnley,Newcastle,1,0,H,0,0,D,T Robinson,7,9,4,0,15,12,4,3,0,2,0,0,1.95,3.4,4.0,15:00,1.96,3.5,4.07,2.1,1.72,2.11,1.74,-0.5,1.94,1.92
2019/20,2019-12-14,Chelsea,Bournemouth,0,1,A,0,0,D,G Scott,18,11,5,2,9,14,9,4,1,2,0,0,1.25,6.0,12.0,15:00,1.25,6.48,11.64,1.4,3.0,1.4,2.94,-1.75,1.85,2.02
2019/20,2019-12-14,Leicester,Norwich,1,1,D,1,1,D,A Madley,18,10,5,3,11,15,12,4,0,4,0,0,1.22,6.5,13.0,15:00,1.22,6.73,13.29,1.44,2.75,1.43,2.83,-2.0,2.04,1.83
2019/20,2019-12-14,Liverpool,Watford,2,0,H,1,0,H,A Marriner,16,8,6,2,8,6,6,3,2,1,0,0,1.16,7.5,17.0,12:30,1.17,7.72,16.32,1.4,3.0,1.39,3.01,-2.0,1.84,2.03
2019/20,2019-12-14,Sheffield United,Aston Villa,2,0,H,0,0,D,P Bankes,7,8,3,0,10,9,3,2,2,2,0,0,1.85,3.75,4.2,15:00,1.86,3.75,4.17,1.8,2.0,1.81,2.02,-0.5,1.85,2.01
2019/20,2019-12-14,Southampton,West Ham,0,1,A,0,1,A,M Atkinson,11,11,2,4,9,14,5,8,1,3,0,0,1.9,3.8,3.8,17:30,1.92,3.86,3.83,1.61,2.3,1.61,2.33,-0.5,1.91,1.95
2019/20,2019-12-15,Wolves,Tottenham,1,2,A,0,1,A,S Attwell,18,9,5,5,14,10,11,2,4,4,0,0,3.25,3.4,2.25,14:00,3.22,3.45,2.26,1.9,1.9,1.9,1.92,0.25,1.92,1.95
2019/20,2019-12-15,Arsenal,Man City,0,3,A,0,3,A,P Tierney,6,14,1,7,9,24,3,3,1,4,0,0,6.0,5.25,1.44,16:30,6.03,5.33,1.45,1.33,3.4,1.32,3.32,1.25,1.97,1.9
2019/20,2019-12-15,Man United,Everton,1,1,D,0,1,A,M Oliver,24,8,8,3,10,12,6,5,1,2,0,0,1.8,3.7,4.5,14:00,1.78,3.71,4.76,1.8,2.0,1.8,2.03,-0.75,2.0,1.87
2019/20,2019-12-16,Crystal Palace,Brighton,1,1,D,0,0,D,C Pawson,11,15,4,10,7,12,3,7,1,1,0,0,2.55,3.25,2.87,19:45,2.55,3.22,2.91,2.2,1.66,2.18,1.69,0.0,1.81,2.06
2019/20,2019-12-21,Man City,Leicester,3,1,H,2,1,H,M Dean,23,5,12,2,14,9,6,1,2,2,0,0,1.36,5.25,7.5,17:30,1.37,5.41,7.72,1.4,3.0,1.42,2.86,-2.5,3.38,1.32
2019/20,2019-12-21,Everton,Arsenal,0,0,D,0,0,D,K Friend,9,6,0,2,10,11,5,4,2,3,0,0,2.3,3.8,2.87,12:30,2.33,3.75,2.9,1.57,2.37,1.57,2.4,-0.25,2.03,1.84
2019/20,2019-12-21,Newcastle,Crystal Palace,1,0,H,0,0,D,S Hooper,8,16,3,4,12,11,4,5,2,0,0,0,2.37,3.1,3.25,15:00,2.43,3.11,3.22,2.5,1.53,2.44,1.56,-0.25,2.05,1.82
2019/20,2019-12-21,Bournemouth,Burnley,0,1,A,0,0,D,M Atkinson,3,2,0,1,13,21,4,5,2,4,0,0,2.4,3.4,2.9,15:00,2.43,3.38,2.97,1.9,1.9,1.92,1.9,-0.25,2.09,1.8
2019/20,2019-12-21,Aston Villa,Southampton,1,3,A,0,2,A,C Pawson,19,17,6,8,16,15,7,5,2,1,0,0,2.4,3.6,2.8,15:00,2.43,3.54,2.87,1.61,2.3,1.62,2.31,0.0,1.78,2.09
2019/20,2019-12-21,Brighton,Sheffield United,0,1,A,0,1,A,R Jones,9,7,2,2,6,11,4,3,1,3,0,0,2.2,3.25,3.5,15:00,2.21,3.27,3.52,2.1,1.72,2.11,1.73,-0.25,1.88,1.99
2019/20,2019-12-21,Norwich,Wolves,1,2,A,1,0,H,P Bankes,13,14,7,4,7,14,3,11,2,4,0,0,3.75,3.8,1.9,15:00,3.71,3.75,1.97,1.8,2.0,1.79,2.04,0.5,1.9,1.97
2019/20,2019-12-22,Watford,Man United,2,0,H,0,0,D,L Mason,11,17,3,8,16,11,3,5,3,1,0,0,4.33,4.0,1.75,14:00,4.39,3.89,1.8,1.9,1.9,1.85,1.97,0.75,1.83,2.04
2019/20,2019-12-22,Tottenham,Chelsea,0,2,A,0,2,A,A Taylor,5,13,1,3,9,11,3,5,4,3,1,0,2.37,3.75,2.75,16:30,2.37,3.65,2.88,1.57,2.37,1.59,2.37,-0.25,2.06,1.81
2019/20,2019-12-26,Aston Villa,Norwich,1,0,H,0,0,D,C Kavanagh,11,16,2,6,15,12,5,8,2,3,0,0,2.1,3.75,3.3,15:00,2.11,3.77,3.28,1.53,2.5,1.52,2.51,-0.25,1.85,2.02
2019/20,2019-12-26,Bournemouth,Arsenal,1,1,D,1,0,H,S Attwell,12,17,4,2,5,13,8,3,4,4,0,0,3.5,3.9,1.95,15:00,3.5,3.85,2.01,1.57,2.37,1.55,2.43,0.5,1.86,2.01
2019/20,2019-12-26,Chelsea,Southampton,0,2,A,0,1,A,J Moss,10,5,3,3,10,9,8,1,3,2,0,0,1.33,5.25,9.0,15:00,1.35,5.31,8.58,1.5,2.62,1.49,2.62,-1.5,1.99,1.87
2019/20,2019-12-26,Crystal Palace,West Ham,2,1,H,0,0,D,A Marriner,13,10,4,2,5,10,7,6,0,2,0,0,2.3,3.4,3.1,15:00,2.32,3.42,3.12,1.9,1.9,1.9,1.92,-0.25,2.0,1.86
2019/20,2019-12-26,Everton,Burnley,1,0,H,0,0,D,A Taylor,21,6,5,0,15,14,10,2,0,0,0,0,1.7,3.75,5.0,15:00,1.71,3.76,5.15,1.9,1.9,1.93,1.89,-0.75,1.92,1.94
2019/20,2019-12-26,Leicester,Liverpool,0,4,A,0,1,A,M Oliver,3,15,0,6,5,7,2,8,1,1,0,0,3.4,3.75,2.05,20:00,3.38,3.72,2.08,1.66,2.2,1.64,2.27,0.25,2.05,1.81
2019/20,2019-12-26,Man United,Newcastle,4,1,H,3,1,H,K Friend,22,7,10,2,10,7,5,0,2,2,0,0,1.33,5.25,9.0,17:30,1.35,5.19,9.18,1.72,2.1,1.72,2.13,-1.5,2.03,1.84
2019/20,2019-12-26,Sheffield United,Watford,1,1,D,1,1,D,D Coote,16,5,4,2,11,8,9,1,1,3,0,0,1.83,3.6,4.33,15:00,1.86,3.54,4.46,2.1,1.72,2.11,1.74,-0.5,1.85,2.01
2019/20,2019-12-26,Tottenham,Brighton,2,1,H,0,1,A,G Scott,11,11,5,5,10,9,9,2,4,2,0,0,1.53,4.33,6.0,12:30,1.55,4.41,5.73,1.61,2.3,1.6,2.35,-1.0,1.91,1.94
2019/20,2019-12-27,Wolves,Man City,3,2,H,0,1,A,M Atkinson,20,7,8,3,7,13,3,1,0,1,0,1,8.5,5.0,1.36,19:45,7.73,4.95,1.4,1.57,2.37,1.56,2.41,1.25,1.99,1.87
2019/20,2019-12-28,West Ham,Leicester,1,2,A,1,1,D,D Coote,14,13,4,8,16,4,5,5,4,1,0,0,4.0,3.9,1.83,17:30,4.03,3.87,1.86,1.61,2.3,1.61,2.32,0.5,2.02,1.85
2019/20,2019-12-28,Watford,Aston Villa,3,0,H,1,0,H,S Hooper,20,11,6,2,16,9,6,3,3,1,1,0,1.95,3.8,3.6,15:00,1.99,3.77,3.65,1.72,2.1,1.7,2.18,-0.5,1.98,1.88
2019/20,2019-12-28,Norwich,Tottenham,2,2,D,1,0,H,K Friend,5,15,2,7,12,10,4,6,3,3,0,0,5.0,4.0,1.66,17:30,4.93,4.07,1.69,1.57,2.37,1.6,2.35,0.75,2.01,1.85
2019/20,2019-12-28,Southampton,Crystal Palace,1,1,D,0,0,D,A Madley,14,5,5,2,13,7,12,4,1,2,0,0,1.95,3.6,3.8,15:00,1.98,3.57,3.91,2.0,1.8,2.04,1.78,-0.5,1.97,1.89
2019/20,2019-12-28,Burnley,Man United,0,2,A,0,1,A,M Dean,8,14,1,5,17,10,5,4,4,3,0,0,4.33,3.75,1.8,19:45,4.31,3.7,1.85,1.9,1.9,1.95,1.87,0.5,2.03,1.84
2019/20,2019-12-28,Brighton,Bournemouth,2,0,H,1,0,H,P Tierney,16,10,6,2,8,11,9,2,0,2,0,0,1.75,3.9,4.33,12:30,1.79,3.85,4.43,1.9,1.9,1.92,1.91,-0.75,2.03,1.84
2019/20,2019-12-28,Newcastle,Everton,1,2,A,0,1,A,L Mason,20,22,5,9,13,13,5,8,2,2,0,0,3.6,3.4,2.05,15:00,3.55,3.4,2.14,2.1,1.72,2.06,1.77,0.25,2.03,1.84
2019/20,2019-12-29,Arsenal,Chelsea,1,2,A,1,0,H,C Pawson,7,13,2,4,13,19,2,3,5,4,0,0,2.87,3.75,2.3,14:00,2.86,3.73,2.35,1.53,2.5,1.53,2.48,0.25,1.81,2.05
2019/20,2019-12-29,Liverpool,Wolves,1,0,H,1,0,H,A Taylor,10,10,3,2,7,3,5,6,1,0,0,0,1.25,5.75,12.0,16:30,1.28,5.84,10.92,1.57,2.37,1.55,2.43,-1.5,1.83,2.04
2019/20,2019-12-29,Man City,Sheffield United,2,0,H,0,0,D,C Kavanagh,16,8,4,0,5,6,8,5,1,1,0,0,1.16,7.5,16.0,18:00,1.18,7.62,14.91,1.4,3.0,1.38,3.0,-2.0,1.88,1.98
2019/20,2020-01-01,West Ham,Bournemouth,4,0,H,3,0,H,G Scott,14,3,7,2,3,12,9,2,1,2,0,0,1.9,3.75,3.8,17:30,1.95,3.84,3.68,1.66,2.2,1.67,2.22,-0.5,1.94,1.92
2019/20,2020-01-01,Arsenal,Man United,2,0,H,2,0,H,C Kavanagh,10,10,4,4,11,15,1,4,2,0,0,0,2.55,3.6,2.62,20:00,2.58,3.64,2.61,1.66,2.2,1.64,2.26,0.0,1.91,1.95
2019/20,2020-01-01,Brighton,Chelsea,1,1,D,0,1,A,S Attwell,16,16,5,5,8,15,5,3,2,3,0,0,3.6,3.6,1.95,12:30,3.7,3.64,2.01,1.72,2.1,1.7,2.15,0.5,1.86,2.0
2019/20,2020-01-01,Burnley,Aston Villa,1,2,A,0,2,A,M Oliver,20,11,1,6,12,10,8,4,1,1,0,0,1.75,3.8,4.33,12:30,1.81,3.81,4.37,1.9,1.9,1.87,1.94,-0.75,2.05,1.82
2019/20,2020-01-01,Man City,Everton,2,1,H,0,0,D,A Marriner,16,7,7,2,11,11,3,6,0,4,0,0,1.25,6.5,10.0,17:30,1.27,6.19,10.49,1.36,3.2,1.37,3.09,-1.75,1.95,1.91
2019/20,2020-01-01,Newcastle,Leicester,0,3,A,0,2,A,M Atkinson,5,17,2,10,8,12,4,5,1,1,0,0,5.0,3.8,1.66,15:00,5.26,3.9,1.67,1.9,1.9,1.94,1.87,0.75,2.0,1.86
2019/20,2020-01-01,Norwich,Crystal Palace,1,1,D,1,0,H,J Moss,15,12,4,3,12,9,2,5,5,0,0,0,2.5,3.4,2.75,17:30,2.53,3.46,2.77,1.9,1.9,1.88,1.94,0.0,1.84,2.02
2019/20,2020-01-01,Southampton,Tottenham,1,0,H,1,0,H,M Dean,12,11,3,5,21,8,6,9,3,4,0,0,3.3,3.5,2.1,15:00,3.34,3.54,2.16,1.66,2.2,1.66,2.23,0.25,1.99,1.87
2019/20,2020-01-01,Watford,Wolves,2,1,H,1,0,H,A Madley,9,16,3,4,12,6,4,7,3,1,1,0,3.0,3.4,2.3,15:00,3.16,3.37,2.32,2.0,1.8,2.0,1.82,0.25,1.87,1.99
2019/20,2020-01-02,Liverpool,Sheffield United,2,0,H,1,0,H,P Tierney,19,3,7,2,5,8,8,4,0,0,0,0,1.2,6.5,13.0,20:00,1.23,6.32,13.64,1.53,2.5,1.54,2.47,-1.75,1.89,1.97
2019/20,2020-01-10,Sheffield United,West Ham,1,0,H,0,0,D,M Oliver,13,7,3,2,11,6,7,3,1,0,0,0,1.95,3.4,4.0,20:00,2.02,3.43,3.94,2.0,1.8,2.03,1.8,-0.5,2.02,1.85
2019/20,2020-01-11,Tottenham,Liverpool,0,1,A,0,1,A,M Atkinson,14,13,4,7,4,8,4,3,0,2,0,0,4.5,4.33,1.66,17:30,4.59,4.22,1.7,1.61,2.3,1.62,2.3,0.75,1.97,1.9
2019/20,2020-01-11,Wolves,Newcastle,1,1,D,1,1,D,P Bankes,9,5,4,1,13,12,5,2,0,3,0,0,1.44,4.5,7.5,15:00,1.46,4.35,7.91,2.0,1.8,2.01,1.82,-1.0,1.77,2.12
2019/20,2020-01-11,Man United,Norwich,4,0,H,1,0,H,A Taylor,13,8,6,3,18,7,4,2,0,0,0,0,1.33,5.25,8.5,15:00,1.36,5.16,8.82,1.57,2.37,1.58,2.39,-1.5,2.05,1.82
2019/20,2020-01-11,Chelsea,Burnley,3,0,H,2,0,H,K Friend,18,7,8,2,7,4,10,3,0,3,0,0,1.28,5.5,11.0,15:00,1.29,5.61,11.06,1.66,2.2,1.66,2.24,-1.5,1.86,2.01
2019/20,2020-01-11,Everton,Brighton,1,0,H,1,0,H,D Coote,14,9,6,2,7,7,4,3,2,1,0,0,1.85,3.8,4.0,15:00,1.9,3.63,4.16,1.8,2.0,1.83,2.0,-0.5,1.9,1.97
2019/20,2020-01-11,Crystal Palace,Arsenal,1,1,D,0,1,A,P Tierney,6,7,3,4,14,22,1,4,2,3,0,1,4.1,3.9,1.8,12:30,4.19,3.87,1.83,1.8,2.0,1.8,2.03,0.75,1.8,2.07
2019/20,2020-01-11,Leicester,Southampton,1,2,A,1,1,D,L Mason,5,16,5,10,9,17,2,4,0,3,0,0,1.6,4.0,5.5,15:00,1.64,4.02,5.46,1.66,2.2,1.64,2.28,-1.0,2.1,1.79
2019/20,2020-01-12,Aston Villa,Man City,1,6,A,0,4,A,J Moss,7,22,1,12,5,12,2,4,2,1,0,0,13.0,8.5,1.16,16:30,14.5,8.39,1.17,1.28,3.75,1.27,3.74,2.25,1.93,1.93
2019/20,2020-01-12,Bournemouth,Watford,0,3,A,0,1,A,M Dean,10,18,1,6,3,13,5,5,1,1,0,0,2.6,3.3,2.7,14:00,2.61,3.37,2.75,1.9,1.9,1.89,1.93,0.0,1.88,1.98
2019/20,2020-01-18,Arsenal,Sheffield United,1,1,D,1,0,H,M Dean,11,12,4,4,9,13,4,5,1,2,0,0,1.83,3.6,4.33,15:00,1.85,3.61,4.46,2.0,1.8,1.99,1.83,-0.5,1.84,2.03
2019/20,2020-01-18,Brighton,Aston Villa,1,1,D,1,0,H,A Madley,10,8,2,3,11,13,3,4,3,3,0,0,1.66,4.0,5.0,15:00,1.65,4.29,4.94,1.66,2.2,1.65,2.26,-0.75,1.82,2.06
2019/20,2020-01-18,Man City,Crystal Palace,2,2,D,0,1,A,S Scott,25,5,6,3,9,7,14,2,1,2,0,0,1.1,11.0,19.0,15:00,1.1,10.64,24.53,1.3,3.5,1.29,3.53,-2.5,1.83,2.03
2019/20,2020-01-18,Newcastle,Chelsea,1,0,H,0,0,D,C Kavanagh,7,19,2,4,9,14,1,10,1,1,0,0,6.0,4.5,1.5,17:30,6.02,4.53,1.52,1.72,2.1,1.68,2.2,1.0,2.01,1.86
2019/20,2020-01-18,Norwich,Bournemouth,1,0,H,1,0,H,P Tierney,16,6,5,3,10,10,4,5,2,2,1,1,2.2,3.5,3.25,15:00,2.22,3.56,3.19,1.8,2.0,1.79,2.04,-0.25,1.93,1.94
2019/20,2020-01-18,Southampton,Wolves,2,3,A,2,0,H,D England,11,8,5,4,13,12,1,3,2,1,0,0,2.4,3.4,3.0,15:00,2.39,3.37,3.05,2.0,1.8,2.02,1.8,-0.25,2.04,1.83
2019/20,2020-01-18,Watford,Tottenham,0,0,D,0,0,D,M Oliver,15,17,2,5,13,13,3,3,2,3,0,0,3.25,3.5,2.2,12:30,3.18,3.52,2.25,1.8,2.0,1.81,2.02,0.25,1.92,1.95
2019/20,2020-01-18,West Ham,Everton,1,1,D,1,1,D,A Marriner,12,11,6,3,11,13,7,6,1,0,0,0,2.9,3.5,2.37,15:00,2.96,3.46,2.4,1.8,2.0,1.84,1.97,0.25,1.81,2.07
2019/20,2020-01-19,Liverpool,Man United,2,0,H,1,0,H,C Pawson,16,9,5,4,7,10,11,5,1,3,0,0,1.36,5.25,8.0,16:30,1.37,5.12,8.31,1.66,2.2,1.66,2.23,-1.25,1.83,2.04
2019/20,2020-01-19,Burnley,Leicester,2,1,H,0,1,A,A Taylor,8,18,5,8,14,8,4,5,1,0,0,0,4.33,3.75,1.83,14:00,4.19,3.71,1.87,1.9,1.9,1.85,1.96,0.5,2.0,1.87
2019/20,2020-01-21,Aston Villa,Watford,2,1,H,0,1,A,M Atkinson,16,8,5,2,11,18,6,3,2,2,0,0,2.8,3.5,2.45,19:30,2.86,3.46,2.49,1.9,1.9,1.89,1.93,0.0,2.08,1.8
2019/20,2020-01-21,Bournemouth,Brighton,3,1,H,2,0,H,K Friend,11,21,3,8,9,12,5,8,1,1,0,0,2.87,3.4,2.45,19:30,2.94,3.35,2.47,2.0,1.8,1.98,1.85,0.0,2.1,1.78
2019/20,2020-01-21,Chelsea,Arsenal,2,2,D,1,0,H,S Attwell,19,2,8,2,11,6,17,5,2,1,0,1,1.72,3.9,4.5,20:15,1.74,3.95,4.71,1.72,2.1,1.68,2.2,-0.75,1.94,1.94
2019/20,2020-01-21,Crystal Palace,Southampton,0,2,A,0,1,A,A Marriner,6,15,0,6,12,13,0,8,1,2,0,0,2.7,3.25,2.7,19:30,2.73,3.26,2.72,2.2,1.66,2.21,1.68,0.0,1.93,1.93
2019/20,2020-01-21,Everton,Newcastle,2,2,D,1,0,H,S Hooper,17,8,8,2,13,10,6,4,1,1,0,0,1.55,4.1,6.0,19:30,1.6,3.99,6.06,1.9,1.9,1.95,1.87,-1.0,2.07,1.81
2019/20,2020-01-21,Sheffield United,Man City,0,1,A,0,0,D,L Mason,4,18,1,5,13,13,5,13,4,3,0,0,7.0,5.0,1.4,19:30,7.41,4.82,1.43,1.61,2.3,1.6,2.36,1.25,1.92,1.96
2019/20,2020-01-22,Leicester,West Ham,4,1,H,2,0,H,D Coote,19,6,8,2,10,19,7,8,1,1,0,0,1.53,4.33,6.0,19:30,1.53,4.49,5.97,1.57,2.37,1.62,2.32,-1.0,1.87,1.99
2019/20,2020-01-22,Man United,Burnley,0,2,A,0,1,A,J Moss,24,5,7,2,11,7,5,2,0,2,0,0,1.36,4.75,9.0,20:15,1.41,4.65,8.43,1.8,2.0,1.81,2.02,-1.25,1.95,1.92
2019/20,2020-01-22,Tottenham,Norwich,2,1,H,1,0,H,C Kavanagh,14,12,3,2,12,7,7,3,0,1,0,0,1.4,5.0,7.5,19:30,1.42,4.89,7.5,1.53,2.5,1.54,2.49,-1.25,1.91,1.95
2019/20,2020-01-23,Wolves,Liverpool,1,2,A,0,1,A,M Oliver,10,13,3,6,6,11,2,4,0,1,0,0,5.75,3.8,1.61,20:00,5.63,3.92,1.64,1.8,2.0,1.8,2.02,0.75,2.07,1.81
2019/20,2020-01-29,West Ham,Liverpool,0,2,A,0,1,A,J Moss,7,13,4,5,6,6,3,7,2,0,0,0,8.5,5.5,1.33,19:45,8.76,5.55,1.33,1.57,2.37,1.56,2.44,1.5,1.9,1.96
2019/20,2020-02-01,Watford,Everton,2,3,A,2,2,D,C Pawson,11,12,2,5,17,14,4,4,2,2,0,1,2.75,3.3,2.62,15:00,2.75,3.31,2.64,2.0,1.8,2.01,1.81,0.0,1.95,1.9
2019/20,2020-02-01,Leicester,Chelsea,2,2,D,0,0,D,L Mason,14,7,4,3,16,14,4,6,2,2,0,0,2.5,3.6,2.7,12:30,2.52,3.59,2.72,1.72,2.1,1.69,2.18,0.0,1.87,1.99
2019/20,2020-02-01,West Ham,Brighton,3,3,D,2,0,H,M Oliver,12,19,6,6,8,9,4,6,1,1,0,0,2.6,3.3,2.75,15:00,2.56,3.37,2.8,1.9,1.9,1.92,1.9,0.0,1.84,2.02
2019/20,2020-02-01,Newcastle,Norwich,0,0,D,0,0,D,M Atkinson,15,19,5,4,10,15,8,12,2,1,0,0,2.2,3.4,3.3,15:00,2.24,3.39,3.31,2.0,1.8,1.99,1.83,-0.25,1.92,1.95
2019/20,2020-02-01,Bournemouth,Aston Villa,2,1,H,2,0,H,A Taylor,16,18,6,5,10,15,1,8,1,3,1,0,2.1,3.6,3.3,15:00,2.13,3.57,3.39,1.8,2.0,1.78,2.04,-0.25,1.85,2.02
2019/20,2020-02-01,Liverpool,Southampton,4,0,H,0,0,D,K Friend,16,17,9,4,9,15,6,11,0,2,0,0,1.25,6.0,12.0,15:00,1.28,5.86,10.73,1.53,2.5,1.53,2.49,-1.5,1.84,2.02
2019/20,2020-02-01,Crystal Palace,Sheffield United,0,1,A,0,0,D,A Madley,13,10,3,3,9,15,9,5,3,2,0,0,3.1,3.1,2.5,15:00,3.11,3.06,2.52,2.62,1.5,2.63,1.48,0.0,2.13,1.76
2019/20,2020-02-01,Man United,Wolves,0,0,D,0,0,D,P Tierney,15,14,5,3,14,15,4,6,3,2,0,0,2.25,3.25,3.4,17:30,2.23,3.24,3.48,2.2,1.66,2.18,1.69,-0.25,1.91,1.96
2019/20,2020-02-02,Burnley,Arsenal,0,0,D,0,0,D,C Kavanagh,15,13,2,2,8,11,5,7,1,3,0,0,3.6,3.6,2.0,14:00,3.75,3.53,2.02,1.9,1.9,1.9,1.91,0.5,1.85,2.01
2019/20,2020-02-02,Tottenham,Man City,2,0,H,0,0,D,M Dean,3,18,3,5,8,14,2,6,2,3,0,1,5.5,4.6,1.53,16:30,5.64,4.45,1.56,1.5,2.62,1.49,2.61,1.0,1.96,1.9
2019/20,2020-02-08,Brighton,Watford,1,1,D,0,1,A,K Friend,10,5,2,2,9,12,3,2,2,2,0,0,2.1,3.4,3.6,17:30,2.15,3.37,3.53,2.0,1.8,1.97,1.85,-0.25,1.85,2.02
2019/20,2020-02-08,Everton,Crystal Palace,3,1,H,1,0,H,D Coote,14,10,8,2,11,12,4,6,0,1,0,0,1.61,3.8,6.0,12:30,1.63,3.77,6.02,2.1,1.72,2.09,1.75,-0.75,1.83,2.05
2019/20,2020-02-09,Sheffield United,Bournemouth,2,1,H,1,1,D,J Moss,16,10,6,2,10,8,8,4,2,2,0,0,1.66,3.6,5.75,14:00,1.72,3.54,5.58,2.3,1.61,2.28,1.63,-0.75,1.95,1.91
2019/20,2020-02-14,Wolves,Leicester,0,0,D,0,0,D,M Dean,15,9,3,3,13,10,7,0,2,2,0,1,2.5,3.3,2.87,20:00,2.55,3.29,2.91,2.0,1.8,2.03,1.8,0.0,1.82,2.07
2019/20,2020-02-15,Norwich,Liverpool,0,1,A,0,0,D,S Attwell,5,17,1,6,5,11,2,7,1,2,0,0,11.0,6.25,1.25,17:30,10.02,6.0,1.29,1.53,2.5,1.51,2.56,1.5,1.99,1.87
2019/20,2020-02-15,Southampton,Burnley,1,2,A,1,1,D,S Hooper,10,9,2,6,8,11,4,3,2,2,0,0,1.75,3.8,4.75,12:30,1.79,3.69,4.7,1.9,1.9,1.96,1.86,-0.75,2.03,1.85
2019/20,2020-02-16,Arsenal,Newcastle,4,0,H,0,0,D,L Mason,15,10,7,2,15,9,5,6,2,0,0,0,1.4,4.75,8.0,16:30,1.43,4.6,7.72,1.72,2.1,1.72,2.13,-1.25,1.99,1.88
2019/20,2020-02-16,Aston Villa,Tottenham,2,3,A,1,2,A,M Atkinson,18,23,4,10,12,10,12,7,2,0,0,0,4.0,3.8,1.85,14:00,4.01,3.78,1.89,1.72,2.1,1.69,2.18,0.5,1.99,1.88
2019/20,2020-02-17,Chelsea,Man United,0,2,A,0,1,A,A Taylor,17,9,1,3,11,11,9,8,4,3,0,0,1.85,3.5,4.5,20:00,1.86,3.6,4.35,1.9,1.9,1.89,1.93,-0.5,1.86,2.01
2019/20,2020-02-19,Man City,West Ham,2,0,H,1,0,H,K Friend,20,3,7,0,5,7,6,1,0,1,0,0,1.12,9.5,17.0,19:30,1.13,9.37,18.28,1.22,4.33,1.23,4.04,-2.5,1.94,1.92
2019/20,2020-02-22,Burnley,Bournemouth,3,0,H,0,0,D,M Dean,16,12,10,4,9,9,7,3,4,3,0,0,2.1,3.3,3.7,15:00,2.15,3.28,3.65,2.2,1.66,2.23,1.66,-0.25,1.83,2.05
2019/20,2020-02-22,Chelsea,Tottenham,2,1,H,1,0,H,M Oliver,17,5,7,3,14,14,3,5,1,2,0,0,1.72,4.0,4.5,12:30,1.73,3.94,4.72,1.8,2.0,1.81,2.02,-0.75,1.95,1.93
2019/20,2020-02-22,Crystal Palace,Newcastle,1,0,H,1,0,H,P Bankes,18,8,9,2,15,11,7,5,2,6,0,1,1.95,3.4,4.2,15:00,1.96,3.3,4.35,2.5,1.53,2.51,1.53,-0.5,1.96,1.91
2019/20,2020-02-22,Leicester,Man City,0,1,A,0,0,D,P Tierney,10,18,3,7,14,10,3,7,0,0,0,0,4.5,4.2,1.7,17:30,4.49,4.15,1.73,1.53,2.5,1.54,2.47,0.75,1.94,1.93
2019/20,2020-02-22,Sheffield United,Brighton,1,1,D,1,1,D,G Scott,14,8,3,2,3,6,12,2,0,2,0,0,1.95,3.4,4.2,15:00,1.96,3.34,4.31,2.2,1.66,2.23,1.66,-0.5,1.95,1.92
2019/20,2020-02-22,Southampton,Aston Villa,2,0,H,1,0,H,C Pawson,28,4,9,1,13,17,9,6,1,4,0,0,1.61,4.33,5.0,15:00,1.64,4.23,5.1,1.57,2.37,1.59,2.37,-1.0,2.07,1.81
2019/20,2020-02-23,Arsenal,Everton,3,2,H,2,2,D,S Attwell,9,17,4,5,12,12,6,3,0,4,0,0,2.0,3.6,3.7,16:30,2.04,3.6,3.63,1.72,2.1,1.73,2.11,-0.5,2.03,1.84
2019/20,2020-02-23,Man United,Watford,3,0,H,1,0,H,M Atkinson,21,7,9,2,6,15,3,5,0,1,0,0,1.6,3.9,6.0,14:00,1.6,3.97,5.98,1.9,1.9,1.91,1.91,-1.0,2.06,1.81
2019/20,2020-02-23,Wolves,Norwich,3,0,H,2,0,H,C Kavanagh,19,6,6,4,11,6,4,1,2,3,0,0,1.5,4.2,7.0,14:00,1.52,4.27,6.55,1.9,1.9,1.87,1.95,-1.0,1.88,1.98
2019/20,2020-02-24,Liverpool,West Ham,3,2,H,1,1,D,J Moss,25,7,7,4,4,10,16,8,0,3,0,0,1.16,8.0,15.0,20:00,1.17,7.81,16.2,1.36,3.2,1.38,3.03,-2.0,1.82,2.05
2019/20,2020-02-28,Norwich,Leicester,1,0,H,0,0,D,C Pawson,11,19,6,4,13,16,6,7,1,2,0,0,4.33,4.1,1.72,20:00,4.66,4.02,1.74,1.72,2.1,1.72,2.13,0.75,1.94,1.93
2019/20,2020-02-29,West Ham,Southampton,3,1,H,2,1,H,A Taylor,14,10,7,2,8,11,4,9,1,1,0,0,2.65,3.6,2.5,15:00,2.71,3.54,2.55,1.72,2.1,1.75,2.07,0.0,1.98,1.88
2019/20,2020-02-29,Newcastle,Burnley,0,0,D,0,0,D,A Madley,21,8,4,1,11,9,11,7,4,3,0,0,2.62,3.1,2.9,15:00,2.64,3.11,2.9,2.3,1.61,2.34,1.6,0.0,1.84,2.02
2019/20,2020-02-29,Watford,Liverpool,3,0,H,0,0,D,M Oliver,14,7,5,1,4,8,3,5,0,0,0,0,8.0,4.75,1.4,17:30,7.52,4.84,1.42,1.66,2.2,1.64,2.26,1.25,1.89,1.97
2019/20,2020-02-29,Bournemouth,Chelsea,2,2,D,0,1,A,A Marriner,9,23,5,6,8,5,4,14,2,2,0,0,4.75,3.8,1.72,15:00,4.68,3.84,1.76,1.8,2.0,1.8,2.03,0.75,1.87,1.99
2019/20,2020-02-29,Brighton,Crystal Palace,0,1,A,0,0,D,M Atkinson,24,12,8,3,8,9,8,7,1,1,0,0,2.05,3.25,3.9,12:30,2.08,3.24,3.93,2.3,1.61,2.31,1.62,-0.5,2.08,1.8
2019/20,2020-03-01,Everton,Man United,1,1,D,1,1,D,C Kavanagh,16,14,5,5,11,11,13,8,3,4,0,0,2.5,3.25,2.9,14:00,2.54,3.33,2.85,1.9,1.9,1.98,1.83,0.0,1.83,2.03
2019/20,2020-03-01,Tottenham,Wolves,2,3,A,2,1,H,S Attwell,13,14,5,4,12,14,4,5,3,2,0,0,2.45,3.2,3.0,14:00,2.44,3.17,3.13,2.2,1.66,2.22,1.66,-0.25,2.08,1.79
2019/20,2020-03-07,Arsenal,West Ham,1,0,H,0,0,D,M Atkinson,9,14,2,6,11,9,6,7,1,2,0,0,1.57,4.4,5.5,15:00,1.56,4.37,5.78,1.57,2.37,1.6,2.35,-1.0,1.93,1.93
2019/20,2020-03-07,Burnley,Tottenham,1,1,D,1,0,H,J Moss,21,13,8,2,16,11,3,5,5,4,0,0,2.7,3.3,2.62,17:30,2.72,3.3,2.69,2.1,1.72,2.06,1.77,0.0,1.94,1.92
2019/20,2020-03-07,Crystal Palace,Watford,1,0,H,1,0,H,A Taylor,10,10,3,4,12,19,8,8,4,4,0,0,2.55,3.2,2.9,15:00,2.57,3.19,2.95,2.3,1.61,2.28,1.63,0.0,1.8,2.08
2019/20,2020-03-07,Liverpool,Bournemouth,2,1,H,2,1,H,P Tierney,14,6,6,4,10,12,9,4,0,1,0,0,1.22,6.5,13.0,12:30,1.25,6.24,11.93,1.44,2.75,1.47,2.68,-1.75,1.94,1.93
2019/20,2020-03-07,Sheffield United,Norwich,1,0,H,1,0,H,S Hooper,10,12,4,5,12,8,10,5,0,0,0,0,1.65,3.75,5.75,15:00,1.66,3.78,5.71,2.1,1.72,2.06,1.77,-0.75,1.86,2.01
2019/20,2020-03-07,Southampton,Newcastle,0,1,A,0,0,D,G Scott,6,14,3,7,14,15,5,8,0,3,1,0,1.61,4.1,5.25,15:00,1.67,3.95,5.27,1.8,2.0,1.81,2.01,-0.75,1.86,2.01
2019/20,2020-03-07,Wolves,Brighton,0,0,D,0,0,D,A Marriner,11,7,1,1,4,7,2,0,1,3,0,0,1.61,3.9,5.75,15:00,1.65,3.95,5.48,2.0,1.8,1.99,1.82,-0.75,1.83,2.04
2019/20,2020-03-08,Chelsea,Everton,4,0,H,2,0,H,K Friend,17,3,11,1,8,10,6,1,1,2,0,0,1.8,3.9,4.2,14:00,1.87,3.74,4.2,1.72,2.1,1.71,2.14,-0.5,1.86,2.01
2019/20,2020-03-08,Man United,Man City,2,0,H,1,0,H,M Dean,12,7,6,2,11,9,2,11,2,4,0,0,5.0,4.33,1.6,16:30,5.04,4.28,1.64,1.66,2.2,1.66,2.22,0.75,2.07,1.8
2019/20,2020-03-09,Leicester,Aston Villa,4,0,H,1,0,H,M Oliver,15,4,7,1,15,12,9,0,2,1,0,0,1.36,5.25,8.0,20:00,1.38,5.12,8.05,1.53,2.5,1.52,2.48,-1.5,2.06,1.8
2019/20,2020-06-17,Man City,Arsenal,3,0,H,1,0,H,A Taylor,20,3,12,0,9,7,5,2,1,1,0,1,1.36,5.25,7.5,20:15,1.35,5.5,8.11,1.36,3.2,1.38,3.04,-1.5,1.92,1.95
2019/20,2020-06-17,Aston Villa,Sheffield United,0,0,D,0,0,D,M Oliver,14,5,6,1,11,14,12,4,1,1,0,0,3.2,3.4,2.25,18:00,3.3,3.33,2.27,2.1,1.72,2.08,1.76,0.25,1.92,1.94
2019/20,2020-06-19,Norwich,Southampton,0,3,A,0,0,D,K Friend,9,22,1,9,9,15,9,7,1,1,0,0,2.8,3.5,2.45,18:00,2.84,3.4,2.53,1.9,1.9,1.92,1.91,0.0,2.04,1.85
2019/20,2020-06-19,Tottenham,Man United,1,1,D,1,0,H,J Moss,10,12,3,6,17,18,7,6,0,1,0,0,3.0,3.4,2.37,20:15,3.03,3.4,2.43,1.9,1.9,1.94,1.89,0.25,1.82,2.07
2019/20,2020-06-20,Bournemouth,Crystal Palace,0,2,A,0,2,A,S Attwell,12,7,1,2,13,15,11,4,3,2,0,0,2.45,3.2,3.0,19:45,2.51,3.24,2.98,2.1,1.72,2.12,1.73,-0.25,2.13,1.76
2019/20,2020-06-20,Brighton,Arsenal,2,1,H,0,0,D,M Atkinson,9,13,5,6,13,8,10,7,2,1,0,0,3.1,3.25,2.37,15:00,3.04,3.37,2.39,1.9,1.9,1.93,1.89,0.25,1.82,2.07
2019/20,2020-06-20,Watford,Leicester,1,1,D,0,0,D,C Pawson,8,15,4,2,15,12,2,7,0,1,0,0,3.6,3.5,2.05,12:30,3.59,3.52,2.09,1.9,1.9,1.91,1.92,0.25,2.09,1.8
2019/20,2020-06-20,West Ham,Wolves,0,2,A,0,0,D,A Taylor,7,10,2,6,8,7,5,7,1,1,0,0,3.6,3.4,2.1,17:30,3.57,3.36,2.15,2.0,1.8,2.06,1.78,0.25,2.03,1.85
2019/20,2020-06-21,Aston Villa,Chelsea,1,2,A,1,0,H,P Tierney,8,19,4,5,9,17,2,10,2,1,0,0,6.0,4.5,1.5,16:15,6.0,4.5,1.53,1.57,2.37,1.59,2.38,1.0,2.03,1.85
2019/20,2020-06-21,Everton,Liverpool,0,0,D,0,0,D,M Dean,9,10,3,3,15,12,1,6,2,2,0,0,6.0,4.2,1.55,19:00,5.66,4.23,1.59,1.66,2.2,1.66,2.23,1.0,1.88,2.0
2019/20,2020-06-21,Newcastle,Sheffield United,3,0,H,0,0,D,D Coote,12,7,8,1,9,10,2,4,2,0,0,1,3.3,3.1,2.37,14:00,3.31,3.1,2.38,2.5,1.53,2.46,1.55,0.25,1.85,2.02
2019/20,2020-06-22,Man City,Burnley,5,0,H,3,0,H,A Marriner,19,1,7,0,8,7,3,1,1,1,0,0,1.12,9.0,15.0,20:00,1.13,8.97,19.85,1.33,3.4,1.32,3.35,-2.5,2.04,1.84
2019/20,2020-06-23,Leicester,Brighton,0,0,D,0,0,D,L Mason,11,10,2,2,10,13,6,7,2,2,0,0,1.6,4.0,5.75,18:00,1.64,3.97,5.64,1.9,1.9,1.95,1.88,-0.75,1.82,2.07
2019/20,2020-06-23,Tottenham,West Ham,2,0,H,0,0,D,C Pawson,15,10,4,2,12,7,9,4,2,2,0,0,1.66,4.0,5.0,20:15,1.67,4.01,5.21,1.8,2.0,1.79,2.05,-0.75,1.86,2.03
2019/20,2020-06-24,Norwich,Everton,0,1,A,0,0,D,A Madley,9,12,1,5,8,13,6,5,0,1,0,0,3.9,3.6,1.9,18:00,3.94,3.66,1.94,1.8,2.0,1.82,2.01,0.5,1.94,1.93
2019/20,2020-06-24,Newcastle,Aston Villa,1,1,D,0,0,D,C Kavanagh,13,14,3,2,15,13,6,9,2,2,0,0,2.3,3.3,3.2,18:00,2.33,3.33,3.17,2.1,1.72,2.09,1.76,-0.25,2.01,1.87
2019/20,2020-06-24,Wolves,Bournemouth,1,0,H,0,0,D,M Oliver,10,4,2,0,11,11,6,4,3,3,0,0,1.55,4.0,6.0,18:00,1.58,4.03,6.11,2.1,1.72,2.07,1.77,-1.0,2.06,1.83
2019/20,2020-06-24,Liverpool,Crystal Palace,4,0,H,2,0,H,M Atkinson,21,3,7,0,7,5,6,0,0,0,0,0,1.22,6.5,13.0,20:15,1.24,6.13,13.09,1.66,2.2,1.69,2.19,-1.5,1.82,2.07
2019/20,2020-06-24,Man United,Sheffield United,3,0,H,2,0,H,A Taylor,15,4,6,1,10,6,10,5,1,0,0,0,1.4,4.5,8.5,18:00,1.43,4.39,8.62,2.0,1.8,2.0,1.83,-1.25,2.03,1.85
2019/20,2020-06-25,Chelsea,Man City,2,1,H,1,0,H,S Attwell,15,11,10,2,13,3,5,7,1,1,0,1,4.0,4.0,1.8,20:15,4.14,4.07,1.8,1.61,2.3,1.63,2.29,0.75,1.85,2.02
2019/20,2020-06-25,Southampton,Arsenal,0,2,A,0,1,A,G Scott,12,10,3,5,10,14,4,6,0,2,1,0,2.6,3.5,2.62,18:00,2.64,3.47,2.65,1.8,2.0,1.8,2.03,0.0,1.93,1.94
2019/20,2020-06-25,Burnley,Watford,1,0,H,0,0,D,M Dean,9,10,5,4,13,15,1,7,1,0,0,0,3.0,3.25,2.45,18:00,3.02,3.22,2.48,2.2,1.66,2.18,1.7,0.0,2.12,1.78
2019/20,2020-06-27,Aston Villa,Wolves,0,1,A,0,0,D,C Pawson,11,9,1,2,16,16,2,2,1,1,0,0,4.6,3.7,1.75,12:30,4.79,3.68,1.78,2.1,1.72,2.08,1.76,0.75,1.85,2.01
2019/20,2020-06-28,Watford,Southampton,1,3,A,0,1,A,M Oliver,8,11,0,7,18,9,5,3,3,0,0,0,2.5,3.3,2.87,16:30,2.49,3.32,2.92,2.0,1.8,2.0,1.83,0.0,1.8,2.09
2019/20,2020-06-29,Crystal Palace,Burnley,0,1,A,0,0,D,S Hooper,17,8,4,4,12,13,9,1,1,1,0,0,2.25,3.2,3.4,20:00,2.29,3.16,3.41,2.5,1.53,2.42,1.57,-0.25,1.95,1.92
2019/20,2020-06-30,Brighton,Man United,0,3,A,0,2,A,A Marriner,8,12,2,6,10,9,4,5,0,1,0,0,6.0,3.8,1.61,20:15,6.31,3.85,1.61,2.1,1.72,2.1,1.76,1.0,1.82,2.08
2019/20,2020-07-01,Everton,Leicester,2,1,H,2,0,H,D Coote,7,15,2,3,13,10,3,5,1,1,0,0,2.5,3.3,2.9,18:00,2.54,3.28,2.9,2.1,1.72,2.08,1.76,0.0,1.81,2.08
2019/20,2020-07-01,West Ham,Chelsea,3,2,H,1,1,D,M Atkinson,10,17,4,6,10,9,2,3,2,1,0,0,5.5,4.33,1.57,20:15,5.48,4.27,1.59,1.72,2.1,1.72,2.14,1.0,1.86,2.02
2019/20,2020-07-01,Arsenal,Norwich,4,0,H,2,0,H,P Bankes,13,8,8,2,10,10,6,2,1,4,0,0,1.44,4.75,7.0,18:00,1.44,4.69,7.23,1.72,2.1,1.7,2.18,-1.25,2.02,1.86
2019/20,2020-07-01,Bournemouth,Newcastle,1,4,A,0,2,A,K Friend,12,12,1,7,11,10,6,3,2,0,0,0,2.4,3.1,3.2,18:00,2.4,3.16,3.21,2.37,1.57,2.38,1.59,-0.25,2.05,1.83
2019/20,2020-07-02,Man City,Liverpool,4,0,H,3,0,H,A Taylor,14,11,6,3,8,7,3,3,2,2,0,0,2.05,3.9,3.3,20:15,2.07,3.85,3.32,1.57,2.37,1.57,2.42,-0.5,2.06,1.81
2019/20,2020-07-02,Sheffield United,Tottenham,3,1,H,1,0,H,C Kavanagh,7,9,5,2,13,13,1,6,2,0,0,0,4.2,3.4,1.95,18:00,4.1,3.41,1.98,2.2,1.66,2.15,1.71,0.5,1.9,1.97
2019/20,2020-07-04,Chelsea,Watford,3,0,H,2,0,H,K Friend,21,7,9,3,9,12,5,3,0,2,0,0,1.4,4.75,8.0,20:00,1.43,4.61,7.96,1.72,2.1,1.73,2.13,-1.25,1.99,1.89
2019/20,2020-07-04,Leicester,Crystal Palace,3,0,H,0,0,D,J Moss,15,7,4,1,18,8,3,7,2,1,0,0,1.66,3.6,5.75,15:00,1.68,3.63,5.84,2.2,1.66,2.21,1.69,-0.75,1.89,1.99
2019/20,2020-07-04,Man United,Bournemouth,5,2,H,3,1,H,M Dean,19,7,10,3,13,12,8,3,0,1,0,0,1.16,7.5,17.0,15:00,1.17,7.46,17.41,1.53,2.5,1.53,2.54,-2.0,1.92,1.96
2019/20,2020-07-04,Norwich,Brighton,0,1,A,0,1,A,S Attwell,12,8,1,2,11,13,0,2,2,2,0,0,3.3,3.4,2.2,12:30,3.39,3.32,2.23,2.1,1.72,2.08,1.77,0.25,1.96,1.92
2019/20,2020-07-04,Wolves,Arsenal,0,2,A,0,1,A,M Oliver,10,8,1,5,6,11,3,5,2,4,0,0,2.25,3.4,3.25,17:30,2.27,3.3,3.32,2.1,1.72,2.1,1.75,-0.25,1.96,1.92
2019/20,2020-07-05,Southampton,Man City,1,0,H,1,0,H,A Marriner,8,26,4,6,6,7,2,13,1,2,0,0,8.5,6.0,1.3,19:00,9.03,5.56,1.33,1.53,2.5,1.54,2.47,1.5,1.93,1.94
2019/20,2020-07-05,Newcastle,West Ham,2,2,D,1,1,D,C Pawson,11,17,4,7,9,11,6,4,0,0,0,0,2.6,3.3,2.75,14:15,2.66,3.28,2.74,2.0,1.8,2.0,1.82,0.0,1.91,1.96
2019/20,2020-07-05,Burnley,Sheffield United,1,1,D,1,0,H,P Bankes,9,10,4,3,8,14,3,9,0,0,0,0,2.9,3.0,2.7,12:00,2.91,2.97,2.75,2.62,1.5,2.65,1.49,0.0,1.99,1.89
2019/20,2020-07-05,Liverpool,Aston Villa,2,0,H,0,0,D,P Tierney,6,9,4,3,18,8,7,5,1,1,0,0,1.33,5.5,8.5,16:30,1.35,5.45,8.4,1.5,2.62,1.49,2.62,-1.5,1.98,1.9
2019/20,2020-07-06,Tottenham,Everton,1,0,H,1,0,H,G Scott,12,11,2,3,14,18,5,6,3,2,0,0,2.1,3.5,3.4,20:00,2.13,3.51,3.45,1.9,1.9,1.86,1.97,-0.25,1.84,2.04
2019/20,2020-07-07,Arsenal,Leicester,1,1,D,1,0,H,C Kavanagh,11,13,7,5,10,14,10,1,1,0,1,0,2.3,3.5,3.0,20:15,2.38,3.43,3.03,1.9,1.9,1.88,1.95,-0.25,2.06,1.83
2019/20,2020-07-07,Crystal Palace,Chelsea,2,3,A,1,2,A,D Coote,13,14,4,6,11,10,7,9,1,0,0,0,8.5,4.5,1.4,18:00,8.43,4.5,1.43,1.86,2.04,1.83,2.0,1.25,1.89,1.99
2019/20,2020-07-07,Watford,Norwich,2,1,H,1,1,D,A Taylor,9,12,4,3,11,15,4,3,2,4,0,0,1.7,3.75,5.0,18:00,1.75,3.71,5.02,2.0,1.8,2.05,1.8,-0.75,2.0,1.89
2019/20,2020-07-08,Brighton,Liverpool,1,3,A,1,2,A,C Pawson,12,19,2,8,7,15,6,10,1,4,0,0,6.0,4.33,1.53,20:15,5.99,4.26,1.56,1.72,2.1,1.73,2.12,1.0,1.92,1.96
2019/20,2020-07-08,Man City,Newcastle,5,0,H,2,0,H,A Madley,23,6,9,1,12,7,8,1,0,0,0,0,1.12,9.0,21.0,18:00,1.13,9.15,22.2,1.36,3.2,1.39,3.01,-2.25,1.86,2.02
2019/20,2020-07-08,Sheffield United,Wolves,1,0,H,0,0,D,M Atkinson,7,6,3,1,5,6,6,1,2,0,0,0,3.8,3.2,2.1,18:00,3.96,3.08,2.14,2.75,1.44,2.69,1.47,0.25,2.07,1.81
2019/20,2020-07-08,West Ham,Burnley,0,1,A,0,1,A,M Oliver,21,8,5,4,7,7,10,3,1,1,0,0,2.0,3.4,3.9,18:00,2.02,3.42,3.89,2.0,1.8,2.06,1.78,-0.5,2.02,1.85
2019/20,2020-07-09,Aston Villa,Man United,0,3,A,0,2,A,J Moss,9,14,1,6,7,13,3,5,2,3,0,0,9.0,5.25,1.33,20:15,9.26,5.15,1.35,1.66,2.2,1.65,2.25,1.5,1.86,2.01
2019/20,2020-07-09,Bournemouth,Tottenham,0,0,D,0,0,D,P Tierney,9,9,2,0,11,14,8,12,3,2,0,0,5.25,3.8,1.66,18:00,5.03,4.0,1.68,1.72,2.1,1.73,2.12,0.75,2.0,1.87
2019/20,2020-07-09,Everton,Southampton,1,1,D,1,1,D,L Mason,11,17,4,4,13,14,3,5,3,3,0,0,2.05,3.5,3.6,18:00,2.07,3.51,3.62,1.9,1.9,1.92,1.9,-0.5,2.06,1.81
2019/20,2020-07-11,Watford,Newcastle,2,1,H,0,1,A,C Pawson,17,8,5,4,23,15,2,4,1,4,0,0,1.8,3.6,4.5,12:30,1.82,3.58,4.65,2.1,1.72,2.06,1.78,-0.75,2.08,1.81
2019/20,2020-07-11,Sheffield United,Chelsea,3,0,H,2,0,H,A Marriner,9,15,4,4,8,6,4,6,1,0,0,0,6.0,3.8,1.6,17:30,6.07,3.93,1.6,2.0,1.8,1.98,1.85,1.0,1.82,2.06
2019/20,2020-07-11,Liverpool,Burnley,1,1,D,1,0,H,D Coote,23,6,9,2,7,4,12,6,1,2,0,0,1.22,6.5,12.0,15:00,1.25,6.27,11.44,1.53,2.5,1.52,2.54,-1.75,1.96,1.92
2019/20,2020-07-11,Brighton,Man City,0,5,A,0,2,A,G Scott,3,26,0,8,7,3,2,7,1,0,0,0,10.0,5.5,1.28,20:00,9.95,5.62,1.31,1.53,2.5,1.52,2.55,1.5,2.03,1.86
2019/20,2020-07-11,Norwich,West Ham,0,4,A,0,2,A,K Friend,11,19,2,7,9,8,1,6,1,0,0,0,3.75,3.75,1.95,12:30,3.76,3.65,1.99,1.8,2.0,1.83,2.01,0.5,1.88,2.0
2019/20,2020-07-12,Aston Villa,Crystal Palace,2,0,H,1,0,H,M Atkinson,12,9,9,5,21,21,5,1,2,4,0,1,2.25,3.3,3.3,14:15,2.29,3.35,3.24,2.0,1.8,2.01,1.82,-0.25,1.97,1.91
2019/20,2020-07-12,Bournemouth,Leicester,4,1,H,0,1,A,S Attwell,10,13,4,5,11,12,2,6,2,1,0,1,5.25,3.8,1.66,19:00,5.14,3.82,1.7,1.9,1.9,1.89,1.92,0.75,1.96,1.91
2019/20,2020-07-12,Tottenham,Arsenal,2,1,H,1,1,D,M Oliver,15,13,9,4,16,11,6,5,5,3,0,0,2.62,3.4,2.7,16:30,2.6,3.48,2.68,1.8,2.0,1.77,2.08,0.0,1.9,1.95
2019/20,2020-07-12,Wolves,Everton,3,0,H,1,0,H,A Taylor,14,6,7,2,9,9,5,2,0,2,0,0,2.05,3.3,3.8,12:00,2.06,3.25,4.01,2.5,1.53,2.49,1.55,-0.5,2.04,1.83
2019/20,2020-07-13,Man United,Southampton,2,2,D,2,1,H,C Kavanagh,8,9,4,5,14,15,4,6,1,3,0,0,1.3,5.5,10.0,20:00,1.29,5.73,10.41,1.61,2.3,1.61,2.33,-1.5,1.93,1.94
2019/20,2020-07-14,Chelsea,Norwich,1,0,H,1,0,H,J Moss,22,2,6,0,10,9,8,1,2,2,0,0,1.12,9.5,17.0,20:15,1.13,9.5,20.76,1.36,3.2,1.36,3.17,-2.5,2.03,1.84
2019/20,2020-07-15,Arsenal,Liverpool,2,1,H,2,1,H,P Tierney,3,24,2,8,14,10,2,13,3,1,0,0,3.8,3.8,1.9,20:15,3.89,3.89,1.89,1.57,2.37,1.58,2.41,0.5,1.99,1.88
2019/20,2020-07-15,Burnley,Wolves,1,1,D,0,0,D,M Dean,9,14,1,5,10,8,3,8,0,0,0,0,4.5,3.3,1.9,18:00,4.65,3.3,1.9,2.5,1.53,2.52,1.53,0.5,1.97,1.9
2019/20,2020-07-15,Man City,Bournemouth,2,1,H,2,0,H,L Mason,8,15,4,3,10,10,3,5,1,1,0,0,1.14,8.5,17.0,18:00,1.15,8.68,16.72,1.28,3.75,1.29,3.65,-2.25,1.86,2.02
2019/20,2020-07-15,Newcastle,Tottenham,1,3,A,0,1,A,D Coote,22,8,6,5,6,13,5,4,2,3,0,0,4.6,3.8,1.75,18:00,4.56,3.77,1.79,1.9,1.9,1.87,1.95,0.75,1.85,2.02
2019/20,2020-07-16,Southampton,Brighton,1,1,D,0,1,A,A Marriner,21,10,6,2,6,10,8,2,1,0,0,0,2.15,3.3,3.5,20:15,2.18,3.31,3.53,2.1,1.72,2.13,1.73,-0.25,1.87,2.0
2019/20,2020-07-16,Leicester,Sheffield United,2,0,H,1,0,H,M Oliver,15,5,7,1,12,10,9,5,1,2,0,0,2.05,3.25,3.9,18:00,2.02,3.34,4.01,2.2,1.66,2.14,1.72,-0.5,2.0,1.87
2019/20,2020-07-16,Everton,Aston Villa,1,1,D,0,0,D,A Taylor,9,15,1,1,15,13,5,5,2,1,0,0,2.0,3.5,3.75,18:00,2.02,3.57,3.74,1.9,1.9,1.87,1.95,-0.5,2.02,1.85
2019/20,2020-07-16,Crystal Palace,Man United,0,2,A,0,1,A,G Scott,13,17,5,5,10,15,2,7,1,2,0,0,9.5,4.75,1.36,20:15,9.84,5.0,1.35,1.72,2.1,1.77,2.08,1.5,1.85,2.03
2019/20,2020-07-17,West Ham,Watford,3,1,H,3,0,H,M Atkinson,10,14,4,3,11,11,9,3,0,2,0,0,2.4,3.0,3.3,20:00,2.42,3.04,3.31,2.0,1.8,2.03,1.8,-0.25,2.04,1.84
2019/20,2020-07-18,Norwich,Burnley,0,2,A,0,1,A,K Friend,6,23,2,8,9,16,6,8,0,0,2,0,3.2,3.4,2.25,17:30,3.32,3.33,2.25,2.0,1.8,2.05,1.78,0.25,1.94,1.93
2019/20,2020-07-19,Bournemouth,Southampton,0,2,A,0,1,A,C Pawson,11,16,3,8,12,11,12,6,2,2,0,0,2.4,3.6,2.8,14:00,2.39,3.65,2.84,1.72,2.1,1.71,2.16,-0.25,2.08,1.81
2019/20,2020-07-19,Tottenham,Leicester,3,0,H,3,0,H,A Taylor,7,24,3,6,15,10,4,13,2,1,0,0,2.25,3.3,3.25,16:00,2.32,3.42,3.11,1.9,1.9,1.95,1.87,-0.25,2.01,1.87
2019/20,2020-07-20,Brighton,Newcastle,0,0,D,0,0,D,S Hooper,11,12,3,1,13,12,9,7,4,2,0,0,1.9,3.4,4.33,18:00,1.93,3.42,4.23,2.1,1.72,2.12,1.73,-0.5,1.93,1.93
2019/20,2020-07-20,Sheffield United,Everton,0,1,A,0,0,D,S Attwell,8,5,0,2,11,19,7,1,1,3,0,0,2.2,3.25,3.5,18:00,2.17,3.29,3.52,2.3,1.61,2.32,1.62,-0.25,1.87,2.01
2019/20,2020-07-20,Wolves,Crystal Palace,2,0,H,1,0,H,P Bankes,11,7,5,3,11,15,5,2,2,1,0,0,1.5,4.0,7.5,20:15,1.5,4.03,7.72,2.3,1.61,2.29,1.64,-1.0,1.9,1.97
2019/20,2020-07-21,Aston Villa,Arsenal,1,0,H,1,0,H,C Kavanagh,8,7,3,0,13,19,8,9,2,4,0,0,3.3,3.6,2.1,20:15,3.24,3.78,2.11,1.66,2.2,1.66,2.25,0.25,2.02,1.85
2019/20,2020-07-21,Watford,Man City,0,4,A,0,2,A,M Oliver,2,26,0,10,14,11,0,8,2,0,0,0,8.5,5.5,1.33,18:00,8.62,5.6,1.33,1.5,2.62,1.48,2.67,1.5,1.94,1.94
2019/20,2020-07-22,Liverpool,Chelsea,5,3,H,3,1,H,A Marriner,10,10,7,5,8,11,6,0,1,0,0,0,2.0,3.75,3.5,20:15,2.04,3.7,3.51,1.57,2.37,1.6,2.34,-0.5,2.05,1.82
2019/20,2020-07-22,Man United,West Ham,1,1,D,0,1,A,P Tierney,11,12,4,3,10,9,2,3,3,1,0,0,1.22,6.5,11.0,18:00,1.24,6.38,11.56,1.5,2.62,1.47,2.68,-1.75,1.92,1.96
2019/20,2020-07-26,Newcastle,Liverpool,1,3,A,1,1,D,A Taylor,3,14,2,6,11,5,2,4,1,0,0,0,7.5,5.25,1.36,16:00,7.6,4.99,1.4,1.53,2.5,1.54,2.49,1.5,1.79,2.08
2019/20,2020-07-26,Man City,Norwich,5,0,H,2,0,H,C Pawson,31,5,10,4,7,4,9,0,1,1,0,0,1.08,11.0,26.0,16:00,1.07,12.8,30.42,1.22,4.33,1.21,4.36,-3.0,1.95,1.92
2019/20,2020-07-26,West Ham,Aston Villa,1,1,D,0,0,D,M Oliver,10,13,1,4,16,13,0,7,2,1,0,0,3.0,3.6,2.3,16:00,3.05,3.57,2.28,1.66,2.2,1.66,2.24,0.25,1.89,1.97
2019/20,2020-07-26,Southampton,Sheffield United,3,1,H,0,1,A,P Bankes,13,5,4,3,9,16,9,1,0,1,0,0,2.15,3.5,3.3,16:00,2.18,3.47,3.34,1.9,1.9,1.87,1.95,-0.25,1.88,1.99
2019/20,2020-07-26,Leicester,Man United,0,2,A,0,0,D,M Atkinson,14,7,3,3,12,11,3,3,1,4,1,0,3.25,3.5,2.2,16:00,3.17,3.49,2.24,1.9,1.9,1.85,1.99,0.25,1.91,1.92
2019/20,2020-07-26,Everton,Bournemouth,1,3,A,1,2,A,C Kavanagh,13,13,5,7,11,9,2,5,1,0,0,0,2.25,3.7,3.0,16:00,2.24,3.78,2.98,1.57,2.37,1.58,2.39,-0.25,1.96,1.9
2019/20,2020-07-26,Crystal Palace,Tottenham,1,1,D,0,1,A,A Marriner,13,7,2,2,11,13,7,2,3,2,0,0,6.0,4.2,1.55,16:00,6.12,4.23,1.55,1.72,2.1,1.76,2.08,1.0,1.94,1.93
2019/20,2020-07-26,Chelsea,Wolves,2,0,H,2,0,H,S Attwell,11,5,3,1,10,16,3,3,2,3,0,0,1.85,3.8,4.0,16:00,1.84,3.76,4.23,1.9,1.9,1.9,1.92,-0.5,1.84,2.03
2019/20,2020-07-26,Burnley,Brighton,1,2,A,1,1,D,J Moss,13,14,2,4,11,11,6,7,3,0,0,0,2.37,3.4,3.0,16:00,2.32,3.44,3.09,1.9,1.9,1.91,1.91,-0.25,2.0,1.87
2019/20,2020-07-26,Arsenal,Watford,3,2,H,3,1,H,M Dean,13,19,5,6,9,12,4,8,3,3,0,0,1.9,3.8,3.8,16:00,1.93,3.89,3.72,1.61,2.3,1.61,2.34,-0.5,1.93,1.93
2020/21,2020-09-12,Crystal Palace,Southampton,1,0,H,1,0,H,J Moss,5,9,3,5,14,11,7,3,2,1,0,0,3.1,3.25,2.37,15:00,3.18,3.22,2.39,2.2,1.66,2.24,1.67,0.25,1.84,2.03
2020/21,2020-09-12,Fulham,Arsenal,0,3,A,0,1,A,C Kavanagh,5,13,2,6,12,12,2,3,2,2,0,0,6.0,4.33,1.53,12:30,5.94,4.34,1.55,1.72,2.1,1.76,2.1,1.0,1.93,1.95
2020/21,2020-09-12,Liverpool,Leeds,4,3,H,3,2,H,M Oliver,22,6,6,3,9,6,9,0,1,0,0,0,1.28,6.0,9.5,17:30,1.3,5.96,9.68,1.53,2.5,1.52,2.53,-1.5,1.9,1.97
2020/21,2020-09-12,West Ham,Newcastle,0,2,A,0,0,D,S Attwell,15,15,3,2,13,7,8,7,2,2,0,0,2.15,3.4,3.4,20:00,2.15,3.48,3.42,1.9,1.9,1.97,1.86,-0.5,2.12,1.75
2020/21,2020-09-13,Tottenham,Everton,0,1,A,0,0,D,M Atkinson,9,15,5,4,15,7,5,3,1,0,0,0,1.83,3.6,4.33,16:30,1.9,3.55,4.2,1.9,1.9,1.94,1.88,-0.5,1.9,1.96
2020/21,2020-09-13,West Brom,Leicester,0,3,A,0,0,D,A Taylor,7,13,1,7,12,9,2,5,1,1,0,0,3.8,3.6,1.95,14:00,3.87,3.57,1.97,1.9,1.9,1.92,1.9,0.5,1.88,1.97
2020/21,2020-09-14,Brighton,Chelsea,1,3,A,0,1,A,C Pawson,13,10,3,5,8,13,4,3,1,0,0,0,5.0,4.33,1.61,20:15,5.12,4.13,1.65,1.72,2.1,1.76,2.08,0.75,2.05,1.82
2020/21,2020-09-14,Sheffield United,Wolves,0,2,A,0,2,A,M Dean,9,11,2,4,13,7,12,5,2,1,0,0,3.25,3.1,2.37,18:00,3.36,3.0,2.41,2.62,1.5,2.68,1.48,0.25,1.84,2.02
2020/21,2020-09-19,Man United,Crystal Palace,1,3,A,0,1,A,M Atkinson,13,14,4,5,13,10,9,3,2,1,0,0,1.3,5.5,9.5,17:30,1.32,5.57,9.56,1.66,2.2,1.66,2.24,-1.5,1.98,1.89
2020/21,2020-09-19,Leeds,Fulham,4,3,H,2,1,H,A Taylor,10,14,7,6,13,18,5,3,1,2,0,0,1.61,3.9,5.75,15:00,1.64,3.97,5.5,1.97,1.93,1.93,1.91,-0.75,1.82,2.07
2020/21,2020-09-19,Arsenal,West Ham,2,1,H,1,1,D,M Oliver,7,14,3,3,11,13,7,5,0,1,0,0,1.53,4.5,5.5,20:00,1.53,4.51,5.91,1.66,2.2,1.64,2.3,-1.0,1.87,2.0
2020/21,2020-09-19,Everton,West Brom,5,2,H,2,1,H,M Dean,17,6,7,4,9,11,11,1,1,0,0,1,1.5,4.2,6.5,12:30,1.54,4.25,6.3,1.87,2.03,1.81,2.03,-1.0,1.91,1.97
2020/21,2020-09-20,Chelsea,Liverpool,0,2,A,0,0,D,P Tierney,5,18,3,6,10,6,1,11,0,0,1,0,3.1,3.6,2.2,16:30,3.15,3.72,2.18,1.61,2.3,1.61,2.35,0.25,1.96,1.91
2020/21,2020-09-20,Leicester,Burnley,4,2,H,1,1,D,L Mason,14,16,6,5,11,13,15,4,1,2,0,0,1.61,4.0,5.5,19:00,1.63,3.98,5.64,1.9,1.9,1.95,1.88,-0.75,1.8,2.09
2020/21,2020-09-20,Newcastle,Brighton,0,3,A,0,2,A,K Friend,6,13,0,6,16,15,7,1,3,0,0,1,2.6,3.1,2.87,14:00,2.68,3.15,2.82,2.37,1.57,2.38,1.59,0.0,1.88,1.99
2020/21,2020-09-20,Southampton,Tottenham,2,5,A,1,1,D,D Coote,14,9,7,6,16,18,3,2,4,3,0,0,3.0,3.3,2.37,12:00,3.1,3.35,2.37,2.02,1.88,1.97,1.87,0.25,1.85,2.03
2020/21,2020-09-21,Aston Villa,Sheffield United,1,0,H,0,0,D,G Scott,18,4,2,1,12,13,10,4,3,1,0,1,2.7,3.1,2.75,18:00,2.71,3.19,2.75,2.2,1.66,2.25,1.66,0.0,1.91,1.95
2020/21,2020-09-21,Wolves,Man City,1,3,A,0,2,A,A Marriner,10,14,1,9,6,8,4,6,0,3,0,0,6.5,4.33,1.5,20:15,6.11,4.35,1.54,1.72,2.1,1.7,2.18,1.0,1.96,1.91
2020/21,2020-09-26,Brighton,Man United,2,3,A,1,1,D,C Kavanagh,18,7,5,3,18,16,7,1,4,2,0,0,4.75,3.75,1.72,12:30,4.83,3.75,1.75,1.9,1.9,1.86,1.97,0.75,1.89,1.98
2020/21,2020-09-26,Burnley,Southampton,0,1,A,0,1,A,A Marriner,10,5,2,1,8,10,8,2,1,0,0,0,3.2,3.3,2.3,20:00,3.3,3.25,2.31,2.1,1.72,2.09,1.75,0.25,1.9,1.97
2020/21,2020-09-26,Crystal Palace,Everton,1,2,A,1,2,A,K Friend,8,10,1,5,16,15,7,6,3,1,0,0,3.75,3.25,2.1,15:00,3.69,3.32,2.12,2.1,1.72,2.16,1.71,0.25,2.07,1.82
2020/21,2020-09-26,West Brom,Chelsea,3,3,D,3,0,H,J Moss,9,22,3,10,8,16,3,9,1,3,0,0,9.0,4.75,1.36,17:30,8.24,5.02,1.38,1.66,2.2,1.64,2.28,1.25,2.03,1.85
2020/21,2020-09-27,Tottenham,Newcastle,1,1,D,1,0,H,P Bankes,23,6,12,1,15,9,10,4,1,4,0,0,1.45,4.5,7.0,14:00,1.47,4.5,6.95,1.72,2.1,1.75,2.1,-1.25,2.07,1.81
2020/21,2020-09-27,Man City,Leicester,2,5,A,1,1,D,M Oliver,16,7,5,7,13,8,3,4,1,3,0,0,1.28,6.0,9.5,16:30,1.29,5.93,9.68,1.4,3.0,1.41,2.9,-1.75,2.01,1.86
2020/21,2020-09-27,Sheffield United,Leeds,0,1,A,0,0,D,P Tierney,14,17,4,9,18,4,5,7,2,1,0,0,2.7,3.3,2.62,12:00,2.72,3.37,2.63,1.9,1.9,2.0,1.83,0.0,1.98,1.89
2020/21,2020-09-27,West Ham,Wolves,4,0,H,1,0,H,M Atkinson,15,11,7,2,7,11,1,3,0,1,0,0,3.6,3.5,2.05,19:00,3.74,3.38,2.07,2.1,1.72,2.13,1.73,0.5,1.81,2.07
2020/21,2020-09-28,Liverpool,Arsenal,3,1,H,2,1,H,C Pawson,21,4,8,3,11,7,7,3,2,2,0,0,1.45,4.75,6.5,20:00,1.49,4.68,6.3,1.53,2.5,1.54,2.48,-1.0,1.78,2.1
2020/21,2020-09-28,Fulham,Aston Villa,0,3,A,0,2,A,S Attwell,16,12,3,5,18,14,5,3,6,3,0,0,2.9,3.25,2.5,17:45,2.92,3.26,2.52,2.0,1.8,2.07,1.76,0.0,2.07,1.8
2020/21,2020-10-03,Chelsea,Crystal Palace,4,0,H,0,0,D,M Oliver,17,4,6,0,17,13,8,5,2,0,0,0,1.4,4.75,8.0,12:30,1.43,4.77,7.39,1.61,2.3,1.62,2.33,-1.25,1.96,1.92
2020/21,2020-10-03,Everton,Brighton,4,2,H,2,1,H,S Hooper,11,11,6,3,13,14,3,10,0,1,0,0,1.72,3.75,4.8,15:00,1.76,3.73,4.79,1.8,2.0,1.83,2.0,-0.75,1.99,1.89
2020/21,2020-10-03,Leeds,Man City,1,1,D,0,1,A,M Dean,12,23,7,2,11,12,7,10,2,1,0,0,7.5,5.25,1.36,17:30,7.45,5.34,1.38,1.36,3.2,1.37,3.11,1.5,1.87,2.01
2020/21,2020-10-03,Newcastle,Burnley,3,1,H,1,0,H,D Coote,10,7,5,3,13,17,3,4,2,3,0,0,2.4,3.2,3.1,20:00,2.47,3.15,3.08,2.3,1.61,2.31,1.62,-0.25,2.1,1.8
2020/21,2020-10-04,Wolves,Fulham,1,0,H,0,0,D,D England,14,10,5,2,15,8,6,2,1,1,0,0,1.5,4.0,7.5,14:00,1.51,4.07,7.19,2.1,1.72,2.12,1.73,-1.0,1.91,1.96
2020/21,2020-10-04,Southampton,West Brom,2,0,H,1,0,H,C Kavanagh,13,5,7,2,19,10,5,1,2,1,0,0,1.72,3.8,4.75,12:00,1.76,3.86,4.58,1.8,2.0,1.8,2.02,-0.75,1.99,1.89
2020/21,2020-10-04,Man United,Tottenham,1,6,A,1,4,A,A Taylor,5,22,2,8,14,10,2,4,2,1,1,0,1.85,3.8,4.0,16:30,1.92,3.71,3.97,1.72,2.1,1.79,2.04,-0.5,1.92,1.96
2020/21,2020-10-04,Aston Villa,Liverpool,7,2,H,4,1,H,M Atkinson,18,14,11,8,7,10,2,7,2,1,0,0,10.0,5.5,1.3,19:15,9.35,5.41,1.33,1.53,2.5,1.53,2.5,1.5,1.93,1.95
2020/21,2020-10-04,Arsenal,Sheffield United,2,1,H,0,0,D,L Mason,6,6,5,2,3,9,2,4,0,1,0,0,1.57,4.0,6.0,14:00,1.56,4.09,6.25,1.9,1.9,1.93,1.89,-1.0,2.0,1.87
2020/21,2020-10-04,Leicester,West Ham,0,3,A,0,2,A,A Madley,4,14,0,6,11,8,6,4,2,2,0,0,1.61,4.2,5.25,12:00,1.68,4.12,4.86,1.66,2.2,1.66,2.23,-0.75,1.86,2.01
2020/21,2020-10-17,Chelsea,Southampton,3,3,D,2,1,H,P Bankes,11,13,5,6,11,9,6,2,1,1,0,0,1.45,4.75,6.5,15:00,1.53,4.56,5.92,1.57,2.37,1.58,2.4,-1.0,1.87,2.01
2020/21,2020-10-17,Everton,Liverpool,2,2,D,1,1,D,M Oliver,11,22,5,8,15,9,2,5,3,2,1,0,3.75,4.2,1.83,12:30,3.91,4.08,1.85,1.53,2.5,1.53,2.53,0.75,1.8,2.08
2020/21,2020-10-17,Man City,Arsenal,1,0,H,1,0,H,C Kavanagh,13,11,5,3,15,10,6,6,4,1,0,0,1.44,5.0,6.5,17:30,1.49,4.85,6.09,1.44,2.75,1.43,2.8,-1.25,2.03,1.85
2020/21,2020-10-17,Newcastle,Man United,1,4,A,1,1,D,C Pawson,7,28,4,14,9,12,0,7,1,1,0,0,4.75,4.0,1.66,20:00,4.78,4.08,1.7,1.72,2.1,1.74,2.11,0.75,1.98,1.89
2020/21,2020-10-18,Tottenham,West Ham,3,3,D,3,0,H,P Tierney,11,13,6,4,13,12,3,7,0,5,0,0,1.57,4.33,5.5,16:30,1.62,4.19,5.34,1.57,2.37,1.59,2.37,-1.0,2.06,1.83
2020/21,2020-10-18,Leicester,Aston Villa,0,1,A,0,0,D,J Moss,11,10,5,4,18,18,2,7,4,3,0,0,1.83,3.8,4.1,19:15,1.89,3.82,3.97,1.66,2.2,1.63,2.3,-0.5,1.9,1.99
2020/21,2020-10-18,Crystal Palace,Brighton,1,1,D,1,0,H,S Attwell,1,20,1,3,13,12,2,5,3,2,0,1,2.62,3.3,2.7,14:00,2.68,3.25,2.76,2.2,1.66,2.19,1.69,0.0,1.9,1.97
2020/21,2020-10-18,Sheffield United,Fulham,1,1,D,0,0,D,A Marriner,10,15,6,6,5,9,2,5,0,2,0,0,2.1,3.3,3.7,12:00,2.11,3.32,3.74,2.2,1.66,2.25,1.65,-0.25,1.8,2.08
2020/21,2020-10-19,Leeds,Wolves,0,1,A,0,0,D,D Coote,13,7,2,3,13,12,8,3,2,1,0,0,2.5,3.3,2.87,20:00,2.5,3.26,2.97,2.1,1.72,2.13,1.72,-0.25,2.13,1.77
2020/21,2020-10-19,West Brom,Burnley,0,0,D,0,0,D,A Taylor,13,9,6,4,15,17,8,2,2,2,0,0,2.45,3.3,2.9,17:30,2.49,3.3,2.97,2.1,1.72,2.12,1.73,-0.25,2.12,1.78
2020/21,2020-10-23,Aston Villa,Leeds,0,3,A,0,0,D,P Tierney,12,27,4,9,14,17,6,5,2,2,0,0,2.05,3.75,3.3,20:00,2.11,3.75,3.33,1.57,2.37,1.61,2.36,-0.25,1.84,2.05
2020/21,2020-10-24,Fulham,Crystal Palace,1,2,A,0,1,A,G Scott,16,14,3,10,11,11,4,4,0,1,1,0,2.75,3.1,2.7,15:00,2.74,3.14,2.77,2.3,1.61,2.27,1.65,0.0,1.92,1.95
2020/21,2020-10-24,Liverpool,Sheffield United,2,1,H,1,1,D,M Dean,17,13,5,2,7,15,7,3,0,3,0,0,1.22,6.5,12.0,20:00,1.25,6.36,11.55,1.5,2.62,1.49,2.61,-1.75,1.93,1.95
2020/21,2020-10-24,Man United,Chelsea,0,0,D,0,0,D,M Atkinson,14,6,4,1,8,6,9,6,3,1,0,0,2.37,3.6,2.8,17:30,2.38,3.59,2.9,1.61,2.3,1.62,2.32,-0.25,2.07,1.82
2020/21,2020-10-24,West Ham,Man City,1,1,D,1,0,H,A Taylor,6,14,2,7,14,6,2,10,2,0,0,0,8.0,5.25,1.36,12:30,7.2,5.16,1.41,1.4,3.0,1.42,2.89,1.5,1.79,2.09
2020/21,2020-10-25,Arsenal,Leicester,0,1,A,0,0,D,C Pawson,12,6,4,2,13,9,9,3,3,5,0,0,1.9,3.75,3.8,19:15,1.93,3.74,3.92,1.72,2.1,1.74,2.12,-0.5,1.93,1.95
2020/21,2020-10-25,Southampton,Everton,2,0,H,2,0,H,K Friend,12,6,6,2,11,11,4,5,1,2,0,1,2.75,3.4,2.55,14:00,2.78,3.47,2.54,1.8,2.0,1.79,2.05,0.0,2.02,1.86
2020/21,2020-10-25,Wolves,Newcastle,1,1,D,0,0,D,L Mason,16,5,3,2,10,10,2,3,0,1,0,0,1.75,3.5,5.25,16:30,1.78,3.49,5.16,2.2,1.66,2.25,1.66,-0.75,2.04,1.85
2020/21,2020-10-26,Brighton,West Brom,1,1,D,1,0,H,J Moss,5,9,3,3,14,7,6,2,2,0,0,0,1.7,4.0,4.75,17:30,1.75,3.93,4.61,1.8,2.0,1.83,2.0,-0.75,1.98,1.91
2020/21,2020-10-26,Burnley,Tottenham,0,1,A,0,0,D,M Oliver,13,9,4,3,9,7,4,5,2,0,0,0,5.75,4.0,1.6,20:00,5.49,4.02,1.63,1.9,1.9,1.84,1.98,1.0,1.79,2.1
2020/21,2020-10-30,Wolves,Crystal Palace,2,0,H,2,0,H,M Atkinson,15,11,5,2,13,4,7,6,0,2,0,1,2.0,3.2,4.33,20:00,2.05,3.13,4.27,2.75,1.44,2.67,1.48,-0.5,2.06,1.83
2020/21,2020-10-31,Sheffield United,Man City,0,1,A,0,1,A,M Oliver,5,16,1,8,14,6,2,5,0,0,0,0,9.5,6.0,1.28,12:30,9.43,5.76,1.31,1.5,2.62,1.51,2.58,1.5,1.97,1.9
2020/21,2020-10-31,Burnley,Chelsea,0,3,A,0,1,A,D Coote,5,14,0,9,10,15,3,4,1,0,0,0,6.0,4.5,1.5,15:00,6.05,4.37,1.54,1.66,2.2,1.66,2.23,1.0,1.98,1.89
2020/21,2020-10-31,Liverpool,West Ham,2,1,H,1,1,D,K Friend,9,4,5,3,13,14,1,2,0,1,0,0,1.36,5.25,7.5,17:30,1.39,5.26,7.43,1.4,3.0,1.4,2.95,-1.5,2.05,1.82
2020/21,2020-11-01,Aston Villa,Southampton,3,4,A,0,3,A,D England,19,9,10,4,12,17,11,1,1,2,0,0,2.45,3.5,2.8,12:00,2.46,3.6,2.78,1.66,2.2,1.65,2.27,0.0,1.83,2.05
2020/21,2020-11-01,Man United,Arsenal,0,1,A,0,0,D,M Dean,8,7,2,2,12,12,6,3,3,3,0,0,2.0,3.6,3.6,16:30,2.04,3.66,3.58,1.72,2.1,1.74,2.12,-0.5,2.04,1.84
2020/21,2020-11-01,Newcastle,Everton,2,1,H,0,0,D,S Attwell,11,15,4,4,9,10,5,4,2,4,0,0,3.7,3.4,2.05,14:00,3.71,3.47,2.06,1.8,2.0,1.82,2.01,0.25,2.12,1.77
2020/21,2020-11-01,Tottenham,Brighton,2,1,H,1,0,H,G Scott,9,6,3,2,14,13,4,5,2,1,0,0,1.61,4.0,5.5,19:15,1.63,4.17,5.29,1.66,2.2,1.65,2.26,-1.0,2.09,1.8
2020/21,2020-11-02,Fulham,West Brom,2,0,H,2,0,H,S Hooper,13,10,6,1,13,11,5,2,3,2,0,0,2.4,3.3,3.0,17:30,2.44,3.32,3.01,2.0,1.8,2.06,1.78,-0.25,2.1,1.8
2020/21,2020-11-02,Leeds,Leicester,1,4,A,0,2,A,A Marriner,11,10,4,8,9,5,10,3,1,1,0,0,2.5,3.6,2.62,20:00,2.56,3.56,2.68,1.72,2.1,1.75,2.1,0.0,1.9,1.97
2020/21,2020-11-06,Brighton,Burnley,0,0,D,0,0,D,M Dean,19,4,3,1,11,5,5,3,1,0,0,0,1.85,3.5,4.33,17:30,1.9,3.48,4.42,2.1,1.72,2.11,1.74,-0.5,1.89,1.99
2020/21,2020-11-06,Southampton,Newcastle,2,0,H,1,0,H,P Bankes,15,4,8,2,12,11,8,3,1,2,0,0,2.0,3.6,3.7,20:00,2.04,3.58,3.7,1.8,2.0,1.83,2.0,-0.5,2.03,1.84
2020/21,2020-11-07,Chelsea,Sheffield United,4,1,H,2,1,H,J Moss,20,6,9,3,5,14,6,7,0,2,0,0,1.36,5.0,8.5,17:30,1.39,4.93,8.23,1.72,2.1,1.69,2.19,-1.25,1.9,1.97
2020/21,2020-11-07,Crystal Palace,Leeds,4,1,H,3,1,H,C Kavanagh,10,9,6,3,9,1,3,6,0,2,0,0,2.87,3.4,2.45,15:00,2.92,3.37,2.47,1.9,1.9,1.94,1.88,0.0,2.11,1.78
2020/21,2020-11-07,Everton,Man United,1,3,A,1,2,A,P Tierney,7,13,1,5,12,19,5,2,4,2,0,0,2.9,3.5,2.37,12:30,2.91,3.52,2.42,1.72,2.1,1.76,2.08,0.25,1.81,2.08
2020/21,2020-11-07,West Ham,Fulham,1,0,H,0,0,D,R Jones,16,13,7,3,10,9,9,5,2,2,0,0,1.83,3.75,4.2,20:00,1.83,3.82,4.23,1.8,2.0,1.82,2.0,-0.75,2.09,1.79
2020/21,2020-11-08,West Brom,Tottenham,0,1,A,0,0,D,A Madley,12,19,2,5,17,12,9,6,1,0,0,0,7.0,4.33,1.45,12:00,6.38,4.38,1.52,1.72,2.1,1.7,2.17,1.0,2.02,1.85
2020/21,2020-11-08,Man City,Liverpool,1,1,D,1,1,D,C Pawson,7,10,2,3,19,11,1,2,3,1,0,0,1.95,4.2,3.4,16:30,1.99,4.03,3.42,1.44,2.75,1.44,2.79,-0.5,2.0,1.88
2020/21,2020-11-08,Leicester,Wolves,1,0,H,1,0,H,A Taylor,10,7,3,2,12,8,6,3,2,3,0,0,2.3,3.2,3.25,14:00,2.38,3.14,3.28,2.3,1.61,2.34,1.6,-0.25,2.03,1.85
2020/21,2020-11-08,Arsenal,Aston Villa,0,3,A,0,1,A,M Atkinson,13,15,2,6,11,13,3,8,0,0,0,0,1.65,4.1,5.0,19:15,1.7,3.97,4.92,1.66,2.2,1.68,2.22,-0.75,1.89,1.99
2020/21,2020-11-21,Aston Villa,Brighton,1,2,A,0,1,A,M Oliver,15,7,4,3,5,18,12,3,2,1,0,1,2.15,3.6,3.2,15:00,2.19,3.61,3.21,1.72,2.1,1.75,2.09,-0.25,1.9,1.98
2020/21,2020-11-21,Man United,West Brom,1,0,H,0,0,D,D Coote,17,7,7,2,12,17,8,2,1,1,0,0,1.3,5.5,9.5,20:00,1.34,5.34,9.21,1.66,2.2,1.64,2.28,-1.5,2.02,1.85
2020/21,2020-11-21,Newcastle,Chelsea,0,2,A,0,1,A,C Pawson,8,14,1,3,11,12,7,4,2,0,0,0,6.5,4.75,1.45,12:30,6.39,4.54,1.5,1.66,2.2,1.66,2.24,1.0,2.08,1.81
2020/21,2020-11-21,Tottenham,Man City,2,0,H,1,0,H,M Dean,4,22,2,5,13,19,0,10,2,2,0,0,4.0,4.0,1.8,17:30,4.1,4.03,1.81,1.57,2.37,1.6,2.37,0.75,1.83,2.05
2020/21,2020-11-22,Fulham,Everton,2,3,A,1,3,A,A Madley,14,9,6,7,14,10,2,5,2,0,0,0,3.9,3.9,1.85,12:00,3.93,3.79,1.9,1.72,2.1,1.75,2.1,0.5,1.96,1.91
2020/21,2020-11-22,Leeds,Arsenal,0,0,D,0,0,D,A Taylor,25,9,4,2,9,8,5,3,3,0,0,1,3.0,3.75,2.2,16:30,3.13,3.7,2.21,1.66,2.2,1.66,2.24,0.25,1.95,1.92
2020/21,2020-11-22,Liverpool,Leicester,3,0,H,2,0,H,C Kavanagh,24,11,13,4,15,6,10,3,0,2,0,0,1.85,4.0,3.8,19:15,1.9,3.92,3.82,1.57,2.37,1.59,2.39,-0.5,1.89,1.98
2020/21,2020-11-22,Sheffield United,West Ham,0,1,A,0,0,D,M Atkinson,9,15,5,3,7,6,2,6,0,0,0,0,3.0,3.25,2.4,14:00,3.06,3.26,2.43,2.1,1.72,2.11,1.74,0.25,1.8,2.08
2020/21,2020-11-23,Burnley,Crystal Palace,1,0,H,1,0,H,K Friend,10,15,4,5,13,9,4,7,2,0,0,0,2.75,3.1,2.75,17:30,2.79,3.06,2.8,2.5,1.53,2.44,1.56,0.0,1.93,1.94
2020/21,2020-11-23,Wolves,Southampton,1,1,D,0,0,D,A Marriner,20,7,9,2,14,13,7,4,2,0,0,0,2.3,3.25,3.25,20:00,2.32,3.25,3.27,2.2,1.66,2.23,1.67,-0.25,1.99,1.88
2020/21,2020-11-27,Crystal Palace,Newcastle,0,2,A,0,0,D,G Scott,12,14,3,7,9,10,7,3,2,2,0,0,2.05,3.25,3.75,20:00,2.15,3.21,3.74,2.37,1.57,2.34,1.61,-0.25,1.83,2.04
2020/21,2020-11-28,West Brom,Sheffield United,1,0,H,1,0,H,M Dean,17,21,6,5,10,9,14,9,2,3,0,0,2.6,3.2,2.8,20:00,2.6,3.17,2.9,2.3,1.61,2.28,1.63,0.0,1.84,2.03
2020/21,2020-11-28,Everton,Leeds,0,1,A,0,0,D,C Kavanagh,15,23,8,7,8,14,4,2,1,2,0,0,1.95,3.8,3.6,17:30,2.02,3.72,3.57,1.61,2.3,1.62,2.31,-0.5,2.02,1.85
2020/21,2020-11-28,Brighton,Liverpool,1,1,D,0,0,D,S Attwell,11,6,3,2,9,13,4,3,2,1,0,0,5.5,4.2,1.57,12:30,5.32,4.19,1.62,1.57,2.37,1.58,2.4,1.0,1.83,2.04
2020/21,2020-11-28,Man City,Burnley,5,0,H,3,0,H,L Mason,19,9,6,1,12,4,6,4,0,0,0,0,1.16,7.5,16.0,15:00,1.17,7.84,16.81,1.44,2.75,1.45,2.74,-2.25,2.04,1.82
2020/21,2020-11-29,Arsenal,Wolves,1,2,A,1,2,A,M Oliver,13,11,2,5,13,13,8,4,3,4,0,0,2.05,3.4,3.75,19:15,2.13,3.28,3.72,2.3,1.61,2.31,1.62,-0.25,1.81,2.05
2020/21,2020-11-29,Chelsea,Tottenham,0,0,D,0,0,D,P Tierney,13,5,3,1,20,9,3,3,4,2,0,0,2.05,3.5,3.6,16:30,2.1,3.52,3.53,1.72,2.1,1.76,2.08,-0.25,1.81,2.06
2020/21,2020-11-29,Southampton,Man United,2,3,A,2,0,H,J Moss,10,15,5,6,12,12,5,9,1,0,0,0,4.0,3.5,1.95,14:00,3.8,3.57,2.0,1.8,2.0,1.81,2.01,0.5,1.86,2.0
2020/21,2020-11-30,Leicester,Fulham,1,2,A,0,2,A,S Hooper,16,10,3,5,9,21,6,5,0,2,0,0,1.5,4.33,6.5,17:30,1.54,4.35,6.15,1.72,2.1,1.73,2.12,-1.0,1.9,1.95
2020/21,2020-11-30,West Ham,Aston Villa,2,1,H,1,1,D,P Bankes,6,16,2,6,20,7,3,7,1,1,0,0,2.25,3.6,3.0,20:00,2.32,3.57,3.01,1.72,2.1,1.71,2.15,-0.25,2.01,1.86
2020/21,2020-12-05,Burnley,Everton,1,1,D,1,1,D,A Taylor,8,13,3,6,6,9,8,4,0,0,0,0,4.0,3.5,1.9,12:30,4.02,3.5,1.97,2.0,1.8,2.01,1.81,0.5,1.91,1.95
2020/21,2020-12-05,Chelsea,Leeds,3,1,H,1,1,D,K Friend,23,8,11,3,12,9,8,4,0,2,0,0,1.5,4.5,6.0,20:00,1.54,4.5,5.82,1.5,2.62,1.5,2.59,-1.0,1.86,2.0
2020/21,2020-12-05,Man City,Fulham,2,0,H,2,0,H,J Moss,16,6,6,1,7,6,9,3,0,0,0,0,1.1,11.0,19.0,15:00,1.12,9.74,21.84,1.3,3.5,1.3,3.48,-2.5,1.96,1.9
2020/21,2020-12-05,West Ham,Man United,1,3,A,1,0,H,A Marriner,19,15,6,6,9,10,5,4,0,0,0,0,3.6,3.6,2.0,17:30,3.62,3.57,2.05,1.72,2.1,1.74,2.11,0.5,1.83,2.04
2020/21,2020-12-06,West Brom,Crystal Palace,1,5,A,1,1,D,P Tierney,9,18,4,6,10,16,4,6,2,2,1,0,2.87,3.2,2.55,12:00,2.9,3.21,2.58,2.2,1.66,2.21,1.67,0.0,2.03,1.83
2020/21,2020-12-06,Tottenham,Arsenal,2,0,H,2,0,H,M Atkinson,6,11,3,2,16,12,3,9,1,2,0,0,1.95,3.6,3.8,16:30,2.01,3.54,3.79,1.9,1.9,1.92,1.9,-0.5,2.0,1.86
2020/21,2020-12-06,Liverpool,Wolves,4,0,H,1,0,H,C Pawson,11,9,6,3,8,14,4,6,1,1,0,0,1.5,4.33,6.5,19:15,1.52,4.25,6.59,1.72,2.1,1.75,2.1,-1.0,1.87,1.99
2020/21,2020-12-06,Sheffield United,Leicester,1,2,A,1,1,D,S Attwell,4,13,1,4,13,6,6,5,1,3,0,0,3.8,3.5,1.95,14:15,3.86,3.49,2.01,2.0,1.8,2.01,1.82,0.5,1.87,2.0
2020/21,2020-12-07,Brighton,Southampton,1,2,A,1,1,D,D Coote,12,10,4,3,12,12,4,3,3,3,0,0,2.45,3.4,2.9,20:00,2.52,3.36,2.86,1.9,1.9,1.94,1.88,0.0,1.82,2.04
2020/21,2020-12-11,Leeds,West Ham,1,2,A,1,1,D,M Oliver,13,19,7,8,12,10,5,6,1,2,0,0,2.15,3.7,3.1,20:00,2.18,3.67,3.2,1.57,2.37,1.58,2.4,-0.25,1.9,1.97
2020/21,2020-12-12,Everton,Chelsea,1,0,H,1,0,H,J Moss,9,10,4,3,10,11,6,6,2,3,0,0,4.33,4.2,1.7,20:00,4.36,4.12,1.75,1.61,2.3,1.6,2.34,0.75,1.91,1.95
2020/21,2020-12-12,Man United,Man City,0,0,D,0,0,D,C Kavanagh,11,9,2,2,13,6,4,3,1,1,0,0,4.33,4.2,1.72,17:30,4.39,4.16,1.74,1.61,2.3,1.65,2.27,0.75,1.93,1.94
2020/21,2020-12-12,Newcastle,West Brom,2,1,H,1,0,H,D England,12,13,7,3,9,12,4,3,2,3,0,0,2.45,3.2,3.0,15:00,2.51,3.25,2.95,2.2,1.66,2.19,1.69,0.0,1.8,2.09
2020/21,2020-12-12,Wolves,Aston Villa,0,1,A,0,0,D,M Dean,16,13,7,2,23,15,5,8,2,5,0,0,2.25,3.25,3.25,12:30,2.34,3.27,3.21,2.0,1.8,2.05,1.79,-0.25,2.0,1.88
2020/21,2020-12-13,Leicester,Brighton,3,0,H,3,0,H,M Atkinson,15,12,6,4,9,11,9,5,2,1,0,0,2.0,3.5,3.8,19:15,2.03,3.49,3.76,1.9,1.9,1.91,1.91,-0.5,2.02,1.84
2020/21,2020-12-13,Arsenal,Burnley,0,1,A,0,0,D,G Scott,18,10,6,2,5,11,13,4,2,1,1,0,1.53,4.2,6.25,19:15,1.54,4.22,6.42,1.9,1.9,1.9,1.92,-1.0,1.92,1.94
2020/21,2020-12-13,Crystal Palace,Tottenham,1,1,D,0,1,A,K Friend,16,14,5,6,15,11,4,7,1,1,0,0,4.5,3.9,1.72,14:15,4.71,3.75,1.76,1.9,1.9,1.9,1.91,0.75,1.88,1.98
2020/21,2020-12-13,Fulham,Liverpool,1,1,D,1,0,H,A Marriner,10,12,5,6,9,5,6,8,3,1,0,0,9.0,5.5,1.3,16:30,8.44,5.66,1.34,1.4,3.0,1.42,2.84,1.5,1.96,1.9
2020/21,2020-12-13,Southampton,Sheffield United,3,0,H,1,0,H,A Madley,16,3,6,0,8,14,8,4,0,1,0,0,1.7,3.75,5.0,12:00,1.72,3.83,4.95,2.01,1.89,1.99,1.83,-0.75,1.94,1.93
2020/21,2020-12-15,Man City,West Brom,1,1,D,1,1,D,P Bankes,26,5,7,1,5,8,13,2,2,3,0,0,1.09,11.0,21.0,20:00,1.12,9.96,22.77,1.36,3.2,1.35,3.22,-2.5,1.96,1.89
2020/21,2020-12-15,Wolves,Chelsea,2,1,H,0,0,D,S Attwell,12,13,4,3,12,12,5,6,2,2,0,0,5.25,3.8,1.66,18:00,5.44,3.79,1.68,2.0,1.8,2.06,1.78,0.75,1.99,1.88
2020/21,2020-12-16,West Ham,Crystal Palace,1,1,D,0,1,A,D Coote,9,8,2,2,8,12,5,3,0,1,0,1,2.05,3.4,3.6,20:00,2.1,3.4,3.64,1.9,1.9,1.97,1.84,-0.25,1.81,2.07
2020/21,2020-12-16,Leicester,Everton,0,2,A,0,1,A,L Mason,14,11,2,6,12,9,4,6,2,3,0,0,2.15,3.6,3.25,18:00,2.2,3.55,3.22,1.72,2.1,1.69,2.17,-0.25,1.91,1.96
2020/21,2020-12-16,Liverpool,Tottenham,2,1,H,1,1,D,A Taylor,17,8,11,2,8,9,7,4,0,2,0,0,1.75,3.8,4.5,20:00,1.79,3.84,4.44,1.66,2.2,1.66,2.24,-0.75,2.01,1.86
2020/21,2020-12-16,Fulham,Brighton,0,0,D,0,0,D,R Jones,9,9,4,4,15,11,1,8,1,0,0,0,2.87,3.3,2.5,20:00,2.9,3.28,2.51,2.0,1.8,2.05,1.77,0.0,2.07,1.79
2020/21,2020-12-16,Leeds,Newcastle,5,2,H,1,1,D,S Hooper,25,10,10,4,10,13,7,4,3,1,0,0,1.75,4.0,4.33,18:00,1.76,3.89,4.49,1.72,2.1,1.74,2.1,-0.75,1.99,1.87
2020/21,2020-12-16,Arsenal,Southampton,1,1,D,0,1,A,P Tierney,9,13,4,3,13,13,2,7,1,3,1,0,2.25,3.5,3.1,18:00,2.25,3.47,3.19,1.8,2.0,1.8,2.03,-0.25,1.94,1.93
2020/21,2020-12-17,Aston Villa,Burnley,0,0,D,0,0,D,C Pawson,27,6,7,4,17,19,11,1,1,1,0,0,1.75,3.8,4.5,18:00,1.74,3.84,4.73,1.9,1.9,1.85,1.96,-0.75,1.97,1.9
2020/21,2020-12-17,Sheffield United,Man United,2,3,A,1,2,A,M Oliver,12,14,6,8,17,8,6,3,3,2,0,0,7.0,4.6,1.44,20:00,7.14,4.54,1.46,1.8,2.0,1.83,1.99,1.25,1.82,2.06
2020/21,2020-12-19,Crystal Palace,Liverpool,0,7,A,0,3,A,J Moss,5,14,3,8,5,11,5,4,1,0,0,0,6.5,4.33,1.5,12:30,6.2,4.45,1.52,1.61,2.3,1.62,2.32,1.0,2.02,1.85
2020/21,2020-12-19,Everton,Arsenal,2,1,H,2,1,H,A Marriner,9,13,2,2,9,9,4,3,1,3,0,0,2.45,3.5,2.8,17:30,2.42,3.44,2.93,1.8,2.0,1.84,1.98,-0.25,2.08,1.8
2020/21,2020-12-19,Newcastle,Fulham,1,1,D,0,1,A,G Scott,12,11,5,4,7,17,2,9,1,2,0,1,2.5,3.25,2.9,20:00,2.58,3.25,2.87,2.1,1.72,2.14,1.72,0.0,1.83,2.03
2020/21,2020-12-19,Southampton,Man City,0,1,A,0,1,A,M Dean,9,11,3,5,9,11,6,6,2,2,0,0,7.0,4.5,1.44,15:00,6.48,4.63,1.48,1.57,2.37,1.57,2.43,1.25,1.83,2.05
2020/21,2020-12-20,Brighton,Sheffield United,1,1,D,0,0,D,P Bankes,21,5,5,3,9,11,14,2,1,5,0,1,1.65,3.75,5.5,12:00,1.69,3.72,5.43,2.2,1.66,2.22,1.67,-0.75,1.9,1.96
2020/21,2020-12-20,Man United,Leeds,6,2,H,4,1,H,A Taylor,26,17,14,3,6,6,11,13,1,0,0,0,1.66,4.33,4.5,16:30,1.71,4.23,4.49,1.5,2.62,1.5,2.6,-0.75,1.89,1.98
2020/21,2020-12-20,Tottenham,Leicester,0,2,A,0,1,A,C Pawson,8,17,3,4,15,14,5,3,2,2,0,0,2.05,3.5,3.6,14:15,2.08,3.48,3.62,1.8,2.0,1.78,2.05,-0.5,2.07,1.8
2020/21,2020-12-20,West Brom,Aston Villa,0,3,A,0,1,A,M Atkinson,1,19,1,10,14,8,1,7,1,2,1,0,3.6,3.8,1.95,19:15,3.69,3.7,1.99,1.72,2.1,1.75,2.1,0.5,1.87,1.99
2020/21,2020-12-21,Chelsea,West Ham,3,0,H,1,0,H,C Kavanagh,11,6,7,0,11,6,5,4,0,0,0,0,1.44,5.0,6.25,20:00,1.49,4.63,6.29,1.57,2.37,1.55,2.44,-1.0,1.79,2.07
2020/21,2020-12-21,Burnley,Wolves,2,1,H,1,0,H,L Mason,10,15,4,3,11,15,1,7,2,1,0,0,3.5,3.25,2.2,17:30,3.61,3.13,2.23,2.5,1.53,2.56,1.51,0.25,1.97,1.89
2020/21,2020-12-26,Arsenal,Chelsea,3,1,H,2,0,H,M Oliver,15,19,7,3,13,10,7,9,2,1,0,0,4.0,3.6,1.9,17:30,4.06,3.59,1.93,1.95,1.95,1.91,1.91,0.5,1.94,1.91
2020/21,2020-12-26,Aston Villa,Crystal Palace,3,0,H,1,0,H,A Taylor,21,13,10,6,18,16,4,4,1,4,1,0,1.9,3.75,3.8,15:00,1.94,3.75,3.8,1.72,2.1,1.77,2.06,-0.5,1.94,1.92
2020/21,2020-12-26,Fulham,Southampton,0,0,D,0,0,D,D England,10,3,1,2,15,12,6,3,2,0,0,0,3.2,3.3,2.3,15:00,3.19,3.32,2.32,1.9,1.9,1.96,1.85,0.25,1.89,1.97
2020/21,2020-12-26,Leicester,Man United,2,2,D,1,1,D,M Dean,10,9,2,4,10,17,5,0,2,1,0,0,2.9,3.6,2.3,12:30,3.01,3.55,2.32,1.66,2.2,1.68,2.2,0.25,1.86,2.0
2020/21,2020-12-26,Man City,Newcastle,2,0,H,1,0,H,A Marriner,11,7,6,2,5,12,7,3,2,2,0,0,1.11,10.0,19.0,20:00,1.12,9.31,23.28,1.36,3.2,1.36,3.14,-2.5,1.99,1.87
2020/21,2020-12-26,Sheffield United,Everton,0,1,A,0,0,D,D Coote,10,7,2,3,11,10,6,3,2,4,0,0,4.2,3.6,1.85,20:00,4.2,3.59,1.9,2.01,1.89,1.95,1.87,0.5,1.97,1.89
2020/21,2020-12-27,Leeds,Burnley,1,0,H,1,0,H,R Jones,11,14,4,6,8,14,4,12,0,3,0,0,1.72,4.0,4.33,12:00,1.75,3.98,4.5,1.57,2.37,1.6,2.37,-0.75,1.96,1.92
2020/21,2020-12-27,Liverpool,West Brom,1,1,D,1,0,H,K Friend,17,5,2,3,8,5,8,3,0,1,0,0,1.11,10.0,19.0,16:30,1.13,9.05,20.61,1.36,3.2,1.36,3.13,-2.5,2.02,1.84
2020/21,2020-12-27,West Ham,Brighton,2,2,D,0,1,A,S Hooper,11,13,4,4,6,8,5,4,0,0,0,0,2.3,3.4,3.1,14:15,2.37,3.32,3.11,1.99,1.91,1.94,1.88,-0.25,2.04,1.84
2020/21,2020-12-27,Wolves,Tottenham,1,1,D,0,1,A,P Tierney,11,6,6,3,20,13,9,2,4,1,0,0,3.6,3.25,2.15,19:15,3.62,3.28,2.16,2.2,1.66,2.2,1.68,0.25,2.03,1.84
2020/21,2020-12-28,Chelsea,Aston Villa,1,1,D,1,0,H,S Attwell,16,10,5,2,16,3,11,4,3,1,0,0,1.61,4.2,5.0,17:30,1.69,4.18,4.72,1.53,2.5,1.55,2.45,-0.75,1.87,2.01
2020/21,2020-12-28,Crystal Palace,Leicester,1,1,D,0,0,D,G Scott,4,17,1,3,10,7,2,5,0,1,0,0,3.75,3.5,2.0,15:00,3.81,3.52,2.01,1.9,1.9,1.88,1.94,0.5,1.86,2.01
2020/21,2020-12-29,Southampton,West Ham,0,0,D,0,0,D,A Madley,8,8,3,3,16,15,4,3,3,1,0,0,2.1,3.6,3.4,18:00,2.19,3.48,3.33,1.94,1.96,1.9,1.92,-0.25,1.9,1.98
2020/21,2020-12-29,Man United,Wolves,1,0,H,0,0,D,J Moss,11,9,3,5,11,7,2,2,1,1,0,0,1.53,4.2,6.25,20:00,1.55,4.21,6.1,1.96,1.94,1.92,1.9,-1.0,1.96,1.9
2020/21,2020-12-29,West Brom,Leeds,0,5,A,0,4,A,L Mason,4,14,1,6,7,10,3,10,0,1,0,0,3.6,3.6,2.0,18:00,3.59,3.67,2.03,1.57,2.37,1.61,2.32,0.5,1.83,2.04
2020/21,2020-12-29,Brighton,Arsenal,0,1,A,0,0,D,M Atkinson,13,11,2,3,11,4,5,4,2,0,0,0,3.25,3.5,2.2,18:00,3.22,3.38,2.29,2.0,1.8,2.04,1.79,0.25,1.9,1.97
2020/21,2020-12-29,Burnley,Sheffield United,1,0,H,1,0,H,C Kavanagh,5,7,3,3,13,17,3,5,1,2,0,0,2.37,3.1,3.25,18:00,2.41,3.15,3.22,2.37,1.57,2.43,1.57,-0.25,2.05,1.83
2020/21,2020-12-30,Newcastle,Liverpool,0,0,D,0,0,D,P Tierney,8,11,2,4,9,13,5,12,2,3,0,0,12.0,6.0,1.25,20:00,9.81,5.93,1.29,1.5,2.62,1.5,2.6,1.5,2.05,1.83
2020/21,2021-01-01,Everton,West Ham,0,1,A,0,0,D,K Friend,10,11,2,5,9,7,5,4,2,0,0,0,2.1,3.5,3.5,17:30,2.15,3.44,3.5,1.9,1.9,1.96,1.86,-0.25,1.85,2.03
2020/21,2021-01-01,Man United,Aston Villa,2,1,H,1,0,H,M Oliver,19,5,9,5,22,10,5,10,4,0,0,0,1.72,4.2,4.2,20:00,1.74,4.14,4.42,1.53,2.5,1.54,2.48,-0.75,1.95,1.93
2020/21,2021-01-02,Brighton,Wolves,3,3,D,1,3,A,A Madley,13,11,4,4,13,8,5,8,2,1,0,0,2.62,3.25,2.75,17:30,2.66,3.15,2.85,2.5,1.53,2.43,1.56,0.0,1.86,2.0
2020/21,2021-01-02,Crystal Palace,Sheffield United,2,0,H,2,0,H,S Attwell,9,7,4,2,8,18,3,6,1,3,0,0,1.95,3.5,3.9,15:00,2.01,3.4,3.93,2.3,1.61,2.25,1.65,-0.5,2.0,1.85
2020/21,2021-01-02,Tottenham,Leeds,3,0,H,2,0,H,D Coote,20,18,7,5,15,13,3,5,2,1,1,0,1.75,4.1,4.2,12:30,1.8,4.05,4.15,1.44,2.75,1.44,2.79,-0.75,2.02,1.87
2020/21,2021-01-02,West Brom,Arsenal,0,4,A,0,2,A,M Atkinson,7,21,3,12,7,4,3,5,1,2,0,0,5.75,4.0,1.57,20:00,5.78,4.01,1.61,1.9,1.9,1.84,1.98,1.0,1.81,2.07
2020/21,2021-01-03,Chelsea,Man City,1,3,A,0,3,A,A Taylor,9,18,2,6,11,10,5,3,3,1,0,0,3.0,3.7,2.2,16:30,3.01,3.66,2.24,1.72,2.1,1.72,2.12,0.25,1.89,1.96
2020/21,2021-01-03,Newcastle,Leicester,1,2,A,0,0,D,R Jones,8,9,2,3,10,11,3,6,0,2,0,0,5.25,4.2,1.61,14:15,5.19,3.97,1.67,1.9,1.9,1.86,1.96,0.75,2.02,1.86
2020/21,2021-01-04,Southampton,Liverpool,1,0,H,1,0,H,A Marriner,7,17,3,1,5,12,1,10,1,3,0,0,5.0,4.33,1.61,20:00,4.89,4.24,1.65,1.61,2.3,1.63,2.29,0.75,2.05,1.83
2020/21,2021-01-12,Burnley,Man United,0,1,A,0,0,D,K Friend,11,13,0,7,15,13,3,4,1,2,0,0,7.0,4.5,1.45,20:15,7.03,4.56,1.47,1.72,2.1,1.71,2.17,1.25,1.83,2.06
2020/21,2021-01-12,Sheffield United,Newcastle,1,0,H,0,0,D,A Madley,17,7,4,3,13,12,5,2,2,3,0,1,2.45,3.1,3.1,18:00,2.49,3.11,3.13,2.5,1.53,2.5,1.54,-0.25,2.12,1.79
2020/21,2021-01-12,Wolves,Everton,1,2,A,1,1,D,M Atkinson,12,5,3,3,6,11,6,5,2,2,0,0,2.45,3.1,3.1,20:15,2.5,3.12,3.1,2.37,1.57,2.39,1.59,-0.25,2.13,1.78
2020/21,2021-01-13,Tottenham,Fulham,1,1,D,1,0,H,P Tierney,15,15,6,4,13,15,6,5,1,2,0,0,1.36,5.0,8.5,20:15,1.4,4.91,7.98,1.66,2.2,1.68,2.21,-1.25,1.92,1.95
2020/21,2021-01-13,Man City,Brighton,1,0,H,1,0,H,D England,16,5,6,1,4,12,8,4,0,2,0,0,1.14,8.5,16.0,18:00,1.18,7.48,15.78,1.5,2.62,1.48,2.64,-2.0,1.92,1.95
2020/21,2021-01-14,Arsenal,Crystal Palace,0,0,D,0,0,D,A Marriner,11,12,4,2,10,11,7,3,1,1,0,0,1.53,4.0,6.5,20:00,1.55,4.1,6.37,1.9,1.9,1.87,1.95,-1.0,1.95,1.91
2020/21,2021-01-16,Fulham,Chelsea,0,1,A,0,0,D,P Bankes,10,21,3,6,11,10,1,12,2,3,1,0,6.5,4.33,1.5,17:30,6.3,4.21,1.55,1.8,2.0,1.77,2.07,1.0,1.93,1.94
2020/21,2021-01-16,Leeds,Brighton,0,1,A,0,1,A,K Friend,7,7,2,2,8,9,5,2,1,1,0,0,2.1,3.5,3.4,15:00,2.17,3.57,3.31,1.61,2.3,1.62,2.32,-0.25,1.89,1.99
2020/21,2021-01-16,Leicester,Southampton,2,0,H,1,0,H,S Attwell,16,8,5,3,10,11,2,5,2,2,0,0,1.8,3.75,4.5,20:00,1.8,3.72,4.58,1.9,1.9,1.88,1.94,-0.75,2.04,1.84
2020/21,2021-01-16,West Ham,Burnley,1,0,H,1,0,H,C Kavanagh,15,10,4,2,12,9,7,4,2,1,0,0,1.8,3.5,4.75,15:00,1.84,3.49,4.69,2.1,1.72,2.1,1.74,-0.5,1.84,2.04
2020/21,2021-01-16,Wolves,West Brom,2,3,A,2,1,H,M Oliver,23,12,6,5,10,14,11,0,2,1,0,0,1.6,3.5,7.0,12:30,1.61,3.67,6.71,2.3,1.61,2.28,1.64,-1.0,2.11,1.78
2020/21,2021-01-17,Man City,Crystal Palace,4,0,H,1,0,H,L Mason,13,2,6,0,9,8,11,1,0,0,0,0,1.14,8.5,17.0,19:15,1.17,7.67,17.03,1.5,2.62,1.49,2.62,-2.0,1.87,2.0
2020/21,2021-01-17,Liverpool,Man United,0,0,D,0,0,D,P Tierney,17,8,3,4,15,6,7,3,2,1,0,0,1.95,3.8,3.6,16:30,1.97,3.84,3.65,1.66,2.2,1.68,2.21,-0.5,1.96,1.91
2020/21,2021-01-17,Sheffield United,Tottenham,1,3,A,0,2,A,A Marriner,15,14,5,5,13,4,5,7,4,0,0,0,6.25,3.75,1.6,14:00,5.96,3.73,1.65,2.0,1.8,2.04,1.79,0.75,2.03,1.84
2020/21,2021-01-18,Arsenal,Newcastle,3,0,H,0,0,D,D Coote,20,4,6,1,9,8,7,2,0,0,0,0,1.4,4.5,8.0,20:00,1.44,4.61,7.54,1.8,2.0,1.79,2.05,-1.25,2.02,1.86
2020/21,2021-01-19,Leicester,Chelsea,2,0,H,2,0,H,C Pawson,8,9,6,5,7,16,6,3,1,3,0,0,2.87,3.4,2.45,20:15,2.9,3.41,2.49,1.9,1.9,1.89,1.94,0.0,2.08,1.81
2020/21,2021-01-19,West Ham,West Brom,2,1,H,1,0,H,G Scott,14,6,6,2,10,10,3,1,0,1,0,0,1.57,4.2,5.5,18:00,1.58,4.08,6.09,1.9,1.9,1.89,1.93,-1.0,2.0,1.87
2020/21,2021-01-20,Fulham,Man United,1,2,A,1,1,D,M Atkinson,12,15,5,5,6,10,2,8,3,1,0,0,6.0,4.33,1.53,20:15,6.05,4.31,1.55,1.72,2.1,1.73,2.13,1.0,1.94,1.92
2020/21,2021-01-20,Man City,Aston Villa,2,0,H,0,0,D,J Moss,28,11,9,4,10,9,16,2,0,2,0,0,1.22,6.5,12.0,18:00,1.25,6.21,11.36,1.44,2.75,1.48,2.65,-1.75,1.92,1.94
2020/21,2021-01-21,Liverpool,Burnley,0,1,A,0,0,D,M Dean,27,6,6,4,11,8,12,0,2,1,0,0,1.18,7.5,15.0,20:00,1.2,7.05,14.89,1.53,2.5,1.52,2.53,-2.0,2.03,1.84
2020/21,2021-01-23,Aston Villa,Newcastle,2,0,H,2,0,H,S Hooper,14,7,5,1,9,18,5,4,0,3,0,0,1.45,4.75,6.5,20:00,1.5,4.53,6.37,1.66,2.2,1.69,2.2,-1.0,1.83,2.04
2020/21,2021-01-26,Newcastle,Leeds,1,2,A,0,1,A,A Taylor,22,9,5,2,10,15,9,5,1,3,0,0,3.9,3.8,1.85,18:00,3.83,3.83,1.93,1.66,2.2,1.67,2.23,0.5,1.95,1.93
2020/21,2021-01-26,Southampton,Arsenal,1,3,A,1,2,A,K Friend,13,9,5,5,11,6,4,5,1,2,0,0,3.5,3.6,2.05,20:15,3.49,3.6,2.09,1.8,2.0,1.78,2.05,0.25,2.07,1.82
2020/21,2021-01-26,Crystal Palace,West Ham,2,3,A,1,2,A,S Attwell,6,17,3,7,9,8,3,4,0,0,0,0,3.1,3.25,2.37,18:00,3.16,3.27,2.39,2.2,1.66,2.2,1.69,0.25,1.84,2.05
2020/21,2021-01-26,West Brom,Man City,0,5,A,0,4,A,C Kavanagh,4,18,1,7,8,8,3,8,2,0,0,0,15.0,7.5,1.18,20:15,15.44,7.06,1.2,1.57,2.37,1.57,2.42,2.0,1.85,2.02
2020/21,2021-01-27,Man United,Sheffield United,1,2,A,0,1,A,P Bankes,16,5,4,3,10,12,7,2,1,1,0,0,1.25,6.0,11.0,20:15,1.28,5.94,10.6,1.66,2.2,1.66,2.24,-1.5,1.88,2.0
2020/21,2021-01-27,Everton,Leicester,1,1,D,1,0,H,M Dean,8,19,2,6,12,10,5,11,1,1,0,0,2.8,3.3,2.55,20:15,2.83,3.25,2.61,2.0,1.8,2.03,1.8,0.0,2.01,1.86
2020/21,2021-01-27,Brighton,Fulham,0,0,D,0,0,D,C Pawson,16,10,5,3,10,14,10,0,2,1,0,0,2.05,3.4,3.75,19:30,2.06,3.38,3.82,2.2,1.66,2.17,1.71,-0.5,2.06,1.82
2020/21,2021-01-27,Burnley,Aston Villa,3,2,H,0,1,A,P Tierney,10,18,5,10,16,7,2,4,1,0,0,0,3.8,3.5,1.95,18:00,3.84,3.53,2.0,1.9,1.9,1.9,1.92,0.5,1.87,2.0
2020/21,2021-01-27,Chelsea,Wolves,0,0,D,0,0,D,A Madley,14,4,5,0,14,7,13,1,1,1,0,0,1.6,4.2,5.25,18:00,1.62,4.08,5.53,1.9,1.9,1.94,1.89,-0.75,1.8,2.1
2020/21,2021-01-28,Tottenham,Liverpool,1,3,A,0,1,A,M Atkinson,3,14,2,7,9,11,1,2,1,2,0,0,3.2,3.6,2.2,20:00,3.22,3.54,2.22,1.8,2.0,1.8,2.04,0.25,1.95,1.92
2020/21,2021-01-30,Arsenal,Man United,0,0,D,0,0,D,M Oliver,17,14,3,3,9,16,4,7,1,3,0,0,2.8,3.5,2.45,17:30,2.86,3.4,2.51,1.8,2.0,1.82,2.01,0.0,2.06,1.81
2020/21,2021-01-30,Crystal Palace,Wolves,1,0,H,0,0,D,S Hooper,11,6,2,4,7,10,1,6,1,2,0,0,2.87,3.2,2.55,15:00,2.96,3.1,2.61,2.5,1.53,2.46,1.56,0.0,2.06,1.81
2020/21,2021-01-30,Everton,Newcastle,0,2,A,0,0,D,S Attwell,11,13,3,3,13,6,7,12,3,4,0,0,1.55,4.0,6.5,12:30,1.59,3.95,6.27,2.0,1.8,1.99,1.84,-1.0,2.05,1.83
2020/21,2021-01-30,Man City,Sheffield United,1,0,H,1,0,H,D Coote,10,4,5,1,7,10,10,0,0,3,0,0,1.12,9.0,18.0,15:00,1.13,8.75,21.73,1.5,2.62,1.49,2.63,-2.25,1.96,1.92
2020/21,2021-01-30,Southampton,Aston Villa,0,1,A,0,1,A,L Mason,20,8,5,4,12,11,7,1,1,0,0,0,2.8,3.6,2.37,20:00,2.86,3.59,2.41,1.72,2.1,1.7,2.18,0.25,1.79,2.09
2020/21,2021-01-30,West Brom,Fulham,2,2,D,0,1,A,A Taylor,5,12,3,7,9,10,2,3,1,0,0,0,3.3,3.2,2.3,15:00,3.33,3.19,2.32,2.2,1.66,2.18,1.7,0.25,1.89,1.98
2020/21,2021-01-31,West Ham,Liverpool,1,3,A,0,0,D,J Moss,8,14,2,5,7,8,6,5,2,0,0,0,4.33,4.0,1.75,16:30,4.39,3.99,1.77,1.66,2.2,1.65,2.27,0.75,1.88,1.99
2020/21,2021-01-31,Leicester,Leeds,1,3,A,1,1,D,C Kavanagh,18,8,8,7,17,16,6,4,0,3,0,0,1.8,4.0,4.2,14:00,1.82,4.02,4.11,1.57,2.37,1.61,2.34,-0.75,2.04,1.85
2020/21,2021-01-31,Chelsea,Burnley,2,0,H,1,0,H,G Scott,19,1,8,0,7,9,4,2,0,1,0,0,1.33,5.0,9.5,12:00,1.34,5.15,9.64,1.72,2.1,1.74,2.11,-1.5,1.99,1.87
2020/21,2021-01-31,Brighton,Tottenham,1,0,H,1,0,H,P Bankes,16,8,5,4,11,11,9,2,2,1,0,0,3.2,3.4,2.25,19:15,3.12,3.36,2.35,2.08,1.82,2.04,1.8,0.25,1.85,2.03
2020/21,2021-02-02,Man United,Southampton,9,0,H,4,0,H,M Dean,24,3,14,1,11,6,5,3,2,3,0,2,1.4,4.75,7.0,20:15,1.44,4.73,7.22,1.53,2.5,1.58,2.42,-1.25,1.96,1.92
2020/21,2021-02-02,Newcastle,Crystal Palace,1,2,A,1,2,A,D England,21,6,5,3,14,11,9,1,1,3,0,0,2.8,3.2,2.6,20:15,2.91,3.15,2.63,2.3,1.61,2.26,1.65,0.0,2.03,1.84
2020/21,2021-02-02,Sheffield United,West Brom,2,1,H,0,1,A,P Tierney,14,8,6,4,11,9,9,2,2,1,0,0,2.0,3.3,4.0,18:00,2.05,3.3,3.99,2.3,1.61,2.28,1.64,-0.5,2.05,1.83
2020/21,2021-02-02,Wolves,Arsenal,2,1,H,1,1,D,C Pawson,11,9,7,3,11,8,9,6,3,2,0,2,3.6,3.3,2.1,18:00,3.63,3.29,2.17,2.3,1.61,2.27,1.64,0.25,2.02,1.85
2020/21,2021-02-03,Liverpool,Brighton,0,1,A,0,0,D,K Friend,11,13,1,4,12,6,6,3,1,0,0,0,1.33,5.25,9.0,20:15,1.36,5.23,8.38,1.66,2.2,1.63,2.3,-1.5,2.05,1.81
2020/21,2021-02-03,Leeds,Everton,1,2,A,0,2,A,M Oliver,16,10,7,6,12,12,7,1,2,3,0,0,2.5,3.5,2.7,19:30,2.47,3.63,2.75,1.66,2.2,1.65,2.26,0.0,1.83,2.03
2020/21,2021-02-03,Burnley,Man City,0,2,A,0,2,A,M Atkinson,2,17,0,6,8,5,1,3,2,1,0,0,13.0,7.0,1.2,18:00,14.33,6.54,1.22,1.66,2.2,1.63,2.29,1.75,2.02,1.85
2020/21,2021-02-03,Aston Villa,West Ham,1,3,A,0,0,D,A Madley,9,20,2,10,11,15,7,3,1,1,0,0,2.2,3.4,3.25,20:15,2.21,3.43,3.33,1.72,2.1,1.7,2.17,-0.25,1.9,1.97
2020/21,2021-02-03,Fulham,Leicester,0,2,A,0,2,A,R Jones,8,9,1,5,17,10,5,2,3,1,0,0,4.0,3.5,1.9,18:00,4.0,3.49,1.97,2.0,1.8,2.0,1.83,0.5,1.9,1.97
2020/21,2021-02-04,Tottenham,Chelsea,0,1,A,0,1,A,A Marriner,7,18,2,2,20,14,2,7,2,3,0,0,3.5,3.4,2.1,20:00,3.48,3.43,2.16,1.9,1.9,1.96,1.86,0.25,2.01,1.86
2020/21,2021-02-06,Aston Villa,Arsenal,1,0,H,1,0,H,C Kavanagh,12,14,8,3,12,12,3,7,3,2,0,0,2.62,3.5,2.6,12:30,2.74,3.47,2.56,1.66,2.2,1.69,2.19,0.0,2.02,1.86
2020/21,2021-02-06,Burnley,Brighton,1,1,D,0,1,A,A Taylor,20,10,7,2,8,10,8,7,2,0,0,0,3.6,3.1,2.2,15:00,3.58,3.17,2.22,2.5,1.53,2.43,1.57,0.25,1.98,1.89
2020/21,2021-02-06,Fulham,West Ham,0,0,D,0,0,D,M Dean,20,8,2,1,11,10,7,3,1,2,0,1,3.6,3.5,2.05,17:30,3.57,3.46,2.1,2.0,1.8,1.99,1.83,0.25,2.06,1.82
2020/21,2021-02-06,Man United,Everton,3,3,D,2,0,H,J Moss,14,6,5,3,14,10,5,1,2,1,0,0,1.53,4.2,6.0,20:00,1.56,4.26,5.99,1.66,2.2,1.69,2.2,-1.0,1.95,1.92
2020/21,2021-02-06,Newcastle,Southampton,3,2,H,3,1,H,C Pawson,6,14,4,5,11,14,0,7,2,1,1,0,3.0,3.3,2.4,15:00,2.99,3.27,2.47,2.0,1.8,1.99,1.83,0.0,2.11,1.77
2020/21,2021-02-07,Liverpool,Man City,1,4,A,0,0,D,M Oliver,8,8,3,5,13,8,6,1,2,1,0,0,3.4,3.6,2.05,16:30,3.37,3.63,2.12,1.72,2.1,1.7,2.17,0.25,2.04,1.84
2020/21,2021-02-07,Sheffield United,Chelsea,1,2,A,0,1,A,K Friend,8,9,3,3,8,8,1,8,1,0,0,0,7.0,4.5,1.45,19:15,7.18,4.38,1.48,1.9,1.9,1.88,1.94,1.0,2.09,1.8
2020/21,2021-02-07,Tottenham,West Brom,2,0,H,0,0,D,S Attwell,13,4,6,1,16,12,8,0,1,2,0,0,1.45,4.5,7.0,12:00,1.46,4.51,7.23,1.72,2.1,1.75,2.1,-1.25,2.04,1.84
2020/21,2021-02-07,Wolves,Leicester,0,0,D,0,0,D,M Atkinson,13,13,1,3,11,15,8,2,1,3,0,0,3.5,3.4,2.1,14:00,3.52,3.37,2.16,2.2,1.66,2.22,1.67,0.25,2.02,1.85
2020/21,2021-02-08,Leeds,Crystal Palace,2,0,H,1,0,H,A Marriner,17,8,7,3,7,8,5,3,0,2,0,0,1.8,3.8,4.2,20:00,1.86,3.82,4.06,1.61,2.3,1.65,2.26,-0.5,1.86,2.01
2020/21,2021-02-13,Man City,Tottenham,3,0,H,1,0,H,P Tierney,15,7,6,3,12,13,4,2,1,3,0,0,1.28,5.75,9.5,17:30,1.33,5.56,8.65,1.61,2.3,1.62,2.33,-1.5,1.97,1.9
2020/21,2021-02-13,Leicester,Liverpool,3,1,H,0,0,D,A Taylor,11,15,6,4,9,6,2,12,1,2,0,0,3.5,3.4,2.1,12:30,3.45,3.49,2.14,1.72,2.1,1.73,2.13,0.25,2.03,1.85
2020/21,2021-02-13,Brighton,Aston Villa,0,0,D,0,0,D,D England,26,4,9,1,16,12,9,2,2,3,0,0,2.7,3.5,2.5,20:00,2.77,3.4,2.56,1.72,2.1,1.78,2.06,0.0,2.0,1.86
2020/21,2021-02-13,Crystal Palace,Burnley,0,3,A,0,2,A,M Oliver,13,16,3,4,15,14,7,4,0,0,0,0,2.37,3.1,3.2,15:00,2.42,3.11,3.22,2.5,1.53,2.4,1.58,-0.25,2.07,1.82
2020/21,2021-02-14,Arsenal,Leeds,4,2,H,3,0,H,S Attwell,13,9,5,5,8,17,4,5,0,2,0,0,1.83,3.8,4.0,16:30,1.89,3.77,3.98,1.57,2.37,1.59,2.38,-0.5,1.9,1.98
2020/21,2021-02-14,Everton,Fulham,0,2,A,0,0,D,A Madley,7,12,2,3,7,16,5,4,1,1,0,0,1.85,3.6,4.2,19:00,1.93,3.53,4.09,2.0,1.8,1.99,1.84,-0.5,1.94,1.94
2020/21,2021-02-14,Southampton,Wolves,1,2,A,1,0,H,G Scott,7,10,3,4,10,9,4,6,2,2,0,0,2.37,3.2,3.1,12:00,2.42,3.21,3.12,2.3,1.61,2.29,1.63,-0.25,2.07,1.82
2020/21,2021-02-14,West Brom,Man United,1,1,D,1,1,D,C Pawson,7,10,3,7,13,10,4,5,5,0,0,0,10.0,5.5,1.3,14:00,9.19,5.52,1.33,1.53,2.5,1.54,2.48,1.5,1.96,1.91
2020/21,2021-02-15,Chelsea,Newcastle,2,0,H,2,0,H,P Bankes,18,10,5,4,9,13,10,5,0,0,0,0,1.22,6.5,12.0,20:00,1.24,6.36,11.97,1.57,2.37,1.6,2.36,-1.75,1.92,1.96
2020/21,2021-02-15,West Ham,Sheffield United,3,0,H,1,0,H,S Hooper,13,8,9,5,11,12,7,7,0,2,0,0,1.66,3.75,5.25,18:00,1.73,3.74,5.04,2.0,1.8,2.03,1.79,-0.75,1.95,1.93
2020/21,2021-02-17,Burnley,Fulham,1,1,D,0,0,D,J Moss,8,8,3,3,7,13,5,5,1,1,0,0,2.75,3.2,2.7,18:00,2.77,3.15,2.72,2.3,1.61,2.29,1.63,0.0,1.95,1.91
2020/21,2021-02-17,Everton,Man City,1,3,A,1,1,D,A Marriner,3,16,2,7,8,8,0,10,2,1,0,0,8.5,5.5,1.33,20:15,8.56,5.33,1.35,1.66,2.2,1.64,2.27,1.5,1.84,2.04
2020/21,2021-02-19,Wolves,Leeds,1,0,H,0,0,D,D Coote,15,18,5,7,13,8,7,9,1,0,0,0,2.37,3.3,3.0,20:00,2.38,3.36,3.08,1.9,1.9,1.88,1.94,-0.25,2.05,1.84
2020/21,2021-02-20,Liverpool,Everton,0,2,A,0,1,A,C Kavanagh,15,9,6,6,10,10,7,2,2,1,0,0,1.44,4.5,7.0,17:30,1.47,4.59,6.79,1.57,2.37,1.6,2.36,-1.25,2.03,1.85
2020/21,2021-02-20,Burnley,West Brom,0,0,D,0,0,D,M Dean,6,10,1,3,16,10,5,5,3,0,0,1,2.0,3.3,4.0,15:00,2.04,3.31,3.96,2.2,1.66,2.2,1.68,-0.5,2.03,1.85
2020/21,2021-02-20,Fulham,Sheffield United,1,0,H,0,0,D,M Atkinson,15,4,7,2,11,14,6,4,1,2,0,0,2.15,3.2,3.6,20:00,2.2,3.19,3.61,2.3,1.61,2.36,1.6,-0.25,1.88,2.0
2020/21,2021-02-20,Southampton,Chelsea,1,1,D,1,0,H,A Taylor,4,9,1,3,10,10,3,6,1,1,0,0,5.0,3.8,1.7,12:30,4.93,3.76,1.74,1.9,1.9,1.88,1.95,0.75,1.92,1.96
2020/21,2021-02-21,West Ham,Tottenham,2,1,H,1,0,H,C Pawson,4,20,4,4,14,7,5,7,4,3,0,0,2.62,3.4,2.7,12:00,2.64,3.33,2.73,1.9,1.9,1.98,1.84,0.0,1.9,1.96
2020/21,2021-02-21,Man United,Newcastle,3,1,H,1,1,D,P Tierney,15,10,7,6,9,11,6,4,1,2,0,0,1.28,5.5,10.0,19:00,1.3,5.75,10.27,1.57,2.37,1.56,2.43,-1.5,1.86,2.02
2020/21,2021-02-21,Arsenal,Man City,0,1,A,0,1,A,J Moss,7,15,1,3,11,9,1,3,2,2,0,0,6.5,4.33,1.5,16:30,6.27,4.36,1.53,1.72,2.1,1.76,2.08,1.0,1.99,1.88
2020/21,2021-02-21,Aston Villa,Leicester,1,2,A,0,2,A,M Oliver,11,16,2,7,11,12,7,8,2,1,0,0,2.87,3.5,2.4,14:05,2.87,3.5,2.44,1.72,2.1,1.76,2.07,0.0,2.09,1.78
2020/21,2021-02-22,Brighton,Crystal Palace,1,2,A,0,1,A,K Friend,25,3,5,2,11,6,13,0,2,0,0,0,1.7,3.5,5.5,20:00,1.74,3.53,5.36,2.2,1.66,2.21,1.67,-0.75,1.99,1.89
2020/21,2021-02-23,Leeds,Southampton,3,0,H,0,0,D,A Marriner,11,13,7,5,11,13,2,4,1,2,0,0,2.25,3.5,3.1,18:00,2.34,3.47,3.06,1.66,2.2,1.66,2.24,-0.25,2.03,1.86
2020/21,2021-02-27,West Brom,Brighton,1,0,H,1,0,H,L Mason,6,15,2,6,11,12,7,4,0,0,0,0,4.2,3.3,1.95,15:00,4.14,3.44,1.96,2.1,1.72,2.14,1.72,0.5,1.91,1.96
2020/21,2021-02-27,Leeds,Aston Villa,0,1,A,0,1,A,P Bankes,13,9,3,4,14,14,7,5,3,2,0,0,2.15,3.6,3.2,17:30,2.23,3.63,3.12,1.57,2.37,1.61,2.34,-0.25,1.94,1.94
2020/21,2021-02-27,Man City,West Ham,2,1,H,1,1,D,M Oliver,10,9,3,3,8,11,4,2,1,1,0,0,1.22,6.5,12.0,12:30,1.23,6.55,12.55,1.53,2.5,1.53,2.51,-1.75,1.9,1.98
2020/21,2021-02-27,Newcastle,Wolves,1,1,D,0,0,D,M Dean,19,14,7,4,11,13,3,5,2,0,0,0,3.5,3.2,2.2,20:00,3.51,3.12,2.28,2.37,1.57,2.35,1.6,0.25,1.93,1.94
2020/21,2021-02-28,Leicester,Arsenal,1,3,A,1,2,A,P Tierney,8,12,3,4,15,3,2,7,2,1,0,0,2.5,3.4,2.8,12:00,2.51,3.34,2.89,2.02,1.88,1.97,1.86,0.0,1.8,2.08
2020/21,2021-02-28,Sheffield United,Liverpool,0,2,A,0,0,D,J Moss,8,16,2,8,9,9,4,3,0,0,0,0,8.0,5.0,1.36,19:15,7.56,4.94,1.41,1.66,2.2,1.66,2.24,1.25,1.94,1.94
2020/21,2021-02-28,Chelsea,Man United,0,0,D,0,0,D,S Attwell,18,11,6,4,11,12,3,4,1,2,0,0,2.15,3.4,3.4,16:30,2.27,3.29,3.35,1.99,1.91,1.93,1.89,-0.25,1.95,1.92
2020/21,2021-02-28,Crystal Palace,Fulham,0,0,D,0,0,D,A Taylor,3,16,0,4,10,14,1,3,1,1,0,0,3.5,3.2,2.2,12:00,3.49,3.17,2.26,2.3,1.61,2.34,1.6,0.25,1.95,1.92
2020/21,2021-02-28,Tottenham,Burnley,4,0,H,3,0,H,K Friend,16,10,7,3,6,10,3,4,0,0,0,0,1.53,4.0,6.5,14:00,1.55,4.04,6.66,1.91,1.99,1.87,1.96,-1.0,1.96,1.91
2020/21,2021-03-01,Everton,Southampton,1,0,H,1,0,H,M Atkinson,7,9,1,1,13,9,4,10,0,2,0,0,2.15,3.5,3.3,20:00,2.19,3.45,3.34,2.0,1.9,1.96,1.86,-0.25,1.89,1.98
2020/21,2021-03-02,Man City,Wolves,4,1,H,1,0,H,C Kavanagh,22,6,10,1,9,5,10,2,0,1,0,0,1.18,7.0,15.0,20:00,1.22,6.41,15.26,1.72,2.1,1.72,2.14,-1.75,1.95,1.93
2020/21,2021-03-03,Burnley,Leicester,1,1,D,1,1,D,A Madley,12,15,7,4,6,12,5,8,0,2,0,0,4.0,3.25,2.0,18:00,3.97,3.3,2.05,2.1,1.72,2.1,1.75,0.5,1.82,2.07
2020/21,2021-03-03,Crystal Palace,Man United,0,0,D,0,0,D,A Marriner,8,11,2,1,4,13,4,6,1,0,0,0,8.0,4.75,1.4,20:15,7.56,4.6,1.44,1.72,2.1,1.77,2.07,1.25,1.86,2.02
2020/21,2021-03-03,Sheffield United,Aston Villa,1,0,H,1,0,H,R Jones,9,16,2,4,13,6,2,7,1,0,1,0,3.75,3.4,2.05,18:00,3.73,3.44,2.07,2.1,1.72,2.16,1.71,0.5,1.82,2.07
2020/21,2021-03-04,Fulham,Tottenham,0,1,A,0,1,A,D Coote,11,9,3,2,13,9,4,1,2,1,0,0,4.0,3.6,1.9,18:00,3.95,3.57,1.96,2.0,1.8,2.01,1.81,0.5,1.92,1.96
2020/21,2021-03-04,Liverpool,Chelsea,0,1,A,0,1,A,M Atkinson,7,11,1,5,9,8,5,2,0,0,0,0,2.25,3.6,3.0,20:15,2.26,3.59,3.1,1.8,2.0,1.78,2.05,-0.25,1.97,1.92
2020/21,2021-03-04,West Brom,Everton,0,1,A,0,0,D,D England,11,11,3,3,9,7,3,3,3,1,0,0,4.33,3.6,1.83,18:00,4.43,3.67,1.84,1.9,1.9,1.95,1.87,0.75,1.8,2.08
2020/21,2021-03-06,Aston Villa,Wolves,0,0,D,0,0,D,A Madley,9,10,1,2,13,13,5,3,1,0,0,0,2.37,3.25,3.1,17:30,2.42,3.2,3.14,2.1,1.72,2.13,1.73,-0.25,2.07,1.83
2020/21,2021-03-06,Brighton,Leicester,1,2,A,1,0,H,M Oliver,7,8,2,4,14,8,6,6,0,1,0,0,2.55,3.25,2.8,20:00,2.56,3.24,2.9,2.2,1.66,2.2,1.68,0.0,1.8,2.07
2020/21,2021-03-06,Burnley,Arsenal,1,1,D,1,1,D,A Marriner,9,15,5,3,5,12,2,4,1,1,0,0,5.5,4.0,1.61,12:30,5.48,3.94,1.64,1.97,1.93,1.93,1.9,0.75,2.06,1.83
2020/21,2021-03-06,Sheffield United,Southampton,0,2,A,0,1,A,P Tierney,8,15,2,5,17,11,7,3,4,3,0,0,3.6,3.5,2.0,15:00,3.67,3.4,2.09,2.3,1.61,2.23,1.66,0.25,2.08,1.8
2020/21,2021-03-07,Tottenham,Crystal Palace,4,1,H,1,1,D,S Attwell,12,5,5,1,8,17,1,5,2,3,0,0,1.45,4.5,7.0,19:15,1.47,4.48,7.11,1.9,1.9,1.84,1.98,-1.0,1.8,2.1
2020/21,2021-03-07,West Brom,Newcastle,0,0,D,0,0,D,M Atkinson,13,9,3,5,11,10,9,7,0,0,0,0,2.37,3.2,3.1,12:00,2.45,3.2,3.09,2.2,1.66,2.25,1.65,-0.25,2.09,1.82
2020/21,2021-03-07,Liverpool,Fulham,0,1,A,0,1,A,K Friend,16,10,3,3,10,8,9,4,2,3,0,0,1.36,5.0,8.5,14:00,1.38,4.98,8.39,1.72,2.1,1.69,2.18,-1.25,1.88,2.01
2020/21,2021-03-07,Man City,Man United,0,2,A,0,1,A,A Taylor,23,8,6,6,9,12,6,2,0,3,0,0,1.45,4.5,7.0,16:30,1.5,4.35,6.74,1.72,2.1,1.72,2.14,-1.0,1.83,2.05
2020/21,2021-03-08,Chelsea,Everton,2,0,H,1,0,H,D Coote,19,7,9,1,11,12,7,3,0,3,0,0,1.53,4.0,6.5,18:00,1.55,4.14,6.29,1.98,1.92,1.93,1.89,-1.0,1.97,1.91
2020/21,2021-03-08,West Ham,Leeds,2,0,H,2,0,H,M Dean,16,17,5,2,9,9,6,6,1,1,0,0,2.05,3.6,3.5,20:00,2.09,3.59,3.46,1.66,2.2,1.66,2.24,-0.25,1.83,2.06
2020/21,2021-03-10,Man City,Southampton,5,2,H,3,1,H,J Moss,17,11,10,6,6,4,5,5,1,0,0,0,1.18,7.5,15.0,18:00,1.21,6.91,14.17,1.53,2.5,1.51,2.59,-2.0,2.02,1.86
2020/21,2021-03-12,Newcastle,Aston Villa,1,1,D,0,0,D,P Tierney,12,15,3,6,10,10,2,2,2,3,0,0,3.8,3.3,2.05,20:00,3.8,3.33,2.09,2.3,1.61,2.26,1.65,0.5,1.79,2.11
2020/21,2021-03-13,Leeds,Chelsea,0,0,D,0,0,D,K Friend,7,15,4,8,16,6,8,5,3,0,0,0,4.75,4.0,1.7,12:30,4.57,3.9,1.76,1.8,2.0,1.77,2.07,0.75,1.91,1.98
2020/21,2021-03-13,Fulham,Man City,0,3,A,0,0,D,A Marriner,3,8,0,7,14,13,4,2,0,0,0,0,10.0,5.0,1.33,20:00,9.63,4.98,1.35,1.8,2.0,1.78,2.06,1.5,1.81,2.07
2020/21,2021-03-13,Crystal Palace,West Brom,1,0,H,1,0,H,S Hooper,6,12,4,1,16,15,3,2,3,1,0,0,2.15,3.2,3.6,15:00,2.24,3.17,3.55,2.37,1.57,2.37,1.6,-0.25,1.92,1.97
2020/21,2021-03-13,Everton,Burnley,1,2,A,1,2,A,J Moss,14,14,4,5,9,6,7,4,0,4,0,0,1.83,3.5,4.5,17:30,1.88,3.49,4.42,2.1,1.72,2.09,1.76,-0.5,1.89,1.99
2020/21,2021-03-14,Arsenal,Tottenham,2,1,H,1,1,D,M Oliver,13,6,3,3,12,14,6,3,1,2,0,1,2.55,3.4,2.75,16:30,2.56,3.34,2.82,1.9,1.9,1.91,1.92,0.0,1.84,2.04
2020/21,2021-03-14,Leicester,Sheffield United,5,0,H,1,0,H,P Bankes,19,1,10,0,10,9,9,1,0,2,0,0,1.5,4.2,6.5,14:00,1.54,4.12,6.6,1.9,1.9,2.01,1.82,-1.0,1.97,1.91
2020/21,2021-03-14,Man United,West Ham,1,0,H,0,0,D,M Atkinson,15,7,4,0,12,2,6,3,4,0,0,0,1.83,3.6,4.33,19:15,1.86,3.57,4.42,1.9,1.9,1.89,1.94,-0.5,1.86,2.03
2020/21,2021-03-14,Southampton,Brighton,1,2,A,1,1,D,S Attwell,9,8,4,6,11,10,4,5,0,0,0,0,2.9,3.1,2.5,12:00,2.98,3.07,2.6,2.3,1.61,2.34,1.61,0.0,2.07,1.81
2020/21,2021-03-15,Wolves,Liverpool,0,1,A,0,1,A,C Pawson,10,12,5,4,17,10,3,2,2,1,0,0,4.75,3.75,1.72,20:00,4.81,3.74,1.76,1.9,1.9,1.96,1.86,0.75,1.9,1.98
2020/21,2021-03-19,Fulham,Leeds,1,2,A,1,1,D,D Coote,13,13,6,4,13,12,13,7,2,2,0,0,2.37,3.4,3.0,20:00,2.43,3.35,3.0,2.0,1.8,2.05,1.79,-0.25,2.11,1.81
2020/21,2021-03-20,Brighton,Newcastle,3,0,H,1,0,H,A Taylor,11,3,6,1,12,5,3,1,0,1,0,0,1.66,3.5,6.0,20:00,1.66,3.54,6.24,2.3,1.61,2.26,1.65,-0.75,1.89,2.01
2020/21,2021-03-21,West Ham,Arsenal,3,3,D,3,1,H,J Moss,15,16,5,7,18,8,3,5,3,1,0,0,2.8,3.5,2.45,15:00,2.83,3.43,2.5,1.9,1.9,1.95,1.87,0.0,2.07,1.82
2020/21,2021-03-21,Aston Villa,Tottenham,0,2,A,0,1,A,M Dean,8,9,1,3,18,13,5,8,3,2,0,0,2.9,3.3,2.45,19:30,2.97,3.38,2.42,1.9,1.9,1.85,1.97,0.25,1.81,2.09
2020/21,2021-04-03,Arsenal,Liverpool,0,3,A,0,0,D,S Attwell,3,16,2,7,10,10,1,2,1,1,0,0,3.1,3.7,2.15,20:00,3.13,3.56,2.26,1.72,2.1,1.78,2.06,0.25,1.91,1.97
2020/21,2021-04-03,Chelsea,West Brom,2,5,A,1,2,A,D Coote,18,14,8,7,11,6,10,3,1,1,1,0,1.22,6.0,15.0,12:30,1.22,6.33,14.99,1.72,2.1,1.73,2.12,-1.75,1.98,1.91
2020/21,2021-04-03,Leeds,Sheffield United,2,1,H,1,1,D,G Scott,23,9,8,1,12,13,5,7,1,2,0,0,1.5,4.33,6.5,15:00,1.52,4.4,6.36,1.8,2.0,1.81,2.02,-1.0,1.89,1.99
2020/21,2021-04-03,Leicester,Man City,0,2,A,0,0,D,A Taylor,5,11,2,4,13,12,1,1,2,3,0,0,6.0,4.2,1.53,17:30,6.16,4.07,1.57,1.9,1.9,1.91,1.92,1.0,1.87,2.01
2020/21,2021-04-04,Newcastle,Tottenham,2,2,D,1,2,A,C Pawson,22,11,6,5,13,14,7,3,3,2,0,0,5.5,4.0,1.6,14:05,5.56,4.03,1.62,1.9,1.9,1.88,1.94,1.0,1.79,2.09
2020/21,2021-04-04,Southampton,Burnley,3,2,H,2,2,D,A Marriner,24,7,9,5,11,10,6,7,0,0,0,0,2.05,3.3,3.8,12:00,2.1,3.29,3.78,2.1,1.72,2.14,1.71,-0.25,1.8,2.08
2020/21,2021-04-04,Aston Villa,Fulham,3,1,H,0,0,D,A Madley,14,15,4,7,14,20,4,4,1,2,0,0,2.25,3.3,3.3,16:30,2.28,3.29,3.32,2.2,1.66,2.2,1.68,-0.25,1.96,1.92
2020/21,2021-04-04,Man United,Brighton,2,1,H,0,1,A,M Dean,15,5,7,3,14,7,5,6,2,2,0,0,1.61,4.0,5.5,19:30,1.64,3.97,5.39,1.9,1.9,1.92,1.9,-0.75,1.84,2.05
2020/21,2021-04-05,Everton,Crystal Palace,1,1,D,0,0,D,K Friend,15,13,7,6,10,10,3,4,2,0,0,0,1.75,3.5,5.0,18:00,1.8,3.46,4.91,2.3,1.61,2.31,1.62,-0.5,1.81,2.07
2020/21,2021-04-05,Wolves,West Ham,2,3,A,1,3,A,M Oliver,20,9,5,6,9,9,4,2,1,4,0,0,2.87,3.2,2.55,20:15,2.95,3.13,2.58,2.5,1.53,2.4,1.58,0.0,2.07,1.81
2020/21,2021-04-09,Fulham,Wolves,0,1,A,0,0,D,J Moss,14,7,3,3,11,8,3,4,0,0,0,0,2.5,3.0,3.1,20:00,2.57,3.01,3.14,2.5,1.53,2.61,1.5,-0.25,2.16,1.76
2020/21,2021-04-10,Crystal Palace,Chelsea,1,4,A,0,3,A,M Oliver,1,23,1,10,7,12,0,8,1,0,0,0,7.0,3.8,1.53,17:30,6.95,3.98,1.54,2.1,1.72,2.08,1.76,1.0,1.92,1.96
2020/21,2021-04-10,Liverpool,Aston Villa,2,1,H,0,1,A,P Tierney,23,9,10,5,16,11,7,0,2,4,0,0,1.5,4.33,6.5,15:00,1.52,4.51,6.22,1.61,2.3,1.62,2.33,-1.0,1.85,2.03
2020/21,2021-04-10,Man City,Leeds,1,2,A,0,1,A,A Marriner,29,2,7,2,12,15,9,3,3,1,0,1,1.28,5.75,10.0,12:30,1.3,5.92,9.56,1.44,2.75,1.47,2.69,-1.5,1.88,1.99
2020/21,2021-04-11,West Ham,Leicester,3,2,H,2,0,H,M Dean,4,15,4,5,7,13,1,9,3,3,0,0,3.0,3.3,2.37,14:05,3.01,3.38,2.41,1.9,1.9,1.96,1.87,0.25,1.81,2.09
2020/21,2021-04-11,Sheffield United,Arsenal,0,3,A,0,1,A,P Bankes,7,14,2,5,9,6,2,4,1,1,0,0,6.5,3.75,1.57,19:00,6.15,3.97,1.59,2.0,1.8,2.01,1.82,1.0,1.83,2.05
2020/21,2021-04-11,Burnley,Newcastle,1,2,A,1,0,H,A Taylor,24,10,4,5,11,12,13,3,1,0,0,0,2.3,3.1,3.4,12:00,2.34,3.12,3.39,2.5,1.53,2.39,1.59,-0.25,1.99,1.89
2020/21,2021-04-11,Tottenham,Man United,1,3,A,1,0,H,C Kavanagh,12,12,3,7,11,15,7,5,1,5,0,0,2.87,3.4,2.45,16:30,2.87,3.44,2.49,1.9,1.9,1.86,1.96,0.0,2.08,1.82
2020/21,2021-04-12,Brighton,Everton,0,0,D,0,0,D,D England,23,8,3,1,12,7,10,3,1,2,0,0,2.25,3.3,3.3,20:15,2.3,3.26,3.31,2.2,1.66,2.21,1.68,-0.25,1.96,1.92
2020/21,2021-04-12,West Brom,Southampton,3,0,H,2,0,H,S Hooper,15,14,6,4,12,11,5,10,0,1,0,0,3.6,3.3,2.1,18:00,3.55,3.28,2.19,2.0,1.8,2.03,1.8,0.25,2.0,1.88
2020/21,2021-04-16,Everton,Tottenham,2,2,D,1,1,D,M Oliver,18,12,7,3,8,8,6,3,1,1,0,0,3.4,3.5,2.1,20:00,3.42,3.47,2.17,1.9,1.9,1.87,1.96,0.25,2.01,1.88
2020/21,2021-04-17,Newcastle,West Ham,3,2,H,2,0,H,K Friend,16,16,8,6,9,7,3,8,2,0,0,1,3.5,3.5,2.05,12:30,3.65,3.45,2.08,1.9,1.9,1.89,1.94,0.5,1.8,2.08
2020/21,2021-04-17,Wolves,Sheffield United,1,0,H,0,0,D,R Jones,10,8,5,2,8,15,3,3,1,2,0,0,1.66,3.5,5.75,20:15,1.69,3.55,5.81,2.3,1.61,2.33,1.61,-0.75,1.93,1.96
2020/21,2021-04-18,Arsenal,Fulham,1,1,D,0,0,D,C Pawson,18,3,5,1,9,11,11,1,0,3,0,0,1.7,3.8,4.8,13:30,1.75,3.72,4.91,2.0,1.8,2.04,1.79,-0.75,1.99,1.9
2020/21,2021-04-18,Man United,Burnley,3,1,H,0,0,D,J Moss,17,10,9,3,9,12,8,3,1,2,0,0,1.33,5.25,9.0,16:00,1.36,5.05,9.25,1.72,2.1,1.76,2.09,-1.5,2.08,1.81
2020/21,2021-04-19,Leeds,Liverpool,1,1,D,0,1,A,A Taylor,12,17,5,7,17,15,10,8,2,1,0,0,4.5,4.33,1.66,20:00,4.7,4.26,1.68,1.53,2.5,1.52,2.53,0.75,2.03,1.85
2020/21,2021-04-20,Chelsea,Brighton,0,0,D,0,0,D,S Attwell,7,11,4,2,8,9,0,3,2,0,0,1,1.57,4.0,6.0,20:00,1.61,3.85,6.26,2.2,1.66,2.16,1.71,-0.75,1.8,2.11
2020/21,2021-04-21,Tottenham,Southampton,2,1,H,0,1,A,D Coote,12,10,3,5,10,14,5,5,2,1,0,0,1.75,3.8,4.5,18:00,1.8,3.79,4.42,1.72,2.1,1.75,2.1,-0.75,2.05,1.84
2020/21,2021-04-21,Aston Villa,Man City,1,2,A,1,2,A,P Bankes,8,13,3,3,12,7,1,11,0,1,1,1,9.0,4.75,1.36,20:15,8.68,4.88,1.38,1.66,2.2,1.68,2.21,1.25,2.05,1.84
2020/21,2021-04-22,Leicester,West Brom,3,0,H,3,0,H,A Madley,17,4,7,1,13,12,7,3,0,2,0,0,1.53,3.8,6.0,20:00,1.59,4.08,5.94,1.9,1.9,1.93,1.9,-1.0,2.05,1.84
2020/21,2021-04-23,Arsenal,Everton,0,1,A,0,0,D,J Moss,14,8,3,1,13,10,7,3,1,3,0,0,2.0,3.5,3.75,20:00,2.06,3.46,3.77,2.0,1.8,2.0,1.84,-0.5,2.06,1.83
2020/21,2021-04-24,West Ham,Chelsea,0,1,A,0,1,A,C Kavanagh,9,17,2,6,9,11,4,2,0,4,1,0,4.75,3.6,1.75,17:30,4.74,3.75,1.77,2.0,1.8,2.0,1.84,0.75,1.87,2.0
2020/21,2021-04-24,Sheffield United,Brighton,1,0,H,1,0,H,K Friend,7,17,3,4,13,7,2,12,3,0,0,0,5.25,3.4,1.75,20:00,5.33,3.56,1.74,2.37,1.57,2.35,1.6,0.75,1.9,1.98
2020/21,2021-04-24,Liverpool,Newcastle,1,1,D,1,0,H,A Marriner,22,7,9,4,9,7,6,3,2,1,0,0,1.22,6.5,12.0,12:30,1.24,6.38,12.06,1.53,2.5,1.54,2.5,-1.75,1.9,1.98
2020/21,2021-04-25,Aston Villa,West Brom,2,2,D,1,1,D,S Attwell,24,10,11,4,14,9,11,4,0,2,0,0,1.85,3.6,4.2,19:00,1.88,3.67,4.19,1.9,1.9,1.94,1.88,-0.5,1.88,2.01
2020/21,2021-04-25,Leeds,Man United,0,0,D,0,0,D,C Pawson,6,16,3,4,21,11,2,6,4,1,0,0,4.0,4.2,1.75,14:00,4.05,4.05,1.82,1.57,2.37,1.59,2.4,0.75,1.83,2.05
2020/21,2021-04-25,Wolves,Burnley,0,4,A,0,3,A,D England,12,14,2,7,8,9,8,5,1,2,0,0,2.0,3.4,3.9,12:00,2.07,3.31,3.88,2.3,1.61,2.31,1.62,-0.5,2.08,1.82
2020/21,2021-04-26,Leicester,Crystal Palace,2,1,H,0,1,A,G Scott,13,4,5,2,13,12,7,2,0,1,0,0,1.4,4.33,8.5,20:00,1.47,4.26,7.71,2.0,1.8,2.04,1.79,-1.0,1.82,2.06
2020/21,2021-04-30,Southampton,Leicester,1,1,D,0,0,D,R Jones,5,23,3,9,9,13,0,10,1,0,1,0,3.8,3.8,1.9,20:00,3.82,3.81,1.94,1.9,1.9,1.86,1.97,0.5,1.93,1.95
2020/21,2021-05-01,Everton,Aston Villa,1,2,A,1,1,D,S Hooper,16,13,3,5,10,13,3,6,0,2,0,0,1.95,3.6,3.8,20:00,2.02,3.62,3.69,1.94,1.96,1.91,1.92,-0.5,2.02,1.86
2020/21,2021-05-01,Crystal Palace,Man City,0,2,A,0,0,D,D Coote,9,20,4,3,9,10,2,6,2,0,0,0,10.0,5.0,1.33,12:30,10.1,5.14,1.34,1.72,2.1,1.72,2.15,1.5,1.89,2.0
2020/21,2021-05-01,Brighton,Leeds,2,0,H,1,0,H,C Kavanagh,17,11,5,2,17,6,2,9,1,1,0,0,2.05,3.5,3.5,15:00,2.16,3.45,3.43,1.9,1.9,1.91,1.92,-0.25,1.87,2.02
2020/21,2021-05-01,Chelsea,Fulham,2,0,H,1,0,H,K Friend,9,10,5,3,15,8,1,8,1,1,0,0,1.44,4.4,7.5,17:30,1.48,4.27,7.59,2.0,1.8,2.03,1.8,-1.0,1.83,2.05
2020/21,2021-05-02,Newcastle,Arsenal,0,2,A,0,1,A,M Dean,5,19,1,5,10,9,3,7,2,1,1,0,3.6,3.6,2.0,14:00,3.64,3.57,2.05,1.72,2.1,1.78,2.06,0.5,1.83,2.06
2020/21,2021-05-02,Tottenham,Sheffield United,4,0,H,1,0,H,A Marriner,20,8,11,1,8,9,6,6,1,1,0,0,1.25,6.0,12.0,19:15,1.29,5.73,11.16,1.72,2.1,1.69,2.19,-1.5,1.89,1.99
2020/21,2021-05-03,Burnley,West Ham,1,2,A,1,2,A,A Taylor,8,22,3,4,4,8,5,4,2,1,0,0,3.1,3.6,2.2,20:15,3.17,3.49,2.26,1.9,1.9,1.9,1.92,0.25,1.91,1.96
2020/21,2021-05-03,West Brom,Wolves,1,1,D,0,1,A,P Tierney,10,20,4,10,17,11,5,6,2,0,0,0,2.9,3.2,2.5,18:00,2.91,3.19,2.58,2.2,1.66,2.2,1.69,0.0,2.06,1.82
2020/21,2021-05-07,Leicester,Newcastle,2,4,A,0,2,A,D England,25,14,9,6,12,9,9,6,1,1,0,0,1.4,4.75,8.0,20:00,1.42,4.8,7.83,1.72,2.1,1.73,2.13,-1.25,1.98,1.91
2020/21,2021-05-08,Sheffield United,Crystal Palace,0,2,A,0,1,A,S Hooper,7,21,0,8,11,8,5,11,1,1,0,0,3.0,3.2,2.45,15:00,2.97,3.25,2.52,2.3,1.61,2.29,1.63,0.0,2.1,1.79
2020/21,2021-05-08,Man City,Chelsea,1,2,A,1,0,H,A Taylor,16,12,4,5,12,10,6,2,2,0,0,0,1.9,3.4,4.2,17:30,1.94,3.45,4.26,2.2,1.66,2.22,1.68,-0.5,1.93,1.95
2020/21,2021-05-08,Leeds,Tottenham,3,1,H,2,1,H,M Oliver,16,11,7,3,12,10,8,6,1,2,0,0,3.4,3.8,2.0,12:30,3.46,3.8,2.04,1.66,2.2,1.64,2.29,0.5,1.84,2.05
2020/21,2021-05-08,Liverpool,Southampton,2,0,H,1,0,H,K Friend,14,12,6,6,10,6,8,4,0,1,0,0,1.25,6.0,11.0,20:15,1.29,5.97,10.14,1.44,2.75,1.47,2.69,-1.75,2.04,1.85
2020/21,2021-05-09,Arsenal,West Brom,3,1,H,2,0,H,P Bankes,15,12,7,1,7,9,6,6,1,2,0,0,1.44,4.5,7.0,19:00,1.47,4.53,7.01,1.72,2.1,1.76,2.09,-1.0,1.79,2.1
2020/21,2021-05-09,Aston Villa,Man United,1,3,A,1,0,H,C Kavanagh,11,18,5,7,13,18,5,6,1,1,1,0,4.2,3.8,1.8,14:05,4.38,3.81,1.82,1.72,2.1,1.73,2.13,0.75,1.82,2.06
2020/21,2021-05-09,West Ham,Everton,0,1,A,0,1,A,S Attwell,11,9,0,3,8,10,5,6,2,1,0,0,2.2,3.5,3.2,16:30,2.27,3.44,3.22,1.92,1.98,1.9,1.92,-0.25,1.96,1.93
2020/21,2021-05-09,Wolves,Brighton,2,1,H,0,1,A,J Moss,16,5,6,3,12,7,10,5,2,2,0,2,3.3,3.3,2.2,12:00,3.35,3.3,2.27,2.3,1.61,2.34,1.61,0.25,1.94,1.94
2020/21,2021-05-10,Fulham,Burnley,0,2,A,0,2,A,D Coote,21,14,3,5,11,10,8,4,2,0,0,0,2.2,3.4,3.3,20:00,2.21,3.41,3.35,2.0,1.8,2.04,1.79,-0.25,1.91,1.97
2020/21,2021-05-11,Man United,Leicester,1,2,A,1,1,D,C Pawson,4,12,1,3,9,12,3,4,0,0,0,0,2.5,3.4,2.8,18:00,2.54,3.37,2.88,1.9,1.9,1.95,1.88,0.0,1.82,2.07
2020/21,2021-05-11,Southampton,Crystal Palace,3,1,H,1,1,D,A Madley,13,11,6,4,20,13,12,8,2,3,0,0,2.05,3.6,3.5,20:15,2.1,3.56,3.56,1.9,1.9,1.93,1.91,-0.25,1.81,2.08
2020/21,2021-05-12,Chelsea,Arsenal,0,1,A,0,1,A,A Marriner,19,5,5,2,7,6,9,1,0,1,0,0,1.65,4.0,5.0,20:15,1.73,3.8,5.04,2.0,1.8,2.04,1.8,-0.75,1.96,1.93
2020/21,2021-05-13,Aston Villa,Everton,0,0,D,0,0,D,M Atkinson,13,15,2,5,9,12,9,1,2,0,0,0,2.7,3.4,2.6,18:00,2.72,3.44,2.61,1.86,2.04,1.84,2.0,0.0,1.97,1.9
2020/21,2021-05-13,Man United,Liverpool,2,4,A,1,2,A,A Taylor,18,17,3,8,10,12,6,4,3,0,0,0,3.0,3.75,2.2,20:15,3.15,3.76,2.18,1.72,2.1,1.69,2.19,0.25,1.97,1.9
2020/21,2021-05-14,Newcastle,Man City,3,4,A,2,2,D,K Friend,11,15,5,6,11,10,4,5,2,2,0,0,11.0,6.0,1.25,20:00,10.52,5.8,1.3,1.53,2.5,1.54,2.51,1.5,2.02,1.86
2020/21,2021-05-15,Southampton,Fulham,3,1,H,1,0,H,C Pawson,11,10,7,3,9,15,6,5,0,1,0,0,2.0,3.6,3.6,15:00,2.02,3.58,3.73,1.9,1.9,1.97,1.86,-0.5,2.02,1.86
2020/21,2021-05-15,Brighton,West Ham,1,1,D,0,0,D,A Marriner,10,15,2,3,7,5,3,3,1,1,0,0,2.9,3.6,2.3,20:00,2.98,3.49,2.39,2.0,1.8,2.02,1.81,0.25,1.82,2.06
2020/21,2021-05-15,Burnley,Leeds,0,4,A,0,1,A,G Scott,16,16,4,6,10,10,6,8,1,1,0,0,3.2,3.75,2.1,12:30,3.14,3.64,2.23,1.66,2.2,1.67,2.24,0.25,1.94,1.94
2020/21,2021-05-16,Crystal Palace,Aston Villa,3,2,H,1,2,A,D Coote,23,19,8,5,23,13,7,7,3,2,0,0,3.0,3.6,2.25,12:00,3.05,3.5,2.33,1.9,1.9,1.94,1.89,0.25,1.86,2.02
2020/21,2021-05-16,Everton,Sheffield United,0,1,A,0,1,A,A Moss,16,10,6,3,8,12,11,4,1,3,0,0,1.36,4.75,8.5,19:00,1.4,4.73,8.34,1.8,2.0,1.84,1.98,-1.25,1.95,1.93
2020/21,2021-05-16,Tottenham,Wolves,2,0,H,1,0,H,M Atkinson,24,15,13,3,8,11,10,3,1,0,0,0,1.5,4.33,6.5,14:05,1.54,4.28,6.27,1.8,2.0,1.85,1.98,-1.0,1.94,1.93
2020/21,2021-05-16,West Brom,Liverpool,1,2,A,1,1,D,M Dean,10,26,3,6,7,14,9,13,0,0,0,0,12.0,6.5,1.22,16:30,12.37,6.75,1.23,1.4,3.0,1.43,2.83,2.0,1.81,2.07
2020/21,2021-05-18,Brighton,Man City,3,2,H,0,1,A,S Attwell,19,8,6,4,13,11,5,3,3,3,0,1,7.0,4.5,1.45,19:00,6.93,4.49,1.49,1.72,2.1,1.78,2.07,1.0,2.08,1.81
2020/21,2021-05-18,Chelsea,Leicester,2,1,H,0,0,D,M Dean,17,7,6,3,15,16,6,5,2,4,0,0,1.7,3.75,5.0,20:15,1.72,3.71,5.37,2.1,1.72,2.14,1.73,-0.75,1.94,1.94
2020/21,2021-05-18,Man United,Fulham,1,1,D,1,0,H,L Mason,13,8,6,5,10,15,6,1,2,3,0,0,1.28,6.0,9.0,18:00,1.32,5.71,9.38,1.57,2.37,1.59,2.41,-1.5,1.93,1.95
2020/21,2021-05-18,Southampton,Leeds,0,2,A,0,0,D,P Bankes,18,15,3,7,10,12,4,5,0,3,0,0,2.55,3.9,2.5,18:00,2.6,3.81,2.54,1.5,2.62,1.5,2.6,0.0,1.94,1.92
2020/21,2021-05-19,West Brom,West Ham,1,3,A,1,1,D,M Oliver,14,21,4,9,8,11,6,8,2,2,0,0,5.0,4.33,1.6,20:15,5.26,4.25,1.62,1.57,2.37,1.62,2.33,1.0,1.84,2.04
2020/21,2021-05-19,Tottenham,Aston Villa,1,2,A,1,2,A,C Pawson,10,20,4,4,14,13,4,5,1,1,0,0,1.5,4.5,6.0,18:00,1.53,4.65,5.85,1.53,2.5,1.54,2.51,-1.0,1.85,2.03
2020/21,2021-05-19,Newcastle,Sheffield United,1,0,H,1,0,H,R Jones,16,11,5,1,7,7,5,2,0,2,0,0,1.72,3.8,4.75,18:00,1.75,3.83,4.75,1.8,2.0,1.81,2.03,-0.75,1.97,1.91
2020/21,2021-05-19,Crystal Palace,Arsenal,1,3,A,0,1,A,A Taylor,12,6,6,3,7,7,6,7,2,1,0,0,6.0,4.5,1.5,19:00,6.14,4.41,1.53,1.72,2.1,1.74,2.13,1.0,1.99,1.88
2020/21,2021-05-19,Burnley,Liverpool,0,3,A,0,1,A,C Kavanagh,10,20,4,3,10,7,6,7,0,0,0,0,11.0,7.0,1.22,20:15,10.82,6.67,1.25,1.33,3.4,1.35,3.23,2.0,1.81,2.06
2020/21,2021-05-19,Everton,Wolves,1,0,H,0,0,D,A Madley,14,9,4,3,11,11,7,12,0,2,0,0,1.85,3.6,4.2,18:00,1.89,3.61,4.25,2.0,1.8,2.1,1.76,-0.5,1.88,2.0
2020/21,2021-05-23,Wolves,Man United,1,2,A,1,2,A,M Dean,14,9,4,4,14,3,6,2,4,1,0,0,2.5,3.5,2.7,16:00,2.53,3.63,2.69,1.72,2.1,1.74,2.13,0.0,1.88,1.99
2020/21,2021-05-23,Arsenal,Brighton,2,0,H,0,0,D,J Moss,16,5,5,1,10,8,11,3,0,0,0,0,1.57,4.33,5.25,16:00,1.62,4.29,5.23,1.72,2.1,1.71,2.17,-1.0,2.07,1.8
2020/21,2021-05-23,Aston Villa,Chelsea,2,1,H,1,0,H,S Attwell,6,23,3,7,11,12,2,9,3,3,0,1,6.5,4.6,1.45,16:00,6.62,4.56,1.49,1.66,2.2,1.68,2.22,1.0,2.09,1.8
2020/21,2021-05-23,Fulham,Newcastle,0,2,A,0,1,A,C Kavanagh,14,10,0,4,12,6,5,4,1,0,0,0,2.05,3.8,3.3,16:00,2.09,3.81,3.32,1.61,2.3,1.65,2.27,-0.5,2.07,1.81
2020/21,2021-05-23,Leeds,West Brom,3,1,H,2,0,H,D Coote,17,14,9,5,12,12,8,3,2,1,0,0,1.4,5.25,6.5,16:00,1.44,5.18,6.51,1.4,3.0,1.41,2.91,-1.25,1.91,1.97
2020/21,2021-05-23,Leicester,Tottenham,2,4,A,1,1,D,A Taylor,10,11,6,4,9,8,8,7,0,2,0,0,2.0,4.0,3.3,16:00,2.04,4.02,3.33,1.57,2.37,1.6,2.37,-0.5,2.04,1.85
2020/21,2021-05-23,Liverpool,Crystal Palace,2,0,H,1,0,H,C Pawson,19,5,5,4,10,8,14,1,2,2,0,0,1.14,8.5,15.0,16:00,1.16,8.28,17.35,1.36,3.2,1.37,3.1,-2.25,1.98,1.9
2020/21,2021-05-23,Man City,Everton,5,0,H,2,0,H,M Oliver,21,8,11,3,8,10,7,5,2,2,0,0,1.44,5.0,6.5,16:00,1.44,4.94,6.83,1.61,2.3,1.62,2.31,-1.25,2.0,1.88
2020/21,2021-05-23,Sheffield United,Burnley,1,0,H,1,0,H,K Friend,12,10,3,3,11,1,8,9,3,1,0,0,2.8,3.6,2.4,16:00,2.84,3.63,2.41,1.72,2.1,1.74,2.12,0.25,1.79,2.11
2020/21,2021-05-23,West Ham,Southampton,3,0,H,2,0,H,M Atkinson,14,17,7,5,5,9,2,3,0,3,0,0,1.65,4.0,5.0,16:00,1.72,4.0,4.76,1.61,2.3,1.63,2.31,-0.75,1.92,1.96
2021/22,2021-08-13,Brentford,Arsenal,2,0,H,1,0,H,M Oliver,8,22,3,4,12,8,2,5,0,0,0,0,4.0,3.4,1.95,20:00,4.02,3.43,2.02,2.1,1.72,2.16,1.73,0.5,1.87,2.03
2021/22,2021-08-14,Man United,Leeds,5,1,H,1,0,H,P Tierney,16,10,8,3,11,9,5,4,1,2,0,0,1.53,4.5,5.75,12:30,1.55,4.48,5.87,1.61,2.3,1.65,2.29,-1.0,1.93,1.96
2021/22,2021-08-14,Norwich,Liverpool,0,3,A,0,1,A,A Marriner,14,19,3,8,4,14,3,11,1,1,0,0,9.0,5.75,1.3,17:30,8.78,5.71,1.33,1.53,2.5,1.52,2.59,1.5,1.94,1.95
2021/22,2021-08-14,Leicester,Wolves,1,0,H,1,0,H,C Pawson,9,17,5,3,6,10,5,4,1,2,0,0,1.66,3.8,5.25,15:00,1.71,3.75,5.32,2.09,1.84,2.04,1.81,-0.75,1.94,1.95
2021/22,2021-08-14,Watford,Aston Villa,3,2,H,2,0,H,M Dean,13,11,7,2,18,13,2,4,3,1,0,0,3.1,3.2,2.37,15:00,3.14,3.26,2.41,2.0,1.8,2.03,1.82,0.25,1.82,2.07
2021/22,2021-08-14,Chelsea,Crystal Palace,3,0,H,2,0,H,J Moss,13,4,6,1,15,11,5,2,0,0,0,0,1.25,5.75,13.0,15:00,1.26,5.92,12.8,1.8,2.0,1.79,2.06,-1.5,1.83,2.07
2021/22,2021-08-14,Burnley,Brighton,1,2,A,1,0,H,D Coote,14,14,3,8,10,7,7,6,2,1,0,0,3.1,3.1,2.45,15:00,3.19,3.09,2.49,2.5,1.53,2.46,1.57,0.25,1.79,2.12
2021/22,2021-08-14,Everton,Southampton,3,1,H,0,1,A,A Madley,14,6,6,3,13,15,6,8,2,0,0,0,1.9,3.5,4.0,15:00,1.97,3.53,4.04,2.0,1.8,2.07,1.79,-0.5,1.96,1.92
2021/22,2021-08-15,Newcastle,West Ham,2,4,A,2,1,H,M Atkinson,17,8,3,9,4,3,7,6,1,0,0,0,3.2,3.5,2.2,14:00,3.2,3.51,2.26,1.99,1.94,1.95,1.9,0.25,1.92,1.96
2021/22,2021-08-15,Tottenham,Man City,1,0,H,0,0,D,A Taylor,13,18,3,4,11,8,3,11,2,1,0,0,5.5,4.2,1.6,16:30,5.49,4.1,1.64,1.89,2.04,1.85,2.01,1.0,1.79,2.11
2021/22,2021-08-21,Man City,Norwich,5,0,H,2,0,H,G Scott,16,1,4,0,13,7,6,1,1,0,0,0,1.08,11.0,26.0,15:00,1.11,10.58,25.64,1.33,3.4,1.34,3.29,-2.5,1.93,1.95
2021/22,2021-08-21,Liverpool,Burnley,2,0,H,1,0,H,M Dean,27,9,9,3,6,12,8,4,0,0,0,0,1.18,7.5,13.0,12:30,1.21,6.97,14.41,1.53,2.5,1.54,2.5,-2.0,2.07,1.81
2021/22,2021-08-21,Leeds,Everton,2,2,D,1,1,D,D England,17,17,4,8,6,13,8,5,2,4,0,0,2.37,3.4,3.0,15:00,2.37,3.47,3.03,1.72,2.1,1.7,2.2,-0.25,2.04,1.85
2021/22,2021-08-21,Brighton,Watford,2,0,H,2,0,H,A Taylor,13,10,3,1,11,6,7,2,4,0,0,0,1.7,3.5,5.75,17:30,1.74,3.52,5.53,2.2,1.66,2.24,1.67,-0.75,1.97,1.92
2021/22,2021-08-21,Aston Villa,Newcastle,2,0,H,1,0,H,D Coote,10,9,2,1,8,18,3,4,3,4,0,0,1.8,3.75,4.33,15:00,1.82,3.92,4.25,1.72,2.1,1.77,2.09,-0.75,2.04,1.84
2021/22,2021-08-21,Crystal Palace,Brentford,0,0,D,0,0,D,M Atkinson,7,14,2,3,12,9,3,5,3,1,0,0,2.55,3.2,2.87,15:00,2.61,3.18,2.9,2.3,1.61,2.32,1.62,0.0,1.83,2.06
2021/22,2021-08-22,Arsenal,Chelsea,0,2,A,0,2,A,P Tierney,6,22,3,5,10,4,9,8,3,0,0,0,4.75,3.75,1.72,16:30,4.76,3.74,1.78,2.1,1.72,2.07,1.79,0.75,1.86,2.02
2021/22,2021-08-22,Southampton,Man United,1,1,D,1,0,H,C Pawson,8,15,3,4,12,10,7,7,2,3,0,0,5.5,4.2,1.57,14:00,5.36,4.26,1.61,1.72,2.1,1.72,2.16,1.0,1.84,2.04
2021/22,2021-08-22,Wolves,Tottenham,0,1,A,0,1,A,S Attwell,25,8,6,6,9,7,5,4,1,4,0,0,3.2,3.2,2.35,14:00,3.2,3.15,2.43,2.2,1.66,2.24,1.67,0.25,1.81,2.08
2021/22,2021-08-23,West Ham,Leicester,4,1,H,1,0,H,M Oliver,13,5,7,1,8,8,10,0,0,1,0,1,2.5,3.5,2.75,20:00,2.58,3.44,2.75,1.8,2.0,1.8,2.04,0.0,1.88,2.01
2021/22,2021-08-28,Norwich,Leicester,1,2,A,1,1,D,R Jones,14,9,4,3,8,9,9,9,2,1,0,0,4.5,3.5,1.85,15:00,4.34,3.55,1.9,1.8,2.0,1.8,2.06,0.5,1.98,1.9
2021/22,2021-08-28,West Ham,Crystal Palace,2,2,D,1,0,H,S Attwell,14,9,4,2,10,7,5,3,1,0,0,0,1.55,4.0,6.5,15:00,1.58,4.02,6.29,1.9,1.9,1.89,1.96,-1.0,2.02,1.86
2021/22,2021-08-28,Newcastle,Southampton,2,2,D,0,0,D,P Tierney,10,22,5,6,11,6,4,4,3,3,0,0,2.5,3.4,2.8,15:00,2.52,3.47,2.82,1.85,2.05,1.83,2.03,0.0,1.84,2.05
2021/22,2021-08-28,Brighton,Everton,0,2,A,0,1,A,J Moss,14,14,3,5,7,9,4,5,1,2,0,0,2.3,3.2,3.3,15:00,2.35,3.25,3.27,2.2,1.66,2.23,1.68,-0.25,2.0,1.88
2021/22,2021-08-28,Liverpool,Chelsea,1,1,D,1,1,D,A Taylor,24,6,7,3,13,4,12,3,0,2,0,1,2.45,3.3,2.9,17:30,2.5,3.33,2.95,2.0,1.8,2.02,1.83,0.0,1.79,2.12
2021/22,2021-08-28,Aston Villa,Brentford,1,1,D,1,1,D,P Bankes,7,9,5,2,15,14,3,2,3,3,0,0,1.95,3.6,3.8,15:00,2.0,3.57,3.84,1.9,1.9,1.97,1.88,-0.5,2.0,1.88
2021/22,2021-08-28,Man City,Arsenal,5,0,H,3,0,H,M Atkinson,25,1,10,0,5,7,14,0,1,2,0,1,1.25,6.0,12.0,12:30,1.26,6.16,11.99,1.57,2.37,1.57,2.45,-1.75,2.0,1.88
2021/22,2021-08-29,Burnley,Leeds,1,1,D,0,0,D,M Oliver,12,12,3,2,13,9,5,5,4,3,0,0,3.1,3.5,2.25,14:00,3.07,3.51,2.33,1.72,2.1,1.77,2.09,0.25,1.87,2.01
2021/22,2021-08-29,Tottenham,Watford,1,0,H,1,0,H,A Marriner,15,9,8,2,8,14,10,3,3,3,0,0,1.36,4.75,9.0,14:00,1.44,4.48,8.42,1.8,2.0,1.85,2.0,-1.25,2.04,1.85
2021/22,2021-08-29,Wolves,Man United,0,1,A,0,0,D,M Dean,15,10,6,3,7,9,5,7,3,4,0,0,5.0,3.5,1.75,16:30,4.91,3.48,1.82,2.0,1.8,2.01,1.83,0.75,1.81,2.07
2021/22,2021-09-11,Southampton,West Ham,0,0,D,0,0,D,D Coote,11,13,3,3,10,12,5,4,3,1,0,1,2.9,3.5,2.4,15:00,2.89,3.46,2.47,1.72,2.1,1.72,2.15,0.0,2.09,1.8
2021/22,2021-09-11,Arsenal,Norwich,1,0,H,0,0,D,M Oliver,30,10,7,1,9,11,8,4,1,2,0,0,1.5,4.6,6.0,15:00,1.52,4.48,6.4,1.72,2.1,1.71,2.17,-1.0,1.84,2.04
2021/22,2021-09-11,Brentford,Brighton,0,1,A,0,0,D,G Scott,7,4,1,2,9,12,1,6,3,2,0,0,2.8,3.2,2.62,15:00,2.86,3.14,2.69,2.5,1.53,2.46,1.57,0.0,1.99,1.89
2021/22,2021-09-11,Chelsea,Aston Villa,3,0,H,1,0,H,S Attwell,12,18,4,6,11,11,4,11,1,4,0,0,1.28,5.5,11.0,17:30,1.3,5.46,11.28,1.8,2.0,1.78,2.07,-1.5,1.94,1.94
2021/22,2021-09-11,Crystal Palace,Tottenham,3,0,H,0,0,D,J Moss,18,2,4,1,13,15,8,2,2,1,0,1,4.2,3.5,1.9,12:30,4.25,3.44,1.95,2.1,1.72,2.1,1.77,0.5,1.93,1.96
2021/22,2021-09-11,Leicester,Man City,0,1,A,0,0,D,P Tierney,6,25,1,8,4,11,5,8,1,2,0,0,6.0,4.0,1.57,15:00,5.7,4.22,1.6,1.72,2.1,1.74,2.14,1.0,1.85,2.04
2021/22,2021-09-11,Man United,Newcastle,4,1,H,1,0,H,A Taylor,21,12,7,3,9,2,7,3,1,0,0,0,1.18,7.5,15.0,15:00,1.2,7.27,14.77,1.44,2.75,1.44,2.79,-2.0,1.98,1.89
2021/22,2021-09-11,Watford,Wolves,0,2,A,0,0,D,P Bankes,6,14,2,5,15,13,6,8,3,3,0,0,3.4,3.2,2.25,15:00,3.36,3.19,2.33,2.3,1.61,2.3,1.64,0.25,1.89,1.99
2021/22,2021-09-12,Leeds,Liverpool,0,3,A,0,1,A,C Pawson,9,30,4,9,9,8,2,11,2,1,1,0,4.33,4.0,1.75,16:30,4.34,4.05,1.78,1.57,2.37,1.57,2.44,0.75,1.89,1.99
2021/22,2021-09-13,Everton,Burnley,3,1,H,0,0,D,M Atkinson,14,11,6,6,3,6,4,6,1,1,0,0,1.7,3.75,5.0,20:00,1.75,3.71,5.01,2.0,1.8,1.99,1.85,-0.75,1.97,1.91
2021/22,2021-09-17,Newcastle,Leeds,1,1,D,1,1,D,M Dean,17,22,7,9,9,11,4,5,2,2,0,0,3.0,3.6,2.3,20:00,3.01,3.62,2.33,1.61,2.3,1.65,2.29,0.25,1.86,2.03
2021/22,2021-09-18,Aston Villa,Everton,3,0,H,0,0,D,C Pawson,15,11,3,1,7,10,5,4,1,1,0,0,2.4,3.3,3.0,17:30,2.4,3.36,3.06,2.0,1.8,2.0,1.84,-0.25,2.06,1.84
2021/22,2021-09-18,Burnley,Arsenal,0,1,A,0,1,A,A Taylor,18,13,3,3,9,8,8,3,2,1,0,0,3.8,3.6,1.95,15:00,3.82,3.5,2.03,2.0,1.8,2.03,1.82,0.5,1.86,2.03
2021/22,2021-09-18,Liverpool,Crystal Palace,3,0,H,1,0,H,A Madley,25,13,10,2,17,11,10,5,3,1,0,0,1.2,7.0,13.0,15:00,1.22,6.84,14.04,1.5,2.62,1.5,2.6,-1.75,1.85,2.05
2021/22,2021-09-18,Man City,Southampton,0,0,D,0,0,D,J Moss,18,10,1,2,5,12,8,5,0,2,0,0,1.12,9.5,17.0,15:00,1.15,8.46,18.55,1.36,3.2,1.4,2.99,-2.25,2.0,1.88
2021/22,2021-09-18,Norwich,Watford,1,3,A,1,1,D,R Jones,12,12,5,8,10,14,4,8,1,1,0,0,2.15,3.3,3.5,15:00,2.18,3.39,3.47,2.1,1.72,2.11,1.76,-0.25,1.88,2.01
2021/22,2021-09-18,Wolves,Brentford,0,2,A,0,2,A,D England,11,9,0,3,10,7,4,2,4,2,0,1,1.83,3.25,5.0,12:30,1.9,3.27,4.83,2.5,1.53,2.49,1.56,-0.5,1.9,1.99
2021/22,2021-09-19,Brighton,Leicester,2,1,H,1,0,H,S Attwell,12,14,5,3,8,10,4,9,2,1,0,0,2.7,3.2,2.75,14:00,2.75,3.23,2.73,2.1,1.72,2.17,1.71,0.0,1.94,1.95
2021/22,2021-09-19,Tottenham,Chelsea,0,3,A,0,0,D,P Tierney,8,20,2,10,4,15,5,11,0,1,0,0,5.0,3.8,1.7,16:30,4.89,3.83,1.74,2.0,1.8,2.09,1.77,0.75,1.91,1.97
2021/22,2021-09-19,West Ham,Man United,1,2,A,1,1,D,M Atkinson,13,17,4,10,5,8,2,11,0,0,0,0,4.33,4.0,1.75,14:00,4.51,3.9,1.78,1.66,2.2,1.69,2.21,0.75,1.88,2.0
2021/22,2021-09-25,Watford,Newcastle,1,1,D,0,1,A,J Gillett,15,20,4,6,19,12,5,6,4,3,0,0,2.2,3.4,3.3,15:00,2.27,3.37,3.32,2.0,1.8,2.04,1.81,-0.25,1.95,1.94
2021/22,2021-09-25,Leicester,Burnley,2,2,D,1,2,A,C Kavanagh,22,9,5,3,10,8,8,4,2,4,0,0,1.57,4.0,6.0,15:00,1.59,4.05,6.12,1.9,1.9,1.86,1.98,-1.0,2.04,1.85
2021/22,2021-09-25,Leeds,West Ham,1,2,A,1,0,H,K Friend,15,20,5,7,10,6,5,7,3,2,0,0,3.0,3.6,2.25,15:00,3.04,3.67,2.29,1.57,2.37,1.61,2.37,0.25,1.9,1.99
2021/22,2021-09-25,Man United,Aston Villa,0,1,A,0,0,D,M Dean,28,7,4,3,9,13,5,5,2,2,0,0,1.36,5.25,8.0,12:30,1.4,5.08,7.84,1.57,2.37,1.6,2.39,-1.25,1.88,2.01
2021/22,2021-09-25,Chelsea,Man City,0,1,A,0,0,D,M Oliver,5,15,0,4,12,10,4,13,3,2,0,0,2.62,3.2,2.75,12:30,2.66,3.26,2.79,2.1,1.72,2.13,1.75,0.0,1.9,1.99
2021/22,2021-09-25,Brentford,Liverpool,3,3,D,1,1,D,S Attwell,12,16,4,6,8,7,2,11,1,1,0,0,7.0,4.5,1.45,17:30,6.96,4.48,1.49,1.72,2.1,1.75,2.12,1.0,2.09,1.8
2021/22,2021-09-25,Everton,Norwich,2,0,H,1,0,H,D Coote,11,10,4,2,12,9,6,4,2,3,0,0,1.61,3.8,5.75,15:00,1.63,3.86,5.96,1.9,1.9,1.89,1.95,-1.0,2.11,1.79
2021/22,2021-09-26,Arsenal,Tottenham,3,1,H,3,0,H,C Pawson,12,10,7,4,12,13,4,4,2,1,0,0,2.15,3.3,3.5,16:30,2.28,3.31,3.35,2.0,1.8,2.07,1.79,-0.25,1.95,1.94
2021/22,2021-09-26,Southampton,Wolves,0,1,A,0,0,D,A Madley,18,5,6,3,12,8,5,5,0,0,0,0,2.62,3.2,2.8,14:00,2.65,3.24,2.83,2.1,1.72,2.12,1.75,0.0,1.88,2.01
2021/22,2021-09-27,Crystal Palace,Brighton,1,1,D,1,0,H,A Marriner,8,8,3,4,12,10,6,5,2,3,0,0,3.1,3.2,2.45,20:00,3.04,3.15,2.54,2.3,1.61,2.31,1.63,0.0,2.13,1.78
2021/22,2021-10-02,Wolves,Newcastle,2,1,H,1,1,D,G Scott,7,8,3,2,15,5,0,4,0,2,0,0,1.61,4.2,5.25,15:00,1.69,4.0,5.02,1.9,1.9,1.93,1.91,-0.75,1.9,1.99
2021/22,2021-10-02,Man United,Everton,1,1,D,1,0,H,M Oliver,13,12,6,2,10,9,10,1,1,1,0,0,1.45,4.33,7.5,12:30,1.5,4.38,7.08,1.8,2.0,1.81,2.05,-1.0,1.83,2.07
2021/22,2021-10-02,Leeds,Watford,1,0,H,1,0,H,S Hooper,20,5,4,1,10,16,6,3,0,3,0,0,1.7,4.0,4.75,15:00,1.76,3.9,4.63,1.66,2.2,1.69,2.22,-0.75,1.96,1.92
2021/22,2021-10-02,Chelsea,Southampton,3,1,H,1,0,H,M Atkinson,20,6,9,2,11,13,7,2,1,3,0,1,1.36,4.75,9.0,15:00,1.38,4.9,8.92,1.8,2.0,1.79,2.06,-1.25,1.9,1.99
2021/22,2021-10-02,Brighton,Arsenal,0,0,D,0,0,D,J Moss,21,8,2,2,8,5,8,5,2,1,0,0,3.0,3.25,2.4,17:30,3.05,3.22,2.5,2.0,1.8,2.06,1.8,0.25,1.79,2.12
2021/22,2021-10-02,Burnley,Norwich,0,0,D,0,0,D,K Friend,14,10,4,2,13,3,9,5,5,2,0,0,1.85,3.6,4.33,15:00,1.88,3.61,4.33,1.9,1.9,1.9,1.94,-0.5,1.88,2.01
2021/22,2021-10-03,Crystal Palace,Leicester,2,2,D,0,2,A,A Taylor,18,9,4,5,15,11,1,3,2,3,0,0,3.1,3.4,2.3,14:00,3.11,3.41,2.36,2.0,1.8,2.02,1.83,0.25,1.85,2.04
2021/22,2021-10-03,Liverpool,Man City,2,2,D,0,0,D,P Tierney,6,12,4,3,10,12,3,4,3,3,0,0,2.87,3.5,2.4,16:30,2.9,3.53,2.43,1.72,2.1,1.73,2.14,0.25,1.8,2.1
2021/22,2021-10-03,Tottenham,Aston Villa,2,1,H,1,0,H,C Kavanagh,17,14,8,3,11,14,5,8,2,1,0,0,2.1,3.6,3.4,14:00,2.12,3.53,3.5,1.9,1.9,1.89,1.95,-0.25,1.84,2.06
2021/22,2021-10-03,West Ham,Brentford,1,2,A,0,1,A,P Bankes,18,13,5,6,16,13,11,6,2,3,0,0,1.75,3.75,4.75,14:00,1.82,3.62,4.67,1.9,1.9,1.92,1.92,-0.5,1.83,2.07
2021/22,2021-10-16,Watford,Liverpool,0,5,A,0,2,A,J Moss,6,19,2,8,4,10,1,9,0,0,0,0,8.5,5.5,1.33,12:30,8.67,5.33,1.36,1.57,2.37,1.58,2.43,1.5,1.85,2.02
2021/22,2021-10-16,Southampton,Leeds,1,0,H,0,0,D,D Coote,19,3,5,0,16,14,8,1,2,3,0,0,2.3,3.5,3.0,15:00,2.4,3.52,2.93,1.72,2.1,1.72,2.17,-0.25,2.07,1.83
2021/22,2021-10-16,Norwich,Brighton,0,0,D,0,0,D,P Bankes,15,11,3,3,5,14,8,4,3,5,0,0,3.6,3.4,2.1,15:00,3.67,3.34,2.13,2.1,1.72,2.13,1.75,0.25,2.06,1.83
2021/22,2021-10-16,Man City,Burnley,2,0,H,1,0,H,M Atkinson,15,7,6,2,11,5,6,2,1,0,0,0,1.12,9.0,19.0,15:00,1.12,9.47,22.12,1.36,3.2,1.39,3.04,-2.25,1.85,2.03
2021/22,2021-10-16,Leicester,Man United,4,2,H,1,1,D,C Pawson,22,18,11,6,5,17,4,3,0,3,0,0,3.5,3.6,2.05,15:00,3.49,3.59,2.1,1.72,2.1,1.77,2.11,0.5,1.78,2.09
2021/22,2021-10-16,Brentford,Chelsea,0,1,A,0,1,A,A Taylor,17,5,7,1,13,8,5,5,1,1,0,0,6.5,3.8,1.57,17:30,6.37,3.84,1.6,2.0,1.8,2.04,1.81,1.0,1.82,2.08
2021/22,2021-10-16,Aston Villa,Wolves,2,3,A,0,0,D,M Oliver,14,9,5,4,8,17,6,7,2,3,0,0,2.15,3.25,3.5,15:00,2.25,3.28,3.42,2.1,1.72,2.12,1.76,-0.25,1.93,1.96
2021/22,2021-10-17,Everton,West Ham,0,1,A,0,0,D,S Attwell,15,16,2,4,3,3,7,9,0,2,0,0,2.5,3.4,2.8,14:00,2.52,3.35,2.89,1.9,1.9,1.89,1.96,0.0,1.81,2.09
2021/22,2021-10-17,Newcastle,Tottenham,2,3,A,1,3,A,A Marriner,7,14,1,4,13,4,2,9,4,1,1,0,3.5,3.6,2.05,16:30,3.51,3.58,2.09,1.8,2.0,1.79,2.07,0.25,2.08,1.82
2021/22,2021-10-18,Arsenal,Crystal Palace,2,2,D,1,0,H,M Dean,17,9,6,6,7,4,6,4,1,1,0,0,1.6,3.8,6.0,20:00,1.65,3.87,5.65,1.97,1.93,1.93,1.91,-0.75,1.84,2.06
2021/22,2021-10-22,Arsenal,Aston Villa,3,1,H,2,0,H,C Pawson,22,10,9,4,17,10,7,4,2,5,0,0,1.83,3.75,4.2,20:00,1.91,3.73,4.05,1.72,2.1,1.78,2.08,-0.5,1.9,1.97
2021/22,2021-10-23,Brighton,Man City,1,4,A,0,3,A,K Friend,10,23,5,14,10,6,7,6,2,3,0,0,8.0,4.75,1.4,17:30,7.71,4.77,1.42,1.8,2.0,1.83,2.02,1.25,1.89,2.0
2021/22,2021-10-23,Chelsea,Norwich,7,0,H,3,0,H,A Madley,23,3,13,1,14,16,5,0,0,2,0,1,1.18,7.0,15.0,12:30,1.19,7.07,17.21,1.66,2.2,1.66,2.27,-2.0,2.08,1.8
2021/22,2021-10-23,Crystal Palace,Newcastle,1,1,D,0,0,D,D England,15,6,3,2,13,9,3,7,3,4,0,0,1.9,3.6,4.0,15:00,1.97,3.61,3.88,1.9,1.9,1.95,1.89,-0.5,1.98,1.9
2021/22,2021-10-23,Everton,Watford,2,5,A,1,1,D,G Scott,15,20,4,8,9,13,3,5,4,3,0,0,1.65,3.8,5.5,15:00,1.67,3.86,5.49,2.0,1.8,2.01,1.84,-0.75,1.86,2.03
2021/22,2021-10-23,Leeds,Wolves,1,1,D,0,1,A,R Jones,18,8,4,4,15,14,6,3,2,3,0,0,2.4,3.4,2.87,15:00,2.57,3.37,2.79,1.9,1.9,1.9,1.95,0.0,1.86,2.04
2021/22,2021-10-23,Southampton,Burnley,2,2,D,1,1,D,C Kavanagh,16,9,4,5,10,11,6,2,1,3,0,0,1.95,3.5,3.9,15:00,2.0,3.54,3.87,1.9,1.9,2.01,1.84,-0.5,1.99,1.88
2021/22,2021-10-24,West Ham,Tottenham,1,0,H,0,0,D,P Tierney,13,7,4,4,11,4,2,4,2,1,0,0,2.3,3.5,3.0,14:00,2.35,3.49,3.01,1.72,2.1,1.78,2.08,-0.25,2.04,1.86
2021/22,2021-10-24,Brentford,Leicester,1,2,A,0,1,A,S Hooper,15,10,5,6,13,7,9,2,1,1,0,0,2.62,3.3,2.7,14:00,2.63,3.39,2.72,1.9,1.9,1.9,1.94,0.0,1.91,1.98
2021/22,2021-10-24,Man United,Liverpool,0,5,A,0,4,A,A Taylor,12,19,4,8,10,8,6,3,6,0,1,0,3.1,3.6,2.2,16:30,3.06,3.66,2.27,1.53,2.5,1.59,2.42,0.25,1.9,1.99
2021/22,2021-10-30,Burnley,Brentford,3,1,H,3,0,H,J Moss,15,12,6,5,7,10,4,2,1,1,0,0,2.6,3.3,2.75,15:00,2.66,3.24,2.78,2.2,1.66,2.17,1.71,0.0,1.89,1.99
2021/22,2021-10-30,Leicester,Arsenal,0,2,A,0,2,A,M Oliver,16,9,8,5,8,11,7,6,2,0,0,0,2.4,3.5,2.87,12:30,2.47,3.47,2.87,1.8,2.0,1.81,2.05,0.0,1.81,2.1
2021/22,2021-10-30,Liverpool,Brighton,2,2,D,2,1,H,M Dean,14,9,3,6,8,5,5,3,2,2,0,0,1.22,6.5,13.0,15:00,1.24,6.49,12.11,1.53,2.5,1.52,2.57,-1.75,1.87,2.01
2021/22,2021-10-30,Man City,Crystal Palace,0,2,A,0,1,A,A Marriner,14,8,3,3,11,11,7,1,2,3,1,0,1.14,8.0,19.0,15:00,1.16,8.13,18.61,1.44,2.75,1.44,2.8,-2.25,2.04,1.85
2021/22,2021-10-30,Newcastle,Chelsea,0,3,A,0,0,D,P Tierney,6,19,1,6,14,12,0,2,3,2,0,0,8.5,5.0,1.36,15:00,8.63,4.91,1.38,1.72,2.1,1.74,2.12,1.25,2.01,1.88
2021/22,2021-10-30,Tottenham,Man United,0,3,A,0,1,A,S Attwell,9,10,0,4,12,14,10,2,2,3,0,0,2.87,3.6,2.37,17:30,2.93,3.57,2.37,1.72,2.1,1.76,2.1,0.25,1.83,2.05
2021/22,2021-10-30,Watford,Southampton,0,1,A,0,1,A,P Bankes,10,12,4,1,16,6,5,8,2,2,0,0,3.2,3.3,2.3,15:00,3.12,3.37,2.35,1.9,1.9,1.89,1.95,0.25,1.86,2.02
2021/22,2021-10-31,Aston Villa,West Ham,1,4,A,1,2,A,C Kavanagh,9,21,3,9,7,13,3,6,1,2,1,0,2.8,3.5,2.45,16:30,2.83,3.5,2.48,1.8,2.0,1.81,2.03,0.0,2.06,1.83
2021/22,2021-10-31,Norwich,Leeds,1,2,A,0,0,D,A Taylor,14,13,3,6,14,23,5,0,1,4,0,0,3.4,3.5,2.1,14:00,3.44,3.6,2.11,1.72,2.1,1.76,2.09,0.25,2.05,1.83
2021/22,2021-11-01,Wolves,Everton,2,1,H,2,0,H,M Atkinson,10,14,4,5,10,8,4,3,1,1,0,0,2.2,3.2,3.5,20:00,2.24,3.28,3.39,2.3,1.61,2.27,1.65,-0.25,1.93,1.95
2021/22,2021-11-05,Southampton,Aston Villa,1,0,H,1,0,H,A Madley,9,14,3,3,12,12,10,8,2,2,0,0,1.95,3.6,3.75,20:00,2.02,3.66,3.68,1.72,2.1,1.72,2.18,-0.5,2.01,1.86
2021/22,2021-11-06,Crystal Palace,Wolves,2,0,H,0,0,D,G Scott,13,4,6,2,14,13,4,6,2,1,0,0,2.45,3.2,3.0,15:00,2.5,3.15,3.08,2.37,1.57,2.37,1.61,-0.25,2.13,1.78
2021/22,2021-11-06,Chelsea,Burnley,1,1,D,1,0,H,A Marriner,25,5,4,2,6,9,14,2,1,4,0,0,1.25,6.0,12.0,15:00,1.26,5.94,12.51,1.72,2.1,1.7,2.2,-1.75,2.05,1.84
2021/22,2021-11-06,Man United,Man City,0,2,A,0,2,A,M Oliver,5,16,1,5,9,12,1,9,1,2,0,0,4.75,4.0,1.7,12:30,4.69,4.09,1.72,1.57,2.37,1.62,2.35,0.75,1.97,1.91
2021/22,2021-11-06,Brentford,Norwich,1,2,A,0,2,A,J Gillett,19,9,7,5,12,13,6,2,2,3,0,0,1.6,4.0,5.75,15:00,1.63,3.92,5.8,2.0,1.8,2.03,1.82,-0.75,1.82,2.09
2021/22,2021-11-06,Brighton,Newcastle,1,1,D,1,0,H,D Coote,14,6,5,1,16,10,2,5,3,4,1,0,1.57,3.9,6.0,17:30,1.62,3.99,5.76,1.9,1.9,1.95,1.9,-1.0,2.09,1.81
2021/22,2021-11-07,Arsenal,Watford,1,0,H,0,0,D,K Friend,14,7,6,1,6,19,4,2,4,2,0,1,1.36,4.75,8.5,14:00,1.39,4.9,8.25,1.57,2.37,1.6,2.38,-1.25,1.86,2.02
2021/22,2021-11-07,Everton,Tottenham,0,0,D,0,0,D,C Kavanagh,12,8,2,0,13,17,4,2,2,4,1,0,3.1,3.25,2.37,14:00,3.06,3.28,2.42,2.0,1.8,2.02,1.82,0.25,1.81,2.08
2021/22,2021-11-07,Leeds,Leicester,1,1,D,1,1,D,D England,18,9,5,3,12,5,10,5,1,1,0,0,2.8,3.5,2.45,14:00,2.76,3.56,2.5,1.66,2.2,1.66,2.25,0.0,2.04,1.85
2021/22,2021-11-07,West Ham,Liverpool,3,2,H,1,1,D,C Pawson,7,16,3,5,11,6,3,2,1,1,0,0,4.75,4.0,1.7,16:30,4.59,4.11,1.72,1.5,2.62,1.49,2.63,0.75,1.96,1.92
2021/22,2021-11-20,Wolves,West Ham,1,0,H,0,0,D,M Dean,15,8,5,3,6,9,7,3,1,1,0,0,3.0,3.25,2.4,15:00,3.02,3.27,2.47,2.0,1.8,2.06,1.79,0.25,1.79,2.11
2021/22,2021-11-20,Watford,Man United,4,1,H,2,0,H,J Moss,20,9,7,3,7,5,9,3,2,1,0,1,6.5,4.75,1.45,15:00,6.22,4.65,1.5,1.66,2.2,1.65,2.27,1.25,1.78,2.12
2021/22,2021-11-20,Norwich,Southampton,2,1,H,1,1,D,M Atkinson,8,17,4,5,8,9,5,7,3,2,0,0,3.6,3.5,2.05,15:00,3.63,3.46,2.1,2.03,1.87,1.99,1.85,0.25,2.08,1.81
2021/22,2021-11-20,Newcastle,Brentford,3,3,D,2,2,D,R Jones,23,10,9,4,13,11,8,2,2,2,0,0,2.62,3.4,2.7,15:00,2.64,3.37,2.72,2.0,1.9,1.97,1.87,0.0,1.92,1.97
2021/22,2021-11-20,Leicester,Chelsea,0,3,A,0,2,A,P Tierney,4,16,3,7,15,8,3,5,3,1,0,0,4.75,3.75,1.75,12:30,4.74,3.72,1.78,2.03,1.87,2.0,1.84,0.75,1.86,2.03
2021/22,2021-11-20,Burnley,Crystal Palace,3,3,D,2,3,A,S Hooper,15,18,9,8,14,15,3,6,2,3,0,0,2.7,3.2,2.7,15:00,2.77,3.23,2.7,2.2,1.66,2.18,1.7,0.0,1.96,1.92
2021/22,2021-11-20,Aston Villa,Brighton,2,0,H,0,0,D,A Taylor,9,6,5,2,7,13,5,7,3,3,0,0,2.45,3.3,2.9,15:00,2.43,3.31,3.04,2.1,1.72,2.08,1.77,-0.25,2.08,1.82
2021/22,2021-11-20,Liverpool,Arsenal,4,0,H,1,0,H,M Oliver,19,5,9,3,15,12,6,1,2,0,0,0,1.45,4.75,6.5,17:30,1.48,4.77,6.38,1.5,2.62,1.49,2.64,-1.25,2.04,1.85
2021/22,2021-11-21,Man City,Everton,3,0,H,1,0,H,S Attwell,17,4,7,1,5,7,7,1,1,1,0,0,1.14,8.0,19.0,14:00,1.18,7.56,15.95,1.5,2.62,1.49,2.61,-2.0,1.96,1.92
2021/22,2021-11-21,Tottenham,Leeds,2,1,H,0,1,A,A Marriner,13,18,4,7,11,12,4,8,1,4,0,0,1.7,4.2,4.5,16:30,1.73,4.07,4.56,1.72,2.1,1.76,2.09,-0.75,1.95,1.94
2021/22,2021-11-27,Norwich,Wolves,0,0,D,0,0,D,S Hooper,14,5,4,2,11,10,4,3,2,2,0,0,3.5,3.3,2.15,15:00,3.54,3.35,2.17,2.3,1.61,2.3,1.64,0.25,2.02,1.87
2021/22,2021-11-27,Liverpool,Southampton,4,0,H,3,0,H,A Marriner,20,7,6,3,7,14,5,7,0,1,0,0,1.28,6.0,9.0,15:00,1.29,5.99,9.78,1.4,3.0,1.41,2.91,-1.75,2.04,1.85
2021/22,2021-11-27,Arsenal,Newcastle,2,0,H,0,0,D,S Attwell,24,9,6,5,6,12,4,4,1,3,0,0,1.44,4.75,7.0,12:30,1.47,4.77,6.61,1.61,2.3,1.62,2.33,-1.25,2.04,1.85
2021/22,2021-11-27,Brighton,Leeds,0,0,D,0,0,D,C Pawson,20,11,4,4,12,14,6,1,1,3,0,0,2.05,3.4,3.75,17:30,2.11,3.41,3.67,1.98,1.95,1.93,1.91,-0.25,1.81,2.08
2021/22,2021-11-27,Crystal Palace,Aston Villa,1,2,A,0,1,A,M Salisbury,8,10,3,3,12,10,7,3,3,3,0,0,2.2,3.4,3.3,15:00,2.24,3.37,3.36,2.07,1.86,2.02,1.83,-0.25,1.93,1.96
2021/22,2021-11-28,Brentford,Everton,1,0,H,1,0,H,D England,6,14,4,5,8,11,3,3,4,3,0,0,2.25,3.2,3.4,14:00,2.25,3.27,3.4,2.1,1.72,2.17,1.71,-0.25,1.93,1.95
2021/22,2021-11-28,Chelsea,Man United,1,1,D,0,0,D,A Taylor,24,3,6,2,13,14,15,2,2,5,0,0,1.57,4.0,6.0,16:30,1.61,4.12,5.67,1.8,2.0,1.81,2.03,-1.0,2.06,1.83
2021/22,2021-11-28,Leicester,Watford,4,2,H,3,1,H,A Madley,18,16,8,5,5,19,8,6,0,0,0,0,1.61,4.0,5.5,14:00,1.63,4.15,5.26,1.66,2.2,1.66,2.24,-1.0,2.1,1.8
2021/22,2021-11-28,Man City,West Ham,2,1,H,1,0,H,M Oliver,19,5,9,3,7,6,8,4,2,0,0,0,1.28,5.75,10.0,14:00,1.3,5.82,10.01,1.5,2.62,1.5,2.59,-1.5,1.84,2.04
2021/22,2021-11-30,Leeds,Crystal Palace,1,0,H,0,0,D,K Friend,15,9,3,1,15,15,7,4,5,3,0,0,2.4,3.3,3.0,20:15,2.42,3.33,3.06,1.94,1.96,1.92,1.92,-0.25,2.06,1.83
2021/22,2021-11-30,Newcastle,Norwich,1,1,D,0,0,D,A Madley,9,16,1,6,8,11,2,5,0,0,0,1,1.95,3.5,3.9,19:30,1.99,3.63,3.82,1.85,2.05,1.83,2.01,-0.5,2.0,1.88
2021/22,2021-12-01,Wolves,Burnley,0,0,D,0,0,D,J Brooks,16,6,2,1,5,7,5,5,2,3,0,0,1.85,3.5,4.33,19:30,1.95,3.41,4.23,2.2,1.66,2.22,1.67,-0.5,1.96,1.92
2021/22,2021-12-01,Aston Villa,Man City,1,2,A,0,2,A,M Dean,9,17,3,7,8,12,4,11,0,0,0,0,9.0,5.25,1.33,20:15,8.6,5.2,1.36,1.61,2.3,1.63,2.3,1.5,1.85,2.03
2021/22,2021-12-01,Everton,Liverpool,1,4,A,1,2,A,P Tierney,8,16,2,7,8,16,3,11,4,3,0,0,7.5,5.25,1.36,20:15,7.52,5.05,1.41,1.57,2.37,1.59,2.37,1.25,1.99,1.89
2021/22,2021-12-01,Southampton,Leicester,2,2,D,2,1,H,R Jones,15,15,7,6,14,11,2,4,1,3,0,0,2.37,3.5,2.87,19:30,2.43,3.47,2.91,1.72,2.1,1.78,2.07,-0.25,2.1,1.8
2021/22,2021-12-01,Watford,Chelsea,1,2,A,1,1,D,D Coote,13,8,6,4,18,16,6,0,4,3,0,0,10.0,5.25,1.3,19:30,10.3,5.43,1.31,1.72,2.1,1.71,2.17,1.5,1.95,1.93
2021/22,2021-12-01,West Ham,Brighton,1,1,D,1,0,H,C Kavanagh,14,9,6,3,10,8,9,5,1,1,0,0,1.95,3.6,3.8,19:30,2.01,3.53,3.79,2.06,1.84,2.03,1.82,-0.5,2.02,1.87
2021/22,2021-12-02,Tottenham,Brentford,2,0,H,1,0,H,J Moss,11,6,6,2,13,11,11,5,0,0,0,0,1.6,4.2,5.25,19:30,1.64,4.07,5.25,1.92,1.98,1.9,1.94,-0.75,1.83,2.07
2021/22,2021-12-02,Man United,Arsenal,3,2,H,1,1,D,M Atkinson,14,17,10,8,9,10,3,8,1,0,0,0,1.95,3.75,3.75,20:15,2.02,3.66,3.66,1.8,2.0,1.8,2.05,-0.5,2.02,1.87
2021/22,2021-12-04,Newcastle,Burnley,1,0,H,1,0,H,P Tierney,19,10,4,1,11,9,10,3,1,1,0,0,2.3,3.3,3.2,15:00,2.33,3.35,3.19,1.96,1.94,1.94,1.9,-0.25,2.0,1.89
2021/22,2021-12-04,Southampton,Brighton,1,1,D,1,0,H,A Taylor,14,14,4,4,15,12,6,2,4,2,0,0,2.45,3.2,3.0,15:00,2.45,3.21,3.1,2.2,1.66,2.17,1.72,-0.25,2.08,1.82
2021/22,2021-12-04,Watford,Man City,1,3,A,0,2,A,S Hooper,11,26,4,13,10,7,5,11,3,0,0,0,12.0,7.0,1.2,17:30,14.65,7.19,1.2,1.44,2.75,1.44,2.8,2.0,1.94,1.93
2021/22,2021-12-04,West Ham,Chelsea,3,2,H,1,2,A,A Marriner,11,19,5,7,10,10,1,9,1,3,0,0,4.75,3.6,1.75,12:30,4.7,3.6,1.82,2.0,1.8,2.06,1.8,0.75,1.81,2.08
2021/22,2021-12-04,Wolves,Liverpool,0,1,A,0,0,D,C Kavanagh,3,17,1,5,4,7,2,8,2,2,0,0,8.0,4.75,1.4,15:00,7.73,4.75,1.43,1.66,2.2,1.7,2.21,1.25,1.93,1.96
2021/22,2021-12-05,Man United,Crystal Palace,1,0,H,0,0,D,C Pawson,16,8,3,2,16,9,9,6,2,2,0,0,1.5,4.33,6.5,14:00,1.57,4.19,6.09,1.8,2.0,1.77,2.09,-1.0,1.99,1.89
2021/22,2021-12-05,Tottenham,Norwich,3,0,H,1,0,H,J Gillett,17,10,7,1,11,4,6,4,1,2,0,0,1.36,5.0,8.5,14:00,1.41,4.75,8.11,1.87,2.03,1.84,2.0,-1.25,1.95,1.93
2021/22,2021-12-05,Aston Villa,Leicester,2,1,H,1,1,D,M Oliver,13,12,4,5,8,25,3,6,1,1,0,0,2.37,3.4,3.0,16:30,2.36,3.45,3.03,1.9,2.0,1.87,1.97,-0.25,2.03,1.86
2021/22,2021-12-05,Leeds,Brentford,2,2,D,1,0,H,D Coote,13,9,6,3,11,9,5,1,5,3,0,0,1.95,3.6,3.8,14:00,1.94,3.62,3.99,1.96,1.94,1.92,1.92,-0.5,1.94,1.94
2021/22,2021-12-06,Everton,Arsenal,2,1,H,0,1,A,M Dean,11,10,5,3,8,12,3,3,2,2,0,0,3.4,3.5,2.1,20:00,3.38,3.52,2.16,2.06,1.84,2.04,1.81,0.25,2.01,1.87
2021/22,2021-12-10,Brentford,Watford,2,1,H,0,1,A,M Oliver,14,6,5,2,12,18,8,2,4,0,0,0,2.25,3.3,3.3,20:00,2.29,3.32,3.34,2.01,1.89,1.99,1.85,-0.25,1.95,1.93
2021/22,2021-12-11,Norwich,Man United,0,1,A,0,0,D,D England,11,13,5,5,6,17,8,6,1,1,0,0,7.0,4.5,1.45,17:30,7.25,4.73,1.45,1.72,2.1,1.71,2.18,1.25,1.88,2.01
2021/22,2021-12-11,Arsenal,Southampton,3,0,H,2,0,H,J Gillett,15,11,5,6,5,9,9,8,2,0,0,0,1.61,4.0,5.5,15:00,1.67,3.99,5.32,1.8,2.0,1.79,2.06,-0.75,1.84,2.05
2021/22,2021-12-11,Chelsea,Leeds,3,2,H,1,1,D,C Kavanagh,16,12,6,5,9,15,5,2,2,5,0,0,1.25,5.75,12.0,15:00,1.28,5.95,11.46,1.57,2.37,1.59,2.4,-1.5,1.81,2.08
2021/22,2021-12-11,Liverpool,Aston Villa,1,0,H,0,0,D,S Attwell,20,4,5,0,13,6,11,3,1,2,0,0,1.2,7.0,13.0,15:00,1.23,6.85,11.92,1.4,3.0,1.4,2.97,-2.0,2.07,1.81
2021/22,2021-12-11,Man City,Wolves,1,0,H,0,0,D,J Moss,24,2,10,1,12,5,14,1,3,2,0,1,1.14,8.0,19.0,12:30,1.16,8.11,20.35,1.53,2.5,1.55,2.49,-2.0,1.81,2.08
2021/22,2021-12-12,Leicester,Newcastle,4,0,H,1,0,H,P Bankes,8,12,5,3,9,16,4,6,2,3,0,0,1.66,4.1,4.75,14:00,1.75,4.01,4.56,1.57,2.37,1.6,2.37,-0.75,1.96,1.93
2021/22,2021-12-12,Burnley,West Ham,0,0,D,0,0,D,G Scott,9,16,1,3,13,11,6,4,2,1,0,0,3.6,3.6,2.0,14:00,3.61,3.64,2.05,1.87,2.03,1.84,2.0,0.5,1.84,2.05
2021/22,2021-12-12,Crystal Palace,Everton,3,1,H,1,0,H,A Madley,17,12,6,6,15,14,8,2,0,2,0,0,2.3,3.2,3.3,16:30,2.29,3.21,3.42,2.3,1.61,2.31,1.63,-0.25,1.95,1.93
2021/22,2021-12-14,Man City,Leeds,7,0,H,3,0,H,P Tierney,31,6,15,3,5,9,6,2,1,1,0,0,1.14,8.5,15.0,20:00,1.15,8.7,18.17,1.36,3.2,1.36,3.21,-2.25,1.97,1.91
2021/22,2021-12-14,Norwich,Aston Villa,0,2,A,0,1,A,D Coote,7,17,3,6,12,9,7,10,3,1,0,0,3.3,3.3,2.25,19:45,3.37,3.26,2.29,2.1,1.72,2.14,1.74,0.25,1.92,1.95
2021/22,2021-12-15,Arsenal,West Ham,2,0,H,0,0,D,A Taylor,21,7,8,1,8,9,5,2,2,0,0,1,2.1,3.6,3.3,20:00,2.2,3.58,3.26,1.85,2.05,1.83,2.02,-0.25,1.91,1.97
2021/22,2021-12-15,Brighton,Wolves,0,1,A,0,1,A,T Harrington,12,8,2,5,11,14,7,4,2,0,0,0,2.25,3.1,3.5,19:30,2.32,3.05,3.51,2.5,1.53,2.52,1.54,-0.25,1.99,1.89
2021/22,2021-12-15,Crystal Palace,Southampton,2,2,D,1,2,A,S Hooper,9,15,6,4,16,20,4,6,2,4,0,0,2.15,3.3,3.5,19:30,2.14,3.38,3.59,2.1,1.72,2.1,1.76,-0.25,1.83,2.06
2021/22,2021-12-16,Chelsea,Everton,1,1,D,0,0,D,M Oliver,23,5,10,3,11,11,7,1,2,3,0,0,1.22,6.5,13.0,19:45,1.24,6.17,13.27,1.72,2.1,1.71,2.16,-1.75,2.03,1.85
2021/22,2021-12-16,Liverpool,Newcastle,3,1,H,2,1,H,M Dean,23,4,8,2,9,4,11,0,1,3,0,0,1.12,9.0,19.0,20:00,1.12,9.52,21.43,1.33,3.4,1.33,3.34,-2.5,1.98,1.9
2021/22,2021-12-18,Leeds,Arsenal,1,4,A,0,3,A,A Marriner,9,21,2,12,11,7,1,4,3,1,0,0,3.9,3.8,1.83,17:30,3.89,3.78,1.91,1.72,2.1,1.75,2.11,0.5,1.97,1.91
2021/22,2021-12-19,Newcastle,Man City,0,4,A,0,2,A,M Atkinson,5,18,1,7,9,6,3,6,1,2,0,0,13.0,7.5,1.18,14:00,16.25,7.72,1.18,,,1.46,2.75,2.0,2.04,1.85
2021/22,2021-12-19,Tottenham,Liverpool,2,2,D,1,1,D,P Tierney,10,18,5,6,12,11,6,4,4,4,0,1,5.25,4.75,1.53,16:30,5.18,4.5,1.59,1.66,2.2,1.64,2.3,1.0,1.86,2.01
2021/22,2021-12-19,Wolves,Chelsea,0,0,D,0,0,D,D Coote,4,8,1,1,9,7,4,9,0,2,0,0,7.0,4.2,1.5,14:00,6.42,3.93,1.58,2.1,1.72,2.13,1.74,1.0,1.84,2.04
2021/22,2021-12-26,Tottenham,Crystal Palace,3,0,H,2,0,H,J Moss,17,4,6,0,16,10,4,2,1,1,0,1,1.72,3.8,4.75,15:00,1.72,3.87,4.97,1.95,1.95,1.93,1.9,-0.75,1.92,1.96
2021/22,2021-12-26,West Ham,Southampton,2,3,A,0,1,A,K Friend,11,11,5,6,10,9,10,2,2,3,0,0,1.8,3.9,4.2,15:00,1.85,3.8,4.18,1.72,2.1,1.75,2.11,-0.5,1.85,2.03
2021/22,2021-12-26,Norwich,Arsenal,0,5,A,0,2,A,G Scott,4,16,2,6,13,7,3,5,1,2,0,0,8.0,4.75,1.4,15:00,7.73,4.77,1.42,1.72,2.1,1.78,2.07,1.25,1.92,1.96
2021/22,2021-12-26,Brighton,Brentford,2,0,H,2,0,H,D England,15,16,5,6,8,10,6,9,1,3,0,0,1.9,3.4,4.2,20:00,1.95,3.45,4.15,2.2,1.66,2.19,1.69,-0.5,1.95,1.93
2021/22,2021-12-26,Aston Villa,Chelsea,1,3,A,1,1,D,M Atkinson,8,10,1,4,8,11,2,5,3,1,0,0,5.25,3.8,1.65,17:30,5.35,3.77,1.7,2.05,1.85,2.03,1.82,0.75,1.96,1.91
2021/22,2021-12-26,Man City,Leicester,6,3,H,4,0,H,C Kavanagh,17,14,9,8,11,9,14,4,1,2,0,0,1.18,7.5,13.0,15:00,1.18,7.85,14.75,1.36,3.2,1.39,3.01,-2.0,1.82,2.06
2021/22,2021-12-27,Newcastle,Man United,1,1,D,1,0,H,C Pawson,13,13,8,4,11,8,2,4,3,3,0,0,6.5,4.75,1.44,20:00,6.66,4.58,1.48,1.61,2.3,1.61,2.33,1.25,1.82,2.06
2021/22,2021-12-28,Crystal Palace,Norwich,3,0,H,3,0,H,P Tierney,19,12,6,3,9,13,8,8,1,2,0,0,1.65,3.75,5.5,15:00,1.68,3.74,5.68,2.2,1.66,2.14,1.73,-0.75,1.89,1.99
2021/22,2021-12-28,Leicester,Liverpool,1,0,H,0,0,D,M Oliver,6,21,1,4,8,11,1,12,0,1,0,0,8.0,5.5,1.33,20:00,7.72,5.72,1.36,1.3,3.5,1.32,3.41,1.5,1.95,1.93
2021/22,2021-12-28,Southampton,Tottenham,1,1,D,1,1,D,A Taylor,9,21,2,11,15,5,3,7,2,2,1,0,3.75,3.5,2.0,15:00,3.74,3.51,2.05,1.95,1.95,1.9,1.93,0.5,1.84,2.05
2021/22,2021-12-28,Watford,West Ham,1,4,A,1,2,A,D England,14,13,5,6,12,12,4,5,0,1,0,0,3.4,3.6,2.1,15:00,3.28,3.58,2.2,1.72,2.1,1.73,2.14,0.25,1.97,1.91
2021/22,2021-12-29,Brentford,Man City,0,1,A,0,1,A,D Coote,6,12,2,3,12,10,3,5,0,0,0,0,19.0,8.0,1.14,20:15,17.6,7.93,1.17,1.5,2.62,1.49,2.63,2.0,2.06,1.83
2021/22,2021-12-29,Chelsea,Brighton,1,1,D,1,0,H,M Dean,11,18,5,6,14,7,10,8,4,1,0,0,1.4,4.5,7.5,19:30,1.43,4.5,8.18,1.93,1.97,1.89,1.94,-1.25,2.01,1.87
2021/22,2021-12-30,Man United,Burnley,3,1,H,3,1,H,J Moss,18,10,6,3,5,10,7,5,0,0,0,0,1.36,5.0,9.0,20:15,1.38,4.99,8.54,1.72,2.1,1.69,2.2,-1.25,1.87,2.01
2021/22,2022-01-01,Watford,Tottenham,0,1,A,0,0,D,R Jones,6,21,4,9,6,9,3,7,0,1,0,0,5.0,4.2,1.61,15:00,5.32,4.17,1.62,1.72,2.1,1.77,2.07,0.75,2.09,1.79
2021/22,2022-01-01,Arsenal,Man City,1,2,A,1,0,H,S Attwell,7,15,2,2,13,5,5,5,3,2,1,0,5.75,4.75,1.5,12:30,5.91,4.62,1.53,1.57,2.37,1.58,2.4,1.0,2.01,1.87
2021/22,2022-01-01,Crystal Palace,West Ham,2,3,A,0,3,A,D England,22,10,6,5,6,16,9,1,0,2,0,0,3.1,3.4,2.3,17:30,3.09,3.46,2.33,1.87,2.03,1.87,1.97,0.25,1.86,2.01
2021/22,2022-01-02,Leeds,Burnley,3,1,H,1,0,H,P Tierney,22,8,7,2,11,7,9,3,2,1,0,0,2.05,3.5,3.5,14:00,2.03,3.57,3.65,1.72,2.1,1.87,1.96,-0.5,2.03,1.85
2021/22,2022-01-02,Everton,Brighton,2,3,A,0,2,A,J Brooks,17,12,6,5,5,12,8,5,1,1,0,0,2.75,3.2,2.62,14:00,2.78,3.16,2.72,2.2,1.66,2.23,1.67,0.0,1.95,1.92
2021/22,2022-01-02,Chelsea,Liverpool,2,2,D,2,2,D,A Taylor,15,10,6,6,5,13,6,7,1,2,0,0,3.1,3.5,2.25,16:30,3.06,3.54,2.31,1.83,2.07,1.79,2.05,0.25,1.88,1.99
2021/22,2022-01-02,Brentford,Aston Villa,2,1,H,1,1,D,C Pawson,10,16,4,5,17,11,3,7,2,2,0,0,3.0,3.3,2.4,14:00,3.0,3.31,2.45,2.0,1.8,2.07,1.77,0.25,1.79,2.1
2021/22,2022-01-03,Man United,Wolves,0,1,A,0,0,D,M Dean,9,19,2,6,9,8,3,8,3,1,0,0,1.53,4.33,6.0,17:30,1.56,4.17,6.08,1.98,1.92,1.95,1.88,-1.0,1.99,1.88
2021/22,2022-01-11,Southampton,Brentford,4,1,H,2,1,H,S Attwell,12,5,6,4,9,8,5,2,0,1,0,0,2.05,3.4,3.6,19:45,2.11,3.37,3.73,2.06,1.84,2.03,1.82,-0.25,1.82,2.07
2021/22,2022-01-12,West Ham,Norwich,2,0,H,1,0,H,S Hooper,13,7,5,3,9,8,11,2,0,0,0,0,1.28,5.5,10.0,19:45,1.31,5.52,10.28,1.66,2.2,1.66,2.24,-1.5,1.91,1.96
2021/22,2022-01-14,Brighton,Crystal Palace,1,1,D,0,0,D,R Jones,19,3,4,1,11,7,9,0,0,2,0,0,2.05,3.3,3.8,20:00,2.1,3.28,3.91,2.2,1.66,2.18,1.71,-0.25,1.79,2.11
2021/22,2022-01-15,Norwich,Everton,2,1,H,2,0,H,A Madley,14,12,3,5,12,14,8,8,3,1,0,0,3.75,3.5,2.0,15:00,3.74,3.48,2.05,2.1,1.72,2.07,1.77,0.5,1.84,2.04
2021/22,2022-01-15,Aston Villa,Man United,2,2,D,0,1,A,D Coote,13,13,9,6,8,13,3,6,1,2,0,0,2.87,3.5,2.4,17:30,2.92,3.49,2.42,1.89,2.01,1.87,1.97,0.25,1.78,2.11
2021/22,2022-01-15,Man City,Chelsea,1,0,H,0,0,D,C Pawson,11,4,6,1,11,6,9,1,0,2,0,0,1.65,4.0,5.0,12:30,1.72,3.87,5.0,1.85,2.05,1.83,2.01,-0.75,1.93,1.95
2021/22,2022-01-15,Newcastle,Watford,1,1,D,0,0,D,P Tierney,12,18,1,5,13,13,4,6,3,2,0,0,2.0,3.6,3.6,15:00,2.06,3.62,3.55,1.8,2.0,1.79,2.05,-0.5,2.06,1.82
2021/22,2022-01-15,Wolves,Southampton,3,1,H,1,0,H,M Salisbury,9,13,5,10,13,14,2,10,2,3,0,0,2.25,3.2,3.4,15:00,2.32,3.16,3.4,2.5,1.53,2.4,1.59,-0.25,1.97,1.9
2021/22,2022-01-16,West Ham,Leeds,2,3,A,1,2,A,M Dean,15,18,5,5,6,9,4,3,3,2,0,0,1.61,4.2,5.0,14:00,1.65,4.21,4.98,1.61,2.3,1.62,2.31,-1.0,2.12,1.77
2021/22,2022-01-16,Liverpool,Brentford,3,0,H,1,0,H,J Moss,27,6,13,1,6,6,9,0,0,1,0,0,1.3,5.5,10.0,14:00,1.3,5.68,10.64,1.66,2.2,1.65,2.26,-1.5,1.9,1.98
2021/22,2022-01-18,Brighton,Chelsea,1,1,D,0,1,A,K Friend,10,15,2,3,8,5,5,7,1,2,0,0,4.75,3.75,1.72,20:00,4.81,3.72,1.77,2.1,1.72,2.1,1.75,0.75,1.87,2.0
2021/22,2022-01-19,Leicester,Tottenham,2,3,A,1,1,D,J Moss,14,27,4,10,6,12,3,8,1,2,0,0,3.0,3.5,2.3,19:30,3.04,3.42,2.36,1.72,2.1,1.78,2.06,0.25,1.84,2.03
2021/22,2022-01-19,Brentford,Man United,1,3,A,0,0,D,A Marriner,18,13,8,5,7,9,6,9,0,0,0,0,4.5,3.7,1.8,20:00,4.51,3.64,1.83,1.93,1.97,1.89,1.94,0.5,2.05,1.83
2021/22,2022-01-21,Watford,Norwich,0,3,A,0,0,D,M Dean,15,7,4,2,16,11,5,1,0,1,1,0,2.0,3.5,3.75,20:00,2.07,3.52,3.63,1.94,1.96,1.9,1.93,-0.5,2.07,1.82
2021/22,2022-01-22,Brentford,Wolves,1,2,A,0,0,D,P Bankes,11,7,1,2,6,7,6,3,2,3,0,0,3.2,2.8,2.6,15:00,3.09,3.05,2.54,2.5,1.53,2.51,1.54,0.0,2.14,1.76
2021/22,2022-01-22,Everton,Aston Villa,0,1,A,0,1,A,C Pawson,15,8,1,3,14,16,9,2,5,3,0,0,2.75,3.25,2.62,12:30,2.75,3.29,2.66,2.05,1.85,2.02,1.82,0.0,1.98,1.89
2021/22,2022-01-22,Leeds,Newcastle,0,1,A,0,0,D,C Kavanagh,13,15,4,3,9,9,6,7,4,2,0,0,2.0,3.5,3.75,15:00,2.01,3.72,3.63,1.66,2.2,1.66,2.24,-0.5,2.01,1.87
2021/22,2022-01-22,Man United,West Ham,1,0,H,0,0,D,J Moss,18,6,3,1,9,8,3,3,1,1,0,0,1.85,3.8,4.0,15:00,1.91,3.8,3.88,1.66,2.2,1.69,2.2,-0.5,1.92,1.96
2021/22,2022-01-22,Southampton,Man City,1,1,D,1,0,H,S Hooper,7,20,3,5,13,5,2,11,3,0,0,0,10.0,6.5,1.25,17:30,10.18,6.08,1.28,1.44,2.75,1.47,2.67,1.75,1.87,2.01
2021/22,2022-01-23,Arsenal,Burnley,0,0,D,0,0,D,D Coote,20,10,5,1,9,13,12,4,0,2,0,0,1.36,4.75,9.0,14:00,1.36,4.97,9.11,1.8,2.0,1.76,2.09,-1.25,1.82,2.07
2021/22,2022-01-23,Chelsea,Tottenham,2,0,H,0,0,D,P Tierney,15,6,7,3,17,14,10,3,2,1,0,0,1.61,4.2,5.0,16:30,1.69,3.99,4.96,1.94,1.96,1.91,1.92,-0.75,1.89,1.98
2021/22,2022-01-23,Crystal Palace,Liverpool,1,3,A,0,2,A,K Friend,8,15,5,7,12,10,2,5,4,1,0,0,6.0,4.2,1.53,14:00,5.73,4.21,1.58,1.72,2.1,1.71,2.15,1.0,1.88,1.99
2021/22,2022-01-23,Leicester,Brighton,1,1,D,0,0,D,M Atkinson,15,14,5,5,6,8,4,5,0,1,0,0,2.5,3.25,2.9,14:00,2.55,3.37,2.8,1.98,1.92,1.95,1.88,0.0,1.85,2.02
2021/22,2022-02-05,Burnley,Watford,0,0,D,0,0,D,C Pawson,13,11,2,5,16,9,4,7,1,2,0,0,2.2,3.25,3.5,18:00,2.21,3.27,3.51,2.1,1.72,2.09,1.76,-0.25,1.88,1.99
2021/22,2022-02-08,Burnley,Man United,1,1,D,0,1,A,M Dean,9,22,3,5,11,10,2,10,2,1,0,0,5.5,4.0,1.61,20:00,5.82,4.07,1.61,1.85,2.05,1.83,2.0,1.0,1.83,2.05
2021/22,2022-02-08,Newcastle,Everton,3,1,H,1,1,D,A Taylor,20,11,9,3,13,13,6,2,2,3,0,0,2.5,3.25,2.87,19:45,2.52,3.38,2.88,1.91,1.99,1.89,1.94,0.0,1.82,2.07
2021/22,2022-02-08,West Ham,Watford,1,0,H,0,0,D,M Atkinson,9,6,3,1,1,6,5,6,1,0,0,0,1.55,4.2,5.75,19:45,1.55,4.3,6.28,1.72,2.1,1.77,2.08,-1.0,1.93,1.95
2021/22,2022-02-09,Tottenham,Southampton,2,3,A,1,1,D,D Coote,8,23,3,10,7,13,2,8,2,3,0,0,1.6,4.0,5.5,19:45,1.61,4.13,5.57,1.8,2.0,1.77,2.07,-1.0,2.07,1.82
2021/22,2022-02-09,Norwich,Crystal Palace,1,1,D,1,0,H,P Tierney,5,13,1,5,11,15,4,6,1,2,0,0,3.5,3.25,2.15,19:45,3.5,3.36,2.18,2.1,1.72,2.11,1.74,0.25,2.01,1.86
2021/22,2022-02-09,Aston Villa,Leeds,3,3,D,3,2,H,J Gillett,12,16,4,8,11,9,6,11,1,3,1,0,1.8,3.8,4.2,20:00,1.8,3.96,4.26,1.72,2.1,1.7,2.19,-0.75,2.03,1.85
2021/22,2022-02-09,Man City,Brentford,2,0,H,1,0,H,D England,15,6,7,2,7,13,9,3,0,0,0,0,1.1,9.5,23.0,19:45,1.11,9.98,23.47,1.36,3.2,1.36,3.15,-2.5,1.97,1.91
2021/22,2022-02-10,Liverpool,Leicester,2,0,H,1,0,H,C Kavanagh,22,5,11,1,11,7,7,6,1,0,0,0,1.25,6.5,10.0,19:45,1.26,6.56,10.5,1.33,3.4,1.33,3.33,-1.75,1.86,2.02
2021/22,2022-02-10,Wolves,Arsenal,0,1,A,0,1,A,M Oliver,15,12,4,2,12,13,7,4,2,3,0,1,3.5,3.2,2.2,19:45,3.57,3.25,2.2,2.3,1.61,2.31,1.63,0.25,2.0,1.87
2021/22,2022-02-12,Watford,Brighton,0,2,A,0,1,A,J Moss,9,11,1,6,16,9,4,5,3,2,0,0,3.5,3.3,2.05,15:00,3.7,3.27,2.14,2.3,1.61,2.32,1.63,0.25,2.06,1.83
2021/22,2022-02-12,Brentford,Crystal Palace,0,0,D,0,0,D,S Hooper,9,6,2,3,10,10,3,9,1,0,0,0,2.55,3.1,3.0,15:00,2.66,3.09,2.92,2.3,1.61,2.33,1.62,0.0,1.84,2.05
2021/22,2022-02-12,Everton,Leeds,3,0,H,2,0,H,G Scott,21,7,10,0,8,9,5,3,1,1,0,0,2.25,3.5,3.0,15:00,2.32,3.64,2.99,1.66,2.2,1.65,2.27,-0.25,2.03,1.86
2021/22,2022-02-12,Man United,Southampton,1,1,D,1,0,H,S Attwell,12,13,8,4,12,13,1,4,4,0,0,0,1.6,4.0,5.5,12:30,1.61,4.22,5.43,1.72,2.1,1.69,2.2,-1.0,2.05,1.84
2021/22,2022-02-12,Norwich,Man City,0,4,A,0,1,A,A Marriner,8,22,3,9,7,8,4,12,0,2,0,0,15.0,8.0,1.16,17:30,18.09,7.86,1.17,1.44,2.75,1.42,2.86,2.25,1.87,2.01
2021/22,2022-02-13,Burnley,Liverpool,0,1,A,0,1,A,M Atkinson,8,12,5,4,7,6,5,8,0,1,0,0,10.0,5.25,1.28,14:00,10.72,5.75,1.29,1.57,2.37,1.6,2.36,1.75,1.82,2.05
2021/22,2022-02-13,Leicester,West Ham,2,2,D,1,1,D,M Oliver,13,8,2,3,10,9,5,4,1,2,0,0,2.9,3.5,2.3,16:30,2.88,3.58,2.4,1.66,2.2,1.67,2.23,0.25,1.81,2.08
2021/22,2022-02-13,Newcastle,Aston Villa,1,0,H,1,0,H,C Pawson,10,11,2,1,22,15,3,6,3,4,0,0,2.7,3.3,2.62,14:00,2.72,3.44,2.6,1.85,2.05,1.82,2.02,0.0,1.97,1.9
2021/22,2022-02-13,Tottenham,Wolves,0,2,A,0,2,A,K Friend,17,11,7,7,13,13,7,3,3,1,0,0,1.7,3.6,5.5,14:00,1.68,3.76,5.57,2.2,1.66,2.18,1.71,-0.75,1.88,2.0
2021/22,2022-02-15,Man United,Brighton,2,0,H,0,0,D,P Bankes,19,10,7,3,8,10,10,2,3,1,0,1,1.72,3.75,4.75,20:15,1.78,3.78,4.74,1.92,1.98,1.89,1.94,-0.75,2.01,1.87
2021/22,2022-02-19,Southampton,Everton,2,0,H,0,0,D,A Madley,19,9,11,0,6,9,4,4,0,2,0,0,2.1,3.5,3.5,15:00,2.08,3.56,3.58,1.72,2.1,1.8,2.04,-0.5,2.08,1.82
2021/22,2022-02-19,Man City,Tottenham,2,3,A,1,1,D,A Taylor,21,6,4,5,5,7,10,0,0,3,0,0,1.28,6.0,10.0,17:30,1.29,5.87,10.84,1.57,2.37,1.6,2.36,-1.5,1.86,2.02
2021/22,2022-02-19,West Ham,Newcastle,1,1,D,1,1,D,C Kavanagh,11,14,3,3,3,7,3,7,3,3,0,0,1.7,4.0,4.75,12:30,1.7,3.91,5.11,1.8,2.0,1.8,2.03,-0.75,1.88,2.0
2021/22,2022-02-19,Liverpool,Norwich,3,1,H,0,0,D,M Dean,29,6,8,1,7,8,9,4,0,1,0,0,1.1,9.0,23.0,15:00,1.12,9.63,24.83,1.36,3.2,1.34,3.25,-2.5,1.94,1.93
2021/22,2022-02-19,Aston Villa,Watford,0,1,A,0,0,D,R Jones,20,8,1,4,12,7,10,5,1,2,0,0,1.65,3.6,5.75,15:00,1.67,3.93,5.41,2.01,1.89,1.97,1.87,-0.75,1.86,2.03
2021/22,2022-02-19,Brighton,Burnley,0,3,A,0,2,A,K Friend,11,10,1,4,12,12,4,4,1,4,0,0,1.66,3.5,6.0,15:00,1.67,3.74,5.75,2.2,1.66,2.22,1.67,-0.75,1.86,2.02
2021/22,2022-02-19,Arsenal,Brentford,2,1,H,0,0,D,J Moss,24,6,8,2,10,5,14,0,1,1,0,0,1.44,4.2,8.0,15:00,1.46,4.46,7.68,1.97,1.93,1.96,1.88,-1.25,2.07,1.82
2021/22,2022-02-19,Crystal Palace,Chelsea,0,1,A,0,0,D,D Coote,7,9,0,3,4,20,4,4,1,3,0,0,5.5,3.8,1.65,15:00,5.59,3.9,1.65,2.05,1.85,2.01,1.83,0.75,2.04,1.83
2021/22,2022-02-20,Leeds,Man United,2,4,A,0,2,A,P Tierney,16,15,6,9,13,19,3,3,6,3,0,0,3.9,3.8,1.85,14:00,3.91,3.86,1.9,1.61,2.3,1.63,2.3,0.5,1.97,1.91
2021/22,2022-02-20,Wolves,Leicester,2,1,H,1,1,D,C Pawson,11,17,3,7,12,9,7,10,4,4,0,0,2.25,3.3,3.25,16:30,2.29,3.28,3.33,2.1,1.72,2.15,1.72,-0.25,1.96,1.92
2021/22,2022-02-23,Burnley,Tottenham,1,0,H,0,0,D,G Scott,15,12,4,2,8,8,3,7,0,0,0,0,4.6,3.8,1.75,19:30,4.72,3.73,1.79,2.1,1.72,2.01,1.82,0.75,1.84,2.03
2021/22,2022-02-23,Liverpool,Leeds,6,0,H,3,0,H,M Oliver,23,3,15,2,5,11,4,0,0,3,0,0,1.16,8.0,15.0,19:45,1.16,8.73,16.66,1.28,3.75,1.27,3.8,-2.25,1.88,1.99
2021/22,2022-02-23,Watford,Crystal Palace,1,4,A,1,2,A,A Marriner,8,7,1,5,12,9,6,4,2,1,0,0,3.1,3.3,2.3,19:30,3.2,3.24,2.4,2.2,1.66,2.2,1.69,0.25,1.83,2.04
2021/22,2022-02-24,Arsenal,Wolves,2,1,H,0,1,A,M Atkinson,26,6,5,2,8,9,5,4,1,1,0,0,1.65,3.8,5.5,19:45,1.65,3.8,5.83,2.2,1.66,2.23,1.67,-0.75,1.85,2.03
2021/22,2022-02-25,Southampton,Norwich,2,0,H,1,0,H,S Hooper,27,8,9,1,12,9,13,6,1,2,0,0,1.53,4.33,6.0,20:00,1.54,4.37,6.22,1.72,2.1,1.75,2.11,-1.0,1.91,1.96
2021/22,2022-02-26,Man United,Watford,0,0,D,0,0,D,K Friend,22,10,3,2,2,7,4,3,0,0,0,0,1.3,5.5,9.5,15:00,1.34,5.44,9.04,1.61,2.3,1.64,2.28,-1.5,1.98,1.9
2021/22,2022-02-26,Everton,Man City,0,1,A,0,0,D,P Tierney,6,13,2,8,7,14,3,4,3,2,0,0,10.0,5.75,1.28,17:30,10.95,6.04,1.28,1.57,2.37,1.54,2.48,1.75,1.88,1.99
2021/22,2022-02-26,Leeds,Tottenham,0,4,A,0,3,A,C Pawson,19,15,3,11,16,11,3,6,4,2,0,0,4.2,3.6,1.85,12:30,4.03,3.96,1.86,1.61,2.3,1.63,2.32,0.5,2.02,1.85
2021/22,2022-02-26,Brighton,Aston Villa,0,2,A,0,1,A,J Brooks,12,9,1,4,17,11,7,2,4,5,0,0,2.2,3.3,3.5,15:30,2.27,3.28,3.41,2.1,1.72,2.15,1.72,-0.25,1.92,1.95
2021/22,2022-02-26,Brentford,Newcastle,0,2,A,0,2,A,M Dean,6,26,1,11,9,7,6,6,3,1,1,0,2.5,3.2,3.0,15:00,2.52,3.17,3.04,2.3,1.61,2.28,1.65,0.0,1.77,2.13
2021/22,2022-02-26,Crystal Palace,Burnley,1,1,D,1,0,H,J Moss,11,5,4,1,5,17,5,4,0,2,0,0,1.9,3.6,4.0,15:00,1.97,3.42,4.19,2.2,1.66,2.28,1.65,-0.5,1.97,1.91
2021/22,2022-02-27,West Ham,Wolves,1,0,H,0,0,D,A Taylor,13,14,4,1,8,2,3,5,1,0,0,0,2.05,3.3,3.8,14:00,2.11,3.24,3.89,2.3,1.61,2.29,1.64,-0.5,2.11,1.79
2021/22,2022-03-01,Burnley,Leicester,0,2,A,0,0,D,C Kavanagh,9,22,2,6,10,13,6,8,1,1,0,0,2.9,3.4,2.4,19:45,2.94,3.34,2.52,2.02,1.88,1.98,1.86,0.0,2.11,1.79
2021/22,2022-03-05,Wolves,Crystal Palace,0,2,A,0,2,A,A Madley,12,12,5,8,13,8,7,7,0,3,0,0,2.3,3.1,3.4,15:00,2.37,3.1,3.4,2.62,1.5,2.54,1.53,-0.25,2.0,1.87
2021/22,2022-03-05,Norwich,Brentford,1,3,A,0,1,A,A Taylor,15,10,7,6,13,18,5,5,2,5,0,0,2.9,3.1,2.5,15:00,2.95,3.15,2.6,2.3,1.61,2.28,1.64,0.0,2.05,1.83
2021/22,2022-03-05,Newcastle,Brighton,2,1,H,2,0,H,M Atkinson,10,15,4,4,8,10,4,7,1,1,0,0,2.75,3.2,2.62,15:00,2.77,3.19,2.74,2.3,1.61,2.26,1.66,0.0,1.95,1.93
2021/22,2022-03-05,Liverpool,West Ham,1,0,H,1,0,H,J Moss,22,13,5,5,7,7,4,6,2,1,0,0,1.28,5.75,9.5,17:30,1.3,5.86,9.95,1.5,2.62,1.5,2.61,-1.5,1.85,2.03
2021/22,2022-03-05,Burnley,Chelsea,0,4,A,0,0,D,A Marriner,6,11,1,5,12,7,5,2,2,0,0,0,6.5,4.33,1.5,15:00,7.44,4.15,1.5,2.1,1.72,2.07,1.77,1.0,2.01,1.87
2021/22,2022-03-05,Aston Villa,Southampton,4,0,H,2,0,H,P Bankes,14,11,9,1,10,8,4,7,1,1,0,0,2.3,3.5,3.0,15:00,2.36,3.48,3.04,1.86,2.04,1.83,2.0,-0.25,2.03,1.85
2021/22,2022-03-05,Leicester,Leeds,1,0,H,0,0,D,D Coote,7,19,4,4,9,12,5,10,1,2,0,0,1.75,4.0,4.2,12:30,1.8,4.12,4.14,1.53,2.5,1.54,2.5,-0.75,2.01,1.87
2021/22,2022-03-06,Man City,Man United,4,1,H,2,1,H,M Oliver,24,5,10,2,10,14,9,3,0,1,0,0,1.4,4.75,7.5,16:30,1.41,4.91,7.86,1.61,2.3,1.6,2.35,-1.25,1.89,1.98
2021/22,2022-03-06,Watford,Arsenal,2,3,A,1,2,A,C Pawson,13,16,7,4,5,11,1,5,1,2,0,0,6.0,4.0,1.57,14:00,6.14,4.02,1.59,2.05,1.85,2.02,1.82,1.0,1.84,2.04
2021/22,2022-03-07,Tottenham,Everton,5,0,H,3,0,H,S Attwell,14,6,7,0,15,10,5,2,2,0,0,0,1.57,3.8,5.75,20:00,1.61,4.13,5.61,1.72,2.1,1.78,2.06,-1.0,2.04,1.84
2021/22,2022-03-10,Wolves,Watford,4,0,H,3,0,H,D England,10,9,5,0,11,10,5,2,2,2,0,0,1.75,3.6,4.5,19:30,1.82,3.5,4.84,2.3,1.61,2.33,1.62,-0.75,2.08,1.8
2021/22,2022-03-10,Norwich,Chelsea,1,3,A,0,2,A,M Atkinson,9,15,3,7,8,15,3,8,0,2,0,0,11.0,4.75,1.3,19:30,11.9,5.59,1.29,1.72,2.1,1.72,2.15,1.5,1.99,1.89
2021/22,2022-03-10,Leeds,Aston Villa,0,3,A,0,1,A,S Hooper,4,15,1,9,17,11,3,5,5,3,0,0,2.7,3.5,2.5,19:45,2.72,3.59,2.54,1.72,2.1,1.69,2.19,0.0,2.0,1.87
2021/22,2022-03-10,Southampton,Newcastle,1,2,A,1,1,D,K Friend,14,8,5,4,6,7,12,5,1,1,0,0,2.0,3.75,3.5,19:30,2.0,3.7,3.71,1.8,2.0,1.79,2.04,-0.5,1.99,1.88
2021/22,2022-03-12,Brentford,Burnley,2,0,H,0,0,D,P Tierney,13,7,4,1,6,10,2,9,1,1,0,1,2.15,3.2,3.6,15:00,2.2,3.23,3.65,2.3,1.61,2.37,1.6,-0.25,1.86,2.01
2021/22,2022-03-12,Brighton,Liverpool,0,2,A,0,1,A,M Dean,8,18,3,9,12,15,7,6,3,1,0,0,6.0,4.33,1.5,12:30,6.2,4.47,1.53,1.72,2.1,1.69,2.21,1.0,2.0,1.88
2021/22,2022-03-12,Man United,Tottenham,3,2,H,2,1,H,J Moss,10,10,6,3,8,7,4,5,2,1,0,0,2.2,3.4,3.25,17:30,2.18,3.56,3.33,1.72,2.1,1.74,2.13,-0.25,1.89,1.99
2021/22,2022-03-13,Arsenal,Leicester,2,0,H,1,0,H,A Taylor,21,6,8,3,8,10,2,6,0,3,0,0,1.5,4.5,6.0,16:30,1.53,4.55,6.0,1.61,2.3,1.63,2.31,-1.0,1.86,2.02
2021/22,2022-03-13,Chelsea,Newcastle,1,0,H,0,0,D,D Coote,8,7,3,2,17,16,7,2,4,3,0,0,1.3,5.25,11.0,14:00,1.33,5.3,10.16,1.72,2.1,1.71,2.16,-1.5,2.0,1.88
2021/22,2022-03-13,Everton,Wolves,0,1,A,0,0,D,M Oliver,8,14,2,3,13,11,5,2,2,1,1,0,2.3,3.2,3.3,14:00,2.31,3.24,3.35,2.3,1.61,2.3,1.63,-0.25,1.97,1.9
2021/22,2022-03-13,Leeds,Norwich,2,1,H,1,0,H,S Attwell,13,12,7,4,18,8,6,2,3,1,0,0,1.55,4.2,5.75,14:00,1.6,4.31,5.51,1.66,2.2,1.67,2.23,-1.0,1.99,1.88
2021/22,2022-03-13,Southampton,Watford,1,2,A,1,2,A,G Scott,13,9,7,5,8,12,11,3,3,2,0,0,1.6,4.2,5.25,14:00,1.61,4.17,5.59,1.8,2.0,1.81,2.02,-1.0,2.06,1.82
2021/22,2022-03-13,West Ham,Aston Villa,2,1,H,0,0,D,J Gillett,11,13,4,7,9,3,5,7,1,0,0,0,2.25,3.3,3.3,14:00,2.33,3.31,3.24,2.01,1.89,1.95,1.87,-0.25,2.0,1.88
2021/22,2022-03-14,Crystal Palace,Man City,0,0,D,0,0,D,M Atkinson,7,18,1,4,6,11,2,6,3,1,0,0,10.0,5.0,1.33,20:00,9.82,5.5,1.32,1.72,2.1,1.68,2.22,1.5,1.94,1.93
2021/22,2022-03-16,Arsenal,Liverpool,0,2,A,0,0,D,A Marriner,9,9,2,3,9,9,1,6,0,1,0,0,3.5,4.0,1.9,20:15,3.78,3.98,1.92,1.72,2.1,1.72,2.15,0.5,1.97,1.91
2021/22,2022-03-16,Brighton,Tottenham,0,2,A,0,1,A,R Jones,15,17,0,7,11,9,6,3,2,2,0,0,3.3,3.3,2.25,19:30,3.28,3.34,2.3,2.0,1.8,2.09,1.76,0.25,1.9,1.97
2021/22,2022-03-17,Everton,Newcastle,1,0,H,0,0,D,C Pawson,9,17,3,6,13,11,5,7,2,1,1,0,2.4,3.25,3.1,19:45,2.37,3.38,3.11,1.9,2.0,1.98,1.85,-0.25,2.03,1.85
2021/22,2022-03-18,Wolves,Leeds,2,3,A,2,0,H,K Friend,14,15,8,6,13,14,2,5,1,4,1,0,2.1,3.5,3.4,20:00,2.14,3.49,3.56,1.99,1.91,1.95,1.88,-0.25,1.84,2.04
2021/22,2022-03-19,Aston Villa,Arsenal,0,1,A,0,1,A,A Madley,8,10,1,3,13,14,6,5,3,3,0,0,3.0,3.3,2.4,12:30,2.99,3.47,2.41,1.92,1.98,1.87,1.96,0.25,1.82,2.06
2021/22,2022-03-20,Leicester,Brentford,2,1,H,2,0,H,D England,12,15,4,6,10,10,2,5,1,2,0,0,2.15,3.4,3.4,14:00,2.19,3.45,3.41,1.91,1.99,1.9,1.93,-0.25,1.88,1.99
2021/22,2022-03-20,Tottenham,West Ham,3,1,H,2,1,H,A Taylor,17,6,4,1,7,7,5,3,0,1,0,0,1.72,3.8,4.75,16:30,1.75,3.94,4.7,1.72,2.1,1.73,2.13,-0.75,1.95,1.93
2021/22,2022-04-02,Brighton,Norwich,0,0,D,0,0,D,S Hooper,31,6,4,0,12,11,11,2,1,1,0,0,1.5,4.0,7.0,15:00,1.5,4.12,7.51,2.0,1.8,2.05,1.79,-1.0,1.88,2.0
2021/22,2022-04-02,Burnley,Man City,0,2,A,0,2,A,C Pawson,3,18,1,6,11,6,1,8,1,0,0,0,15.0,6.5,1.2,15:00,13.75,6.54,1.23,1.57,2.37,1.59,2.39,1.75,1.98,1.9
2021/22,2022-04-02,Chelsea,Brentford,1,4,A,0,0,D,A Madley,21,17,8,6,11,7,12,7,0,0,0,0,1.33,5.0,10.0,15:00,1.35,4.99,10.04,1.91,1.99,1.89,1.93,-1.25,1.85,2.04
2021/22,2022-04-02,Leeds,Southampton,1,1,D,1,0,H,A Taylor,12,14,3,6,14,7,4,7,1,1,0,0,2.37,3.75,2.75,15:00,2.42,3.61,2.86,1.61,2.3,1.63,2.31,-0.25,2.08,1.81
2021/22,2022-04-02,Liverpool,Watford,2,0,H,1,0,H,S Attwell,20,5,3,2,9,8,9,3,1,1,0,0,1.12,9.5,17.0,12:30,1.13,9.36,21.82,1.36,3.2,1.35,3.22,-2.25,1.85,2.04
2021/22,2022-04-02,Man United,Leicester,1,1,D,0,0,D,A Marriner,11,11,5,3,13,6,6,5,2,2,0,0,1.5,4.5,6.0,17:30,1.52,4.6,6.1,1.57,2.37,1.56,2.43,-1.0,1.83,2.05
2021/22,2022-04-02,Wolves,Aston Villa,2,1,H,2,0,H,D England,11,15,5,5,15,8,4,9,4,3,0,0,3.0,3.1,2.55,15:00,3.01,3.1,2.59,2.37,1.57,2.38,1.6,0.0,2.1,1.79
2021/22,2022-04-03,Tottenham,Newcastle,5,1,H,1,1,D,M Atkinson,19,8,6,1,10,7,2,3,2,3,0,0,1.5,4.33,6.5,16:30,1.52,4.36,6.58,1.8,2.0,1.8,2.04,-1.0,1.86,2.02
2021/22,2022-04-03,West Ham,Everton,2,1,H,1,0,H,M Oliver,11,13,5,2,9,12,2,4,1,1,0,1,1.75,3.8,4.5,14:00,1.79,3.75,4.6,2.0,1.9,1.94,1.89,-0.75,2.03,1.85
2021/22,2022-04-04,Crystal Palace,Arsenal,3,0,H,2,0,H,P Tierney,6,12,5,3,11,15,0,2,0,2,0,0,4.0,3.4,1.95,20:00,4.05,3.41,1.99,2.1,1.72,2.13,1.73,0.5,1.89,1.99
2021/22,2022-04-06,Burnley,Everton,3,2,H,1,2,A,M Dean,13,16,4,4,11,16,9,6,2,2,0,0,2.62,3.1,2.87,19:30,2.57,3.16,2.98,2.2,1.66,2.25,1.66,0.0,1.79,2.11
2021/22,2022-04-08,Newcastle,Wolves,1,0,H,0,0,D,P Bankes,12,5,4,2,6,13,1,2,1,1,0,0,2.25,3.1,3.4,20:00,2.31,3.11,3.51,2.37,1.57,2.4,1.59,-0.25,1.96,1.92
2021/22,2022-04-09,Watford,Leeds,0,3,A,0,1,A,A Marriner,8,10,1,5,8,12,3,8,2,0,0,0,2.7,3.4,2.55,15:00,2.69,3.54,2.58,1.72,2.1,1.77,2.08,0.0,1.97,1.9
2021/22,2022-04-09,Southampton,Chelsea,0,6,A,0,4,A,K Friend,4,24,1,14,11,10,3,3,1,0,0,0,3.8,3.6,1.95,15:00,3.98,3.69,1.93,1.95,1.95,1.94,1.9,0.5,1.95,1.93
2021/22,2022-04-09,Arsenal,Brighton,1,2,A,0,1,A,D Coote,20,8,4,3,12,19,11,2,3,4,0,0,1.61,3.8,5.75,15:00,1.65,3.9,5.64,2.04,1.86,2.01,1.81,-0.75,1.84,2.04
2021/22,2022-04-09,Aston Villa,Tottenham,0,4,A,0,1,A,G Scott,9,11,8,5,12,14,9,3,2,3,0,0,3.2,3.4,2.25,17:30,3.15,3.55,2.27,1.86,2.04,1.85,1.98,0.25,1.91,1.96
2021/22,2022-04-09,Everton,Man United,1,0,H,1,0,H,J Moss,7,12,3,4,4,10,5,7,2,2,0,0,4.6,3.75,1.75,12:30,4.48,3.84,1.8,1.85,2.05,1.84,2.0,0.75,1.84,2.03
2021/22,2022-04-10,Brentford,West Ham,2,0,H,0,0,D,M Atkinson,15,5,7,1,2,6,4,6,0,1,0,0,2.62,3.3,2.62,14:00,2.69,3.31,2.73,2.1,1.72,2.07,1.77,0.0,1.93,1.95
2021/22,2022-04-10,Leicester,Crystal Palace,2,1,H,2,0,H,R Jones,12,11,3,3,11,12,3,4,1,1,0,0,2.37,3.3,2.9,14:00,2.41,3.44,2.98,1.99,1.91,1.95,1.88,-0.25,2.07,1.82
2021/22,2022-04-10,Man City,Liverpool,2,2,D,2,1,H,A Taylor,11,6,5,4,9,11,4,1,1,4,0,0,2.0,3.75,3.5,16:30,2.06,3.71,3.5,1.72,2.1,1.7,2.18,-0.5,2.06,1.83
2021/22,2022-04-10,Norwich,Burnley,2,0,H,1,0,H,M Oliver,17,18,6,4,12,10,6,7,1,1,0,0,2.87,3.2,2.55,14:00,2.97,3.19,2.56,2.3,1.61,2.31,1.62,0.0,2.07,1.82
2021/22,2022-04-16,Man United,Norwich,3,2,H,2,1,H,A Madley,20,15,9,4,7,6,6,7,0,0,0,0,1.25,6.5,10.0,15:00,1.24,6.45,12.84,1.5,2.62,1.51,2.57,-1.75,1.91,1.96
2021/22,2022-04-16,Southampton,Arsenal,1,0,H,1,0,H,P Bankes,9,23,3,6,6,6,6,8,2,1,0,0,3.8,3.6,1.95,15:00,3.9,3.68,1.95,1.9,2.0,1.88,1.95,0.5,1.92,1.96
2021/22,2022-04-16,Tottenham,Brighton,0,1,A,0,0,D,C Pawson,5,12,0,5,14,10,4,4,3,3,0,0,1.53,4.0,6.5,12:30,1.54,4.25,6.35,1.9,2.0,1.87,1.95,-1.0,1.93,1.94
2021/22,2022-04-16,Watford,Brentford,1,2,A,0,1,A,S Hooper,17,16,4,5,11,9,6,5,2,1,0,0,2.7,3.3,2.55,15:00,2.86,3.28,2.59,2.1,1.72,2.12,1.74,0.0,2.05,1.83
2021/22,2022-04-17,Newcastle,Leicester,2,1,H,1,1,D,J Gillett,16,8,7,2,10,10,3,5,2,2,0,0,2.2,3.4,3.3,14:15,2.25,3.38,3.32,1.99,1.91,1.93,1.9,-0.25,1.93,1.94
2021/22,2022-04-17,West Ham,Burnley,1,1,D,0,1,A,P Tierney,21,9,8,1,9,10,13,4,2,2,0,0,1.7,3.8,5.0,14:15,1.72,3.84,5.02,1.95,1.95,1.94,1.88,-0.75,1.92,1.95
2021/22,2022-04-19,Liverpool,Man United,4,0,H,2,0,H,M Atkinson,14,2,5,1,3,6,10,2,1,2,0,0,1.4,5.0,7.0,20:00,1.41,5.21,7.44,1.5,2.62,1.5,2.6,-1.5,2.09,1.79
2021/22,2022-04-20,Newcastle,Crystal Palace,1,0,H,1,0,H,T Harrington,13,10,4,2,12,12,2,5,1,1,0,0,2.25,3.4,3.25,19:45,2.34,3.26,3.25,2.2,1.66,2.21,1.69,-0.25,1.99,1.89
2021/22,2022-04-20,Man City,Brighton,3,0,H,0,0,D,M Dean,17,2,5,1,12,7,7,4,0,3,0,0,1.16,7.0,17.0,20:00,1.2,6.85,17.12,1.61,2.3,1.63,2.3,-2.0,2.06,1.83
2021/22,2022-04-20,Chelsea,Arsenal,2,4,A,2,2,D,J Moss,11,14,2,4,7,6,6,1,3,1,0,0,1.83,3.6,4.33,19:45,1.87,3.64,4.34,2.1,1.8,2.04,1.8,-0.5,1.87,2.02
2021/22,2022-04-20,Everton,Leicester,1,1,D,0,1,A,D Coote,13,11,3,3,8,17,5,4,3,1,0,0,2.25,3.4,3.25,19:45,2.32,3.45,3.15,1.92,1.98,1.91,1.92,-0.25,1.98,1.89
2021/22,2022-04-21,Burnley,Southampton,2,0,H,2,0,H,S Attwell,16,11,6,3,7,7,10,10,2,2,0,0,2.75,3.25,2.62,19:45,2.76,3.41,2.61,1.98,1.92,1.95,1.88,0.0,1.98,1.89
2021/22,2022-04-23,Arsenal,Man United,3,1,H,2,1,H,C Pawson,14,14,7,5,9,12,1,7,3,4,0,0,2.05,3.5,3.5,12:30,2.11,3.58,3.5,1.81,2.09,1.81,2.03,-0.25,1.83,2.05
2021/22,2022-04-23,Brentford,Tottenham,0,0,D,0,0,D,M Atkinson,15,9,2,0,8,7,12,8,2,1,0,0,4.33,3.5,1.85,17:30,4.28,3.67,1.87,1.89,2.01,1.86,1.97,0.5,2.01,1.87
2021/22,2022-04-23,Leicester,Aston Villa,0,0,D,0,0,D,A Madley,5,11,2,3,15,16,7,6,3,2,0,0,2.8,3.4,2.5,15:00,2.85,3.39,2.54,1.85,2.05,1.83,2.01,0.0,2.06,1.83
2021/22,2022-04-23,Man City,Watford,5,1,H,3,1,H,K Friend,21,5,8,2,9,7,11,4,1,0,0,0,1.1,10.0,26.0,15:00,1.11,9.78,25.83,1.36,3.2,1.38,3.03,-2.5,1.99,1.89
2021/22,2022-04-23,Norwich,Newcastle,0,3,A,0,2,A,C Kavanagh,5,13,2,7,11,10,2,3,0,2,0,0,3.5,3.3,2.15,15:00,3.55,3.33,2.18,1.98,1.92,1.95,1.88,0.25,2.0,1.87
2021/22,2022-04-24,Chelsea,West Ham,1,0,H,0,0,D,M Oliver,26,6,5,2,11,9,3,1,1,0,0,1,1.5,4.33,6.5,14:00,1.53,4.37,6.4,1.83,2.07,1.81,2.03,-1.0,1.89,1.99
2021/22,2022-04-24,Brighton,Southampton,2,2,D,2,1,H,R Jones,8,18,5,5,12,7,6,6,1,0,0,0,2.1,3.4,3.6,14:00,2.17,3.32,3.59,2.02,1.88,2.02,1.82,-0.25,1.85,2.03
2021/22,2022-04-24,Burnley,Wolves,1,0,H,0,0,D,A Taylor,14,10,5,4,8,7,3,6,3,1,0,0,2.7,3.0,2.87,14:00,2.71,3.11,2.86,2.37,1.57,2.39,1.59,0.0,1.88,2.0
2021/22,2022-04-24,Liverpool,Everton,2,0,H,0,0,D,S Attwell,18,9,4,1,8,8,13,1,2,5,0,0,1.18,7.0,15.0,16:30,1.19,7.35,15.64,1.44,2.75,1.44,2.77,-2.0,1.94,1.94
2021/22,2022-04-25,Crystal Palace,Leeds,0,0,D,0,0,D,D England,17,9,7,2,12,13,6,3,2,2,0,0,2.05,3.5,3.5,20:00,2.08,3.59,3.53,1.88,2.02,1.83,2.0,-0.5,2.08,1.8
2021/22,2022-04-28,Man United,Chelsea,1,1,D,0,0,D,M Dean,6,21,3,6,9,12,2,9,0,1,0,0,3.2,3.4,2.25,19:45,3.17,3.57,2.25,1.86,2.04,1.82,2.02,0.25,1.91,1.96
2021/22,2022-04-30,Wolves,Brighton,0,3,A,0,1,A,S Hooper,11,17,1,9,6,4,7,3,2,1,0,0,2.7,3.2,2.75,15:00,2.75,3.09,2.83,2.5,1.53,2.49,1.54,0.0,1.9,1.97
2021/22,2022-04-30,Watford,Burnley,1,2,A,1,0,H,C Pawson,13,17,1,6,13,9,5,6,1,2,0,0,2.6,3.3,2.75,15:00,2.68,3.31,2.75,2.1,1.72,2.07,1.78,0.0,1.91,1.96
2021/22,2022-04-30,Southampton,Crystal Palace,1,2,A,1,0,H,J Gillett,8,14,3,5,13,11,6,7,1,3,0,0,2.4,3.3,3.1,15:00,2.41,3.37,3.05,2.03,1.87,2.0,1.84,-0.25,2.07,1.82
2021/22,2022-04-30,Newcastle,Liverpool,0,1,A,0,1,A,A Marriner,4,24,2,10,11,11,0,6,1,3,0,0,8.5,5.0,1.36,12:30,7.81,4.87,1.41,1.66,2.2,1.69,2.19,1.25,1.95,1.92
2021/22,2022-04-30,Aston Villa,Norwich,2,0,H,1,0,H,J Brooks,21,9,6,3,16,8,2,3,4,1,0,0,1.4,4.5,9.0,15:00,1.4,4.94,8.3,1.66,2.2,1.69,2.19,-1.25,1.88,2.0
2021/22,2022-04-30,Leeds,Man City,0,4,A,0,1,A,P Tierney,7,19,2,6,13,3,3,6,1,2,0,0,8.5,6.0,1.3,17:30,9.69,5.85,1.31,1.5,2.62,1.47,2.68,1.5,2.03,1.85
2021/22,2022-05-01,Everton,Chelsea,1,0,H,0,0,D,K Friend,9,17,4,5,9,12,3,8,3,5,0,0,5.0,3.6,1.75,14:00,4.83,3.71,1.77,2.02,1.88,1.98,1.85,0.75,1.87,2.0
2021/22,2022-05-01,Tottenham,Leicester,3,1,H,1,0,H,J Moss,13,6,7,2,13,8,7,3,2,3,0,0,1.44,4.75,7.0,14:00,1.46,4.8,6.88,1.57,2.37,1.59,2.39,-1.25,1.99,1.89
2021/22,2022-05-01,West Ham,Arsenal,1,2,A,1,1,D,M Dean,8,13,3,7,8,9,3,7,2,2,0,0,4.33,3.8,1.8,16:30,4.54,3.84,1.79,1.89,2.01,1.86,1.97,0.75,1.86,2.01
2021/22,2022-05-02,Man United,Brentford,3,0,H,1,0,H,C Kavanagh,9,12,5,4,4,6,3,8,1,0,0,0,1.72,4.0,4.5,20:00,1.76,3.95,4.51,1.72,2.1,1.75,2.09,-0.75,1.97,1.89
2021/22,2022-05-07,Brentford,Southampton,3,0,H,2,0,H,M Salisbury,18,19,5,4,12,9,4,7,0,1,0,0,2.15,3.5,3.3,15:00,2.21,3.44,3.35,1.95,1.95,1.93,1.9,-0.25,1.9,1.98
2021/22,2022-05-07,Brighton,Man United,4,0,H,1,0,H,A Madley,17,15,6,5,13,9,7,6,0,2,0,0,2.8,3.5,2.45,17:30,2.8,3.44,2.56,1.95,1.95,1.93,1.9,0.0,2.03,1.86
2021/22,2022-05-07,Burnley,Aston Villa,1,3,A,0,2,A,D Coote,14,12,6,7,13,11,4,5,1,2,0,0,3.0,3.3,2.4,15:00,3.0,3.33,2.46,2.07,1.83,2.04,1.79,0.25,1.79,2.1
2021/22,2022-05-07,Chelsea,Wolves,2,2,D,0,0,D,P Bankes,19,14,6,4,7,11,9,3,1,3,0,0,1.33,5.0,9.5,15:00,1.36,4.95,9.62,1.93,1.97,1.89,1.94,-1.25,1.85,2.04
2021/22,2022-05-07,Crystal Palace,Watford,1,0,H,1,0,H,G Scott,15,6,7,1,11,18,8,5,2,1,0,1,1.65,4.0,5.0,15:00,1.69,3.89,5.2,1.99,1.91,1.95,1.88,-0.75,1.89,1.99
2021/22,2022-05-07,Liverpool,Tottenham,1,1,D,0,0,D,M Oliver,22,8,3,3,12,8,11,5,3,2,0,0,1.4,5.0,7.0,19:45,1.46,4.89,6.68,1.53,2.5,1.55,2.47,-1.25,2.01,1.88
2021/22,2022-05-08,Man City,Newcastle,5,0,H,2,0,H,S Attwell,21,7,9,3,6,11,8,2,1,3,0,0,1.16,7.0,17.0,16:30,1.18,7.63,17.16,1.5,2.62,1.48,2.68,-2.0,1.86,2.03
2021/22,2022-05-08,Norwich,West Ham,0,4,A,0,3,A,R Jones,8,13,2,5,7,7,9,5,1,1,0,0,4.5,3.8,1.75,14:00,4.51,3.81,1.8,1.85,2.05,1.83,2.01,0.75,1.85,2.03
2021/22,2022-05-08,Arsenal,Leeds,2,1,H,2,0,H,C Kavanagh,19,3,9,2,13,15,8,2,2,2,0,1,1.45,4.5,7.0,14:00,1.46,4.81,6.77,1.61,2.3,1.58,2.41,-1.25,2.01,1.87
2021/22,2022-05-08,Leicester,Everton,1,2,A,1,2,A,C Pawson,16,10,9,4,11,6,6,1,3,0,0,0,2.6,3.3,2.75,14:00,2.61,3.34,2.8,2.01,1.89,1.98,1.85,0.0,1.88,2.0
2021/22,2022-05-10,Aston Villa,Liverpool,1,2,A,1,1,D,J Moss,9,17,4,6,10,12,2,3,0,0,0,0,7.5,4.75,1.4,20:00,7.35,4.85,1.44,1.61,2.3,1.63,2.31,1.25,1.93,1.94
2021/22,2022-05-11,Leeds,Chelsea,0,3,A,0,1,A,A Taylor,5,17,0,4,10,14,1,5,1,0,1,0,4.75,4.2,1.65,19:30,4.98,4.17,1.67,1.61,2.3,1.64,2.28,0.75,2.04,1.84
2021/22,2022-05-11,Leicester,Norwich,3,0,H,0,0,D,S Hooper,20,9,8,5,10,5,10,2,0,0,0,0,1.44,4.75,7.0,19:45,1.44,4.9,7.02,1.61,2.3,1.61,2.34,-1.25,1.95,1.92
2021/22,2022-05-11,Watford,Everton,0,0,D,0,0,D,M Dean,6,16,0,5,5,12,1,13,1,2,0,0,4.2,3.6,1.83,19:45,4.26,3.68,1.87,1.94,1.96,1.91,1.92,0.5,2.01,1.87
2021/22,2022-05-11,Wolves,Man City,1,5,A,1,3,A,M Atkinson,7,16,3,5,2,10,6,2,0,1,0,0,11.0,6.0,1.25,20:15,12.83,5.88,1.26,1.66,2.2,1.66,2.24,1.75,1.88,1.99
2021/22,2022-05-12,Tottenham,Arsenal,3,0,H,2,0,H,P Tierney,16,8,6,4,8,15,2,2,1,3,0,1,2.05,3.75,3.5,19:45,2.12,3.6,3.42,1.8,2.0,1.78,2.05,-0.25,1.83,2.05
2021/22,2022-05-15,Wolves,Norwich,1,1,D,0,1,A,T Harrington,17,11,4,2,5,10,5,3,0,3,0,0,1.45,4.75,6.5,14:00,1.46,4.58,7.25,1.86,2.04,1.83,2.0,-1.25,2.04,1.84
2021/22,2022-05-15,West Ham,Man City,2,2,D,2,0,H,A Taylor,6,31,2,8,9,5,4,9,3,1,0,0,7.5,5.0,1.4,14:00,8.01,5.2,1.38,1.53,2.5,1.54,2.47,1.5,1.81,2.06
2021/22,2022-05-15,Watford,Leicester,1,5,A,1,2,A,J Gillett,13,13,5,7,4,6,7,3,0,1,0,0,3.8,3.5,1.95,14:00,3.65,3.68,2.02,1.72,2.1,1.77,2.08,0.5,1.86,2.02
2021/22,2022-05-15,Aston Villa,Crystal Palace,1,1,D,0,0,D,C Kavanagh,13,16,4,4,11,15,1,5,1,3,0,0,2.0,3.5,3.75,14:00,2.06,3.55,3.63,1.93,1.97,1.89,1.94,-0.5,2.05,1.84
2021/22,2022-05-15,Leeds,Brighton,1,1,D,0,1,A,M Dean,19,16,5,6,16,8,8,1,3,2,0,0,2.62,3.5,2.62,14:00,2.67,3.52,2.61,1.84,2.06,1.84,1.99,0.0,1.96,1.91
2021/22,2022-05-15,Everton,Brentford,2,3,A,2,1,H,M Oliver,10,18,5,7,8,8,5,2,0,3,2,0,2.05,3.6,3.5,16:30,2.1,3.55,3.53,2.03,1.87,1.99,1.84,-0.25,1.82,2.07
2021/22,2022-05-15,Tottenham,Burnley,1,0,H,1,0,H,K Friend,21,8,8,1,12,8,8,2,3,2,0,0,1.33,5.25,9.0,12:00,1.34,5.36,9.11,1.57,2.37,1.58,2.39,-1.5,1.99,1.88
2021/22,2022-05-16,Newcastle,Arsenal,2,0,H,0,0,D,D England,16,11,4,2,11,8,12,8,0,3,0,0,4.33,3.6,1.83,20:00,4.14,3.68,1.88,1.9,2.0,1.85,1.97,0.5,1.98,1.89
2021/22,2022-05-17,Southampton,Liverpool,1,2,A,1,1,D,M Atkinson,4,24,2,5,6,6,1,9,2,0,0,0,7.5,5.5,1.33,19:45,8.02,5.49,1.37,1.44,2.75,1.44,2.79,1.5,1.9,1.97
2021/22,2022-05-19,Everton,Crystal Palace,3,2,H,0,2,A,A Taylor,12,7,6,5,9,13,4,5,2,3,0,0,1.9,3.4,4.33,19:45,1.95,3.47,4.16,2.0,1.8,2.04,1.79,-0.5,1.95,1.93
2021/22,2022-05-19,Aston Villa,Burnley,1,1,D,0,1,A,P Tierney,22,10,9,5,11,20,13,6,0,1,0,1,2.05,3.5,3.6,20:00,2.05,3.56,3.7,1.99,1.91,1.95,1.87,-0.5,2.04,1.85
2021/22,2022-05-19,Chelsea,Leicester,1,1,D,1,1,D,S Attwell,20,2,7,1,13,7,6,0,4,1,0,0,1.4,4.75,8.0,20:00,1.38,4.91,8.66,1.61,2.3,1.63,2.3,-1.25,1.83,2.05
2021/22,2022-05-22,Arsenal,Everton,5,1,H,2,1,H,A Marriner,26,6,9,2,8,9,12,2,0,1,0,0,1.36,4.75,9.0,16:00,1.37,5.15,8.69,1.57,2.37,1.57,2.42,-1.5,2.03,1.84
2021/22,2022-05-22,Brentford,Leeds,1,2,A,0,0,D,P Tierney,14,14,5,6,11,13,3,2,2,1,1,0,2.45,3.8,2.62,16:00,2.41,3.76,2.79,1.57,2.37,1.6,2.36,0.0,1.79,2.09
2021/22,2022-05-22,Brighton,West Ham,3,1,H,0,1,A,K Friend,18,7,7,2,9,9,5,6,1,1,0,0,2.37,3.5,2.9,16:00,2.4,3.57,2.91,1.72,2.1,1.76,2.08,-0.25,2.07,1.82
2021/22,2022-05-22,Burnley,Newcastle,1,2,A,0,1,A,C Pawson,12,8,5,6,8,9,8,2,1,0,0,0,2.25,3.4,3.2,16:00,2.24,3.48,3.25,1.94,1.96,1.92,1.91,-0.25,1.94,1.93
2021/22,2022-05-22,Chelsea,Watford,2,1,H,1,0,H,M Dean,19,8,8,3,9,9,3,3,0,0,0,0,1.18,7.5,15.0,16:00,1.17,7.89,17.63,1.44,2.75,1.44,2.78,-2.0,1.83,2.06
2021/22,2022-05-22,Crystal Palace,Man United,1,0,H,1,0,H,M Atkinson,6,10,3,4,12,22,3,6,2,4,0,0,3.0,3.6,2.25,16:00,3.1,3.66,2.25,1.72,2.1,1.74,2.12,0.25,1.91,1.95
2021/22,2022-05-22,Leicester,Southampton,4,1,H,0,0,D,J Moss,12,7,6,2,10,5,3,3,0,1,0,0,1.85,4.0,3.8,16:00,1.88,4.03,3.86,1.57,2.37,1.58,2.39,-0.5,1.87,2.01
2021/22,2022-05-22,Liverpool,Wolves,3,1,H,1,1,D,A Taylor,29,7,8,5,6,3,5,3,1,0,0,0,1.14,8.5,15.0,16:00,1.16,8.12,18.95,1.44,2.75,1.43,2.82,-2.0,1.78,2.11
2021/22,2022-05-22,Man City,Aston Villa,3,2,H,0,1,A,M Oliver,24,4,5,2,5,11,13,1,0,1,0,0,1.16,8.0,17.0,16:00,1.16,8.18,18.24,1.44,2.75,1.43,2.81,-2.0,1.82,2.07
2021/22,2022-05-22,Norwich,Tottenham,0,5,A,0,2,A,C Kavanagh,9,19,0,13,13,7,3,2,3,1,0,0,9.5,6.5,1.25,16:00,11.19,6.45,1.26,1.44,2.75,1.44,2.79,1.75,1.97,1.9
2022/23,2022-08-05,Crystal Palace,Arsenal,0,2,A,0,1,A,A Taylor,10,10,2,2,16,11,3,5,1,2,0,0,4.2,3.6,1.85,20:00,4.39,3.59,1.88,2.1,1.72,2.09,1.76,0.5,2.01,1.87
2022/23,2022-08-06,Fulham,Liverpool,2,2,D,1,0,H,A Madley,9,11,3,4,7,9,4,4,2,0,0,0,11.0,6.0,1.25,12:30,10.99,6.05,1.28,1.5,2.62,1.48,2.63,1.75,1.89,1.99
2022/23,2022-08-06,Tottenham,Southampton,4,1,H,2,1,H,A Marriner,18,10,8,2,11,6,10,2,3,0,0,0,1.33,5.5,8.5,15:00,1.36,5.27,8.64,1.61,2.3,1.61,2.34,-1.5,2.03,1.85
2022/23,2022-08-06,Newcastle,Nott'm Forest,2,0,H,0,0,D,S Hooper,23,5,10,0,9,14,11,1,0,3,0,0,1.66,3.8,5.25,15:00,1.67,3.8,5.57,2.05,1.85,2.03,1.81,-0.75,1.86,2.02
2022/23,2022-08-06,Everton,Chelsea,0,1,A,0,1,A,C Pawson,8,15,4,6,14,11,4,16,3,2,0,0,5.5,4.0,1.61,17:30,5.74,3.96,1.63,2.02,1.88,1.99,1.84,0.75,2.08,1.8
2022/23,2022-08-06,Bournemouth,Aston Villa,2,0,H,1,0,H,P Bankes,7,15,3,2,18,16,5,5,3,3,0,0,3.75,3.5,2.0,15:00,3.8,3.5,2.04,2.0,1.8,2.03,1.8,0.5,1.85,2.04
2022/23,2022-08-06,Leeds,Wolves,2,1,H,1,1,D,R Jones,12,15,4,6,13,9,6,4,2,0,0,0,2.25,3.4,3.2,15:00,2.34,3.34,3.18,2.05,1.85,2.03,1.81,-0.25,2.01,1.87
2022/23,2022-08-07,Leicester,Brentford,2,2,D,1,0,H,J Gillett,14,8,5,3,6,5,5,6,0,0,0,0,2.0,3.75,3.5,14:00,2.03,3.66,3.64,1.72,2.1,1.77,2.08,-0.5,2.02,1.86
2022/23,2022-08-07,Man United,Brighton,1,2,A,0,2,A,P Tierney,17,15,5,4,7,12,6,2,4,1,0,0,1.6,4.2,5.25,14:00,1.62,4.01,5.68,1.92,1.98,1.89,1.93,-1.0,2.09,1.79
2022/23,2022-08-07,West Ham,Man City,0,2,A,0,1,A,M Oliver,6,14,1,2,8,4,1,4,0,1,0,0,8.0,5.0,1.36,16:30,8.32,5.25,1.37,1.53,2.5,1.54,2.47,1.5,1.84,2.04
2022/23,2022-08-13,Southampton,Leeds,2,2,D,0,0,D,T Harrington,14,13,4,5,10,12,2,5,1,3,0,0,2.25,3.5,3.1,15:00,2.32,3.51,3.1,1.72,2.1,1.73,2.13,-0.25,2.0,1.87
2022/23,2022-08-13,Arsenal,Leicester,4,2,H,2,0,H,D England,19,6,7,2,15,9,6,2,1,1,0,0,1.53,4.33,5.75,15:00,1.55,4.37,6.04,1.66,2.2,1.69,2.21,-1.0,1.91,1.96
2022/23,2022-08-13,Aston Villa,Everton,2,1,H,1,0,H,M Oliver,12,15,4,4,9,7,5,8,4,1,0,0,1.8,3.5,4.75,12:30,1.82,3.56,4.87,2.1,1.72,2.08,1.77,-0.5,1.81,2.07
2022/23,2022-08-13,Brentford,Man United,4,0,H,4,0,H,S Attwell,13,15,7,4,6,15,8,2,0,4,0,0,3.75,3.5,2.0,17:30,3.77,3.56,2.02,1.8,2.0,1.82,2.02,0.5,1.85,2.03
2022/23,2022-08-13,Brighton,Newcastle,0,0,D,0,0,D,G Scott,13,4,7,1,8,6,7,3,2,3,0,0,2.45,3.2,3.0,15:00,2.44,3.25,3.1,2.1,1.72,2.13,1.73,-0.25,2.07,1.82
2022/23,2022-08-13,Man City,Bournemouth,4,0,H,3,0,H,D Coote,19,3,7,1,9,9,11,1,0,3,0,0,1.06,13.0,29.0,15:00,1.07,12.72,37.57,1.33,3.4,1.33,3.35,-2.75,1.87,2.01
2022/23,2022-08-13,Wolves,Fulham,0,0,D,0,0,D,J Brooks,7,9,1,3,7,14,5,3,3,3,0,0,2.3,3.3,3.2,15:00,2.4,3.28,3.15,2.1,1.72,2.11,1.75,-0.25,2.04,1.84
2022/23,2022-08-14,Chelsea,Tottenham,2,2,D,1,0,H,A Taylor,16,10,3,5,9,9,8,5,3,0,0,0,2.25,3.4,3.2,16:30,2.29,3.44,3.21,1.98,1.92,1.94,1.89,-0.25,1.96,1.92
2022/23,2022-08-14,Nott'm Forest,West Ham,1,0,H,1,0,H,R Jones,13,19,6,5,10,11,6,7,4,1,0,0,4.2,3.6,1.85,14:00,4.21,3.64,1.9,1.92,1.98,1.9,1.93,0.5,1.98,1.89
2022/23,2022-08-15,Liverpool,Crystal Palace,1,1,D,0,1,A,P Tierney,24,7,4,3,7,8,4,2,2,4,1,0,1.18,6.75,16.0,20:00,1.2,6.85,16.33,1.57,2.37,1.55,2.46,-2.0,2.0,1.86
2022/23,2022-08-20,Bournemouth,Arsenal,0,3,A,0,2,A,C Pawson,6,14,1,6,12,10,3,4,2,1,0,0,8.0,4.75,1.4,17:30,7.65,4.7,1.43,1.72,2.1,1.76,2.09,1.25,1.9,1.97
2022/23,2022-08-20,Crystal Palace,Aston Villa,3,1,H,1,1,D,A Madley,17,13,9,5,16,14,4,2,2,1,0,0,2.5,3.25,2.9,15:00,2.52,3.2,3.0,2.2,1.66,2.19,1.69,0.0,1.78,2.12
2022/23,2022-08-20,Everton,Nott'm Forest,1,1,D,0,0,D,A Marriner,19,14,8,5,6,9,6,2,3,2,0,0,1.9,3.6,4.0,15:00,1.97,3.48,4.05,2.1,1.72,2.06,1.78,-0.5,1.98,1.9
2022/23,2022-08-20,Fulham,Brentford,3,2,H,2,1,H,P Bankes,18,13,9,5,13,7,6,3,3,2,0,0,2.45,3.4,2.9,15:00,2.46,3.42,2.92,1.96,1.94,1.93,1.9,-0.25,2.11,1.78
2022/23,2022-08-20,Leicester,Southampton,1,2,A,0,0,D,M Salisbury,6,9,1,3,11,15,2,5,2,3,0,0,1.83,4.0,4.0,15:00,1.85,3.97,4.01,1.61,2.3,1.63,2.29,-0.5,1.84,2.04
2022/23,2022-08-20,Tottenham,Wolves,1,0,H,0,0,D,S Hooper,11,20,4,3,10,8,8,6,2,2,0,0,1.4,4.75,7.5,12:30,1.41,4.88,7.96,1.72,2.1,1.73,2.14,-1.25,1.91,1.95
2022/23,2022-08-21,Leeds,Chelsea,3,0,H,2,0,H,S Attwell,12,14,6,3,16,15,4,6,0,1,0,1,5.75,4.5,1.53,14:00,5.93,4.43,1.55,1.66,2.2,1.68,2.21,1.0,1.97,1.9
2022/23,2022-08-21,Newcastle,Man City,3,3,D,2,1,H,J Gillett,12,21,6,10,14,7,5,5,4,2,0,0,7.5,5.0,1.36,16:30,8.67,5.11,1.37,1.66,2.2,1.65,2.26,1.25,2.05,1.83
2022/23,2022-08-21,West Ham,Brighton,0,2,A,0,1,A,A Taylor,13,11,3,2,10,7,5,4,2,0,0,0,2.3,3.4,3.1,14:00,2.32,3.41,3.14,1.99,1.91,1.96,1.85,-0.25,2.0,1.87
2022/23,2022-08-22,Man United,Liverpool,2,1,H,1,0,H,M Oliver,12,17,4,5,11,7,6,8,3,1,0,0,5.25,4.33,1.6,20:00,5.22,4.38,1.6,1.5,2.62,1.5,2.58,1.0,1.88,1.99
2022/23,2022-08-27,Man City,Crystal Palace,4,2,H,0,2,A,D England,18,2,5,2,14,8,6,1,1,2,0,0,1.18,7.5,13.0,15:00,1.19,7.56,15.25,1.44,2.75,1.45,2.77,-2.0,1.9,1.97
2022/23,2022-08-27,Liverpool,Bournemouth,9,0,H,5,0,H,S Attwell,19,5,12,2,6,5,8,1,0,1,0,0,1.1,10.0,26.0,15:00,1.11,10.17,25.51,1.36,3.2,1.36,3.16,-2.5,1.89,1.98
2022/23,2022-08-27,Chelsea,Leicester,2,1,H,0,0,D,P Tierney,7,17,3,5,10,7,3,11,1,2,1,0,1.4,5.0,7.0,15:00,1.42,4.93,7.52,1.61,2.3,1.64,2.28,-1.25,1.92,1.95
2022/23,2022-08-27,Southampton,Man United,0,1,A,0,0,D,A Madley,17,11,5,6,4,14,5,3,0,3,0,0,4.2,4.0,1.8,12:30,4.27,4.06,1.8,1.57,2.37,1.59,2.39,0.75,1.86,2.01
2022/23,2022-08-27,Brentford,Everton,1,1,D,0,1,A,J Brooks,19,14,5,7,8,8,8,5,2,2,0,0,2.0,3.5,3.75,15:00,2.06,3.47,3.77,2.06,1.84,2.04,1.8,-0.5,2.05,1.84
2022/23,2022-08-27,Arsenal,Fulham,2,1,H,0,0,D,J Gillett,22,11,8,3,6,12,9,2,2,3,0,0,1.3,5.75,9.0,17:30,1.32,5.77,9.44,1.5,2.62,1.49,2.62,-1.5,1.86,2.01
2022/23,2022-08-27,Brighton,Leeds,1,0,H,0,0,D,M Salisbury,13,10,4,2,10,14,5,3,2,3,0,0,1.9,3.8,3.8,15:00,1.91,3.73,4.04,1.88,2.02,1.82,2.01,-0.5,1.9,1.98
2022/23,2022-08-28,Aston Villa,West Ham,0,1,A,0,0,D,D Coote,9,7,3,2,10,10,3,2,2,0,0,0,2.3,3.4,3.1,14:00,2.3,3.43,3.18,1.91,1.99,1.88,1.95,-0.25,1.97,1.9
2022/23,2022-08-28,Nott'm Forest,Tottenham,0,2,A,0,1,A,C Pawson,17,18,1,7,11,13,6,1,6,1,0,0,7.0,4.6,1.44,16:30,6.98,4.59,1.47,1.72,2.1,1.74,2.12,1.25,1.82,2.06
2022/23,2022-08-28,Wolves,Newcastle,1,1,D,1,0,H,P Bankes,10,21,4,6,10,11,4,13,2,1,0,0,2.7,3.3,2.7,14:00,2.75,3.26,2.7,2.1,1.72,2.11,1.75,0.0,1.96,1.91
2022/23,2022-08-30,Leeds,Everton,1,1,D,0,1,A,D England,14,7,5,2,10,9,10,2,3,3,0,0,2.15,3.5,3.3,20:00,2.14,3.57,3.46,1.87,2.03,1.84,1.99,-0.25,1.84,2.04
2022/23,2022-08-30,Southampton,Chelsea,2,1,H,2,1,H,M Oliver,9,10,7,4,15,10,5,3,2,1,0,0,5.25,4.0,1.61,19:45,5.22,4.16,1.65,1.72,2.1,1.75,2.11,0.75,2.06,1.82
2022/23,2022-08-30,Crystal Palace,Brentford,1,1,D,0,0,D,S Hooper,13,9,4,3,11,8,4,6,1,2,0,0,2.05,3.4,3.6,19:30,2.1,3.42,3.72,2.1,1.72,2.09,1.77,-0.5,2.08,1.8
2022/23,2022-08-30,Fulham,Brighton,2,1,H,0,0,D,T Bramall,10,7,3,4,9,11,3,3,2,1,0,0,3.1,3.3,2.3,19:30,3.21,3.35,2.33,2.01,1.89,2.01,1.83,0.25,1.87,1.99
2022/23,2022-08-31,Arsenal,Aston Villa,2,1,H,1,0,H,R Jones,22,4,9,3,10,14,10,3,2,3,0,0,1.45,4.5,6.0,19:30,1.47,4.63,7.0,1.72,2.1,1.75,2.11,-1.25,2.04,1.84
2022/23,2022-08-31,Bournemouth,Wolves,0,0,D,0,0,D,A Taylor,5,17,2,4,12,12,2,5,2,1,0,0,3.5,3.3,2.15,19:30,3.53,3.38,2.16,2.1,1.72,2.11,1.75,0.25,2.01,1.86
2022/23,2022-08-31,Liverpool,Newcastle,2,1,H,0,1,A,A Marriner,23,5,6,2,9,10,13,0,0,2,0,0,1.33,5.25,9.0,20:00,1.31,5.81,9.58,1.5,2.62,1.49,2.61,-1.5,1.86,2.01
2022/23,2022-08-31,Man City,Nott'm Forest,6,0,H,3,0,H,P Tierney,17,8,9,1,9,7,10,1,0,1,0,0,1.06,13.0,29.0,19:30,1.08,12.84,30.99,1.22,4.33,1.24,4.07,-3.0,2.01,1.86
2022/23,2022-08-31,West Ham,Tottenham,1,1,D,0,1,A,P Bankes,14,13,4,4,10,9,3,4,2,5,0,0,3.6,3.8,1.95,19:45,3.63,3.74,2.01,1.72,2.1,1.75,2.1,0.5,1.86,2.01
2022/23,2022-09-01,Leicester,Man United,0,1,A,0,1,A,C Pawson,10,9,2,2,7,15,1,3,1,3,0,0,3.4,3.75,2.05,20:00,3.41,3.81,2.07,1.66,2.2,1.63,2.3,0.5,1.82,2.06
2022/23,2022-09-03,Nott'm Forest,Bournemouth,2,3,A,2,0,H,M Oliver,11,8,3,3,13,10,4,6,2,1,0,0,1.95,3.5,3.8,15:00,2.02,3.47,3.89,2.1,1.72,2.1,1.75,-0.5,2.02,1.86
2022/23,2022-09-03,Wolves,Southampton,1,0,H,1,0,H,J Brooks,7,12,2,1,10,14,5,6,4,2,0,0,2.2,3.4,3.25,15:00,2.24,3.4,3.33,2.04,1.86,2.02,1.81,-0.25,1.91,1.96
2022/23,2022-09-03,Tottenham,Fulham,2,1,H,1,0,H,S Attwell,23,9,10,3,9,6,10,3,3,4,0,0,1.5,4.5,6.5,15:00,1.49,4.62,6.54,1.61,2.3,1.62,2.32,-1.25,2.05,1.83
2022/23,2022-09-03,Newcastle,Crystal Palace,0,0,D,0,0,D,M Salisbury,23,19,6,9,19,12,13,5,2,1,0,0,2.0,3.5,3.75,15:00,2.05,3.48,3.8,2.0,1.8,2.05,1.79,-0.5,2.04,1.85
2022/23,2022-09-03,Brentford,Leeds,5,2,H,2,1,H,R Jones,14,17,8,6,8,9,2,6,2,2,0,0,2.1,3.5,3.4,15:00,2.17,3.59,3.33,1.72,2.1,1.75,2.1,-0.25,1.88,1.99
2022/23,2022-09-03,Chelsea,West Ham,2,1,H,0,0,D,A Madley,8,6,3,3,6,11,10,3,4,2,0,0,1.55,4.5,5.5,15:00,1.55,4.38,6.03,1.72,2.1,1.74,2.12,-1.0,1.9,1.97
2022/23,2022-09-03,Aston Villa,Man City,1,1,D,0,0,D,S Hooper,3,13,1,4,7,6,1,4,2,0,0,0,8.0,5.5,1.33,17:30,8.75,5.63,1.34,1.53,2.5,1.52,2.54,1.5,1.93,1.95
2022/23,2022-09-03,Everton,Liverpool,0,0,D,0,0,D,A Taylor,14,23,3,8,7,11,7,9,2,2,0,0,7.0,4.75,1.4,12:30,7.77,5.06,1.4,1.57,2.37,1.58,2.4,1.25,2.02,1.86
2022/23,2022-09-04,Brighton,Leicester,5,2,H,2,2,D,T Harrington,23,6,11,4,6,8,10,1,1,1,0,0,1.83,3.5,4.5,14:00,1.87,3.6,4.43,2.01,1.89,1.97,1.86,-0.5,1.86,2.02
2022/23,2022-09-04,Man United,Arsenal,3,1,H,1,0,H,P Tierney,10,16,6,3,13,9,2,5,3,3,0,0,2.5,3.5,2.7,16:30,2.61,3.55,2.67,1.66,2.2,1.7,2.18,0.0,1.91,1.97
2022/23,2022-09-16,Aston Villa,Southampton,1,0,H,1,0,H,T Harrington,11,7,3,1,13,13,6,3,3,1,0,0,2.1,3.5,3.5,20:00,2.1,3.55,3.53,1.88,2.02,1.84,1.99,-0.25,1.81,2.07
2022/23,2022-09-16,Nott'm Forest,Fulham,2,3,A,1,0,H,J Gillett,11,15,3,7,11,10,2,10,2,4,0,0,2.75,3.3,2.62,20:00,2.81,3.4,2.57,1.93,1.97,1.88,1.94,0.0,2.0,1.86
2022/23,2022-09-17,Newcastle,Bournemouth,1,1,D,0,0,D,C Pawson,20,10,7,3,10,11,8,1,2,2,0,0,1.44,4.4,7.5,15:00,1.47,4.47,7.39,1.87,2.03,1.82,2.01,-1.25,2.05,1.82
2022/23,2022-09-17,Tottenham,Leicester,6,2,H,2,2,D,S Hooper,16,19,11,7,9,9,6,1,1,2,0,0,1.45,4.5,7.0,17:30,1.49,4.59,6.7,1.57,2.37,1.59,2.39,-1.25,2.04,1.83
2022/23,2022-09-17,Wolves,Man City,0,3,A,0,2,A,A Taylor,6,16,1,7,7,9,5,7,2,1,1,0,9.5,5.0,1.33,12:30,9.25,5.47,1.34,1.57,2.37,1.58,2.39,1.5,1.92,1.95
2022/23,2022-09-18,Brentford,Arsenal,0,3,A,0,2,A,D Coote,5,13,2,7,10,10,3,3,0,2,0,0,4.2,3.8,1.8,12:00,4.3,3.91,1.81,1.66,2.2,1.68,2.21,0.75,1.84,2.04
2022/23,2022-09-18,Everton,West Ham,1,0,H,0,0,D,M Oliver,7,14,2,4,8,11,5,14,3,1,0,0,2.9,3.25,2.5,14:15,2.95,3.31,2.5,2.06,1.84,2.03,1.8,0.25,1.76,2.13
2022/23,2022-10-01,West Ham,Wolves,2,0,H,1,0,H,P Tierney,18,15,5,4,8,6,1,6,2,2,0,0,1.95,3.5,4.2,17:30,1.96,3.48,4.12,2.2,1.66,2.16,1.71,-0.5,1.95,1.91
2022/23,2022-10-01,Southampton,Everton,1,2,A,0,0,D,A Marriner,22,12,6,5,11,10,7,6,2,2,0,0,2.15,3.4,3.4,15:00,2.19,3.41,3.44,2.04,1.86,2.0,1.83,-0.25,1.87,2.0
2022/23,2022-10-01,Liverpool,Brighton,3,3,D,1,2,A,A Madley,15,6,7,6,9,13,9,2,1,1,0,0,1.33,5.25,8.5,15:00,1.37,5.33,8.25,1.53,2.5,1.56,2.46,-1.5,2.01,1.86
2022/23,2022-10-01,Bournemouth,Brentford,0,0,D,0,0,D,T Bramall,7,13,1,4,11,10,7,8,1,2,0,0,3.3,3.4,2.2,15:00,3.36,3.44,2.21,2.02,1.88,1.99,1.84,0.25,1.97,1.9
2022/23,2022-10-01,Crystal Palace,Chelsea,1,2,A,1,1,D,C Kavanagh,7,13,3,3,11,13,5,2,1,3,0,0,4.2,3.6,1.85,15:00,4.29,3.57,1.9,2.1,1.72,2.04,1.79,0.5,1.97,1.89
2022/23,2022-10-01,Arsenal,Tottenham,3,1,H,1,1,D,A Taylor,22,7,9,3,10,10,5,2,2,1,0,1,2.05,3.75,3.3,12:30,2.08,3.7,3.48,1.72,2.1,1.71,2.16,-0.5,2.06,1.82
2022/23,2022-10-01,Fulham,Newcastle,1,4,A,0,3,A,D England,3,19,1,10,9,10,1,8,2,0,1,0,3.0,3.4,2.37,15:00,3.04,3.46,2.37,1.91,1.99,1.88,1.94,0.25,1.84,2.03
2022/23,2022-10-02,Leeds,Aston Villa,0,0,D,0,0,D,S Attwell,9,19,1,7,23,12,2,9,3,2,1,0,2.35,3.4,3.0,16:30,2.36,3.46,3.03,1.8,2.0,1.82,2.01,-0.25,2.02,1.85
2022/23,2022-10-02,Man City,Man United,6,3,H,4,0,H,M Oliver,22,12,10,8,3,9,5,1,0,3,0,0,1.33,5.75,7.5,14:00,1.35,5.7,8.0,1.44,2.75,1.44,2.79,-1.5,1.92,1.94
2022/23,2022-10-03,Leicester,Nott'm Forest,4,0,H,3,0,H,R Jones,17,10,7,3,13,12,6,6,2,4,0,0,1.75,4.0,4.33,20:00,1.76,4.05,4.41,1.66,2.2,1.67,2.22,-0.75,1.96,1.9
2022/23,2022-10-08,Newcastle,Brentford,5,1,H,2,0,H,J Brooks,16,6,6,3,14,9,9,5,0,1,0,0,1.83,3.8,4.2,15:00,1.8,3.92,4.38,1.72,2.1,1.77,2.08,-0.75,2.02,1.87
2022/23,2022-10-08,Bournemouth,Leicester,2,1,H,0,1,A,M Salisbury,10,9,4,5,8,16,7,2,1,2,0,0,3.6,3.4,2.05,15:00,3.53,3.63,2.09,1.8,2.0,1.84,1.99,0.5,1.8,2.08
2022/23,2022-10-08,Brighton,Tottenham,0,1,A,0,1,A,T Harrington,14,8,4,3,9,14,6,2,1,2,0,0,2.8,3.4,2.5,17:30,2.76,3.47,2.58,1.88,2.02,1.86,1.98,0.0,2.01,1.87
2022/23,2022-10-08,Chelsea,Wolves,3,0,H,1,0,H,S Hooper,20,8,7,2,8,8,4,2,2,0,0,0,1.4,4.5,8.0,15:00,1.4,4.82,8.5,1.87,2.03,1.84,1.99,-1.25,1.91,1.97
2022/23,2022-10-08,Man City,Southampton,4,0,H,2,0,H,A Madley,21,5,8,0,4,8,9,1,0,1,0,0,1.11,10.0,17.0,15:00,1.12,10.3,21.15,1.25,4.0,1.25,3.9,-2.5,1.88,2.0
2022/23,2022-10-09,West Ham,Fulham,3,1,H,1,1,D,C Kavanagh,17,8,8,2,9,7,4,2,1,3,0,0,1.72,3.8,4.75,14:00,1.78,3.9,4.56,1.8,2.0,1.8,2.04,-0.75,1.99,1.89
2022/23,2022-10-09,Everton,Man United,1,2,A,1,2,A,D Coote,11,12,2,4,7,13,5,4,2,1,0,0,3.6,3.5,2.05,19:00,3.56,3.58,2.09,1.88,2.02,1.85,1.99,0.5,1.81,2.09
2022/23,2022-10-09,Crystal Palace,Leeds,2,1,H,1,1,D,P Tierney,13,10,5,4,13,23,5,3,3,3,0,0,2.05,3.5,3.6,14:00,2.07,3.62,3.57,1.86,2.04,1.85,1.99,-0.5,2.07,1.82
2022/23,2022-10-09,Arsenal,Liverpool,3,2,H,2,1,H,M Oliver,11,8,7,3,11,11,4,3,1,2,0,0,2.5,3.6,2.62,16:30,2.58,3.72,2.62,1.57,2.37,1.6,2.38,0.0,1.92,1.96
2022/23,2022-10-10,Nott'm Forest,Aston Villa,1,1,D,1,1,D,A Taylor,6,12,3,2,13,19,1,4,3,3,0,0,3.3,3.4,2.2,20:00,3.35,3.49,2.19,2.03,1.87,2.01,1.83,0.25,1.99,1.88
2022/23,2022-10-14,Brentford,Brighton,2,0,H,1,0,H,M Salisbury,7,21,3,7,12,15,2,11,3,1,0,0,3.1,3.4,2.3,20:00,3.21,3.44,2.3,1.97,1.93,1.93,1.89,0.25,1.9,1.97
2022/23,2022-10-15,Fulham,Bournemouth,2,2,D,1,2,A,G Scott,19,10,4,6,9,11,5,6,2,0,0,0,1.85,3.75,4.0,15:00,1.89,3.72,4.13,1.96,1.94,1.9,1.92,-0.5,1.89,1.98
2022/23,2022-10-15,Leicester,Crystal Palace,0,0,D,0,0,D,A Madley,14,8,5,1,18,13,9,2,2,2,0,0,2.3,3.4,3.1,12:30,2.31,3.49,3.12,1.89,2.01,1.85,1.98,-0.25,1.99,1.89
2022/23,2022-10-15,Tottenham,Everton,2,0,H,0,0,D,P Tierney,21,4,7,0,12,13,7,1,1,4,0,0,1.5,4.5,6.5,17:30,1.49,4.56,6.81,1.72,2.1,1.76,2.08,-1.25,2.09,1.8
2022/23,2022-10-15,Wolves,Nott'm Forest,1,0,H,0,0,D,T Bramall,9,10,2,2,17,13,4,5,2,2,0,0,1.7,3.75,5.0,15:00,1.72,3.81,5.13,2.06,1.84,2.02,1.82,-0.75,1.93,1.94
2022/23,2022-10-16,Southampton,West Ham,1,1,D,1,0,H,P Bankes,10,25,8,4,7,3,4,14,1,1,0,0,2.9,3.4,2.4,14:00,2.96,3.42,2.44,2.0,1.9,1.93,1.9,0.25,1.79,2.09
2022/23,2022-10-16,Man United,Newcastle,0,0,D,0,0,D,C Pawson,15,9,2,2,13,11,4,4,3,1,0,0,1.95,3.8,3.5,14:00,2.0,3.78,3.65,1.72,2.1,1.7,2.18,-0.5,1.99,1.88
2022/23,2022-10-16,Aston Villa,Chelsea,0,2,A,0,1,A,R Jones,18,8,7,4,12,11,7,1,0,3,0,0,4.33,3.75,1.8,14:00,4.54,3.69,1.82,2.03,1.87,1.98,1.83,0.75,1.81,2.07
2022/23,2022-10-16,Leeds,Arsenal,0,1,A,0,1,A,C Kavanagh,16,9,4,4,10,11,6,3,0,2,0,0,6.0,4.2,1.55,14:00,5.83,4.41,1.56,1.61,2.3,1.62,2.31,1.0,1.95,1.92
2022/23,2022-10-16,Liverpool,Man City,1,0,H,0,0,D,A Taylor,13,16,2,6,10,7,5,6,3,1,0,0,3.6,4.0,1.9,16:30,3.74,4.06,1.91,1.44,2.75,1.46,2.7,0.5,1.97,1.91
2022/23,2022-10-18,Brighton,Nott'm Forest,0,0,D,0,0,D,D England,19,3,7,0,10,14,9,1,3,1,0,0,1.4,4.75,7.0,19:30,1.4,4.91,8.19,1.72,2.1,1.76,2.09,-1.25,1.92,1.96
2022/23,2022-10-18,Crystal Palace,Wolves,2,1,H,0,1,A,D Coote,14,10,4,4,14,18,4,3,3,1,0,0,2.25,3.1,3.4,20:15,2.29,3.19,3.46,2.5,1.53,2.43,1.57,-0.25,1.94,1.93
2022/23,2022-10-19,Man United,Tottenham,2,0,H,0,0,D,S Hooper,28,9,10,2,7,7,8,3,1,0,0,0,2.45,3.5,2.75,20:15,2.45,3.57,2.86,1.72,2.1,1.73,2.13,-0.25,2.1,1.78
2022/23,2022-10-19,Newcastle,Everton,1,0,H,1,0,H,T Harrington,16,1,4,0,9,12,8,2,2,4,0,0,1.6,3.8,5.75,19:30,1.64,4.05,5.46,1.92,1.98,1.88,1.94,-1.0,2.11,1.78
2022/23,2022-10-19,Liverpool,West Ham,1,0,H,1,0,H,S Attwell,22,8,7,3,9,8,8,3,0,0,0,0,1.4,5.0,7.0,19:30,1.44,5.01,6.96,1.5,2.62,1.52,2.54,-1.25,1.93,1.94
2022/23,2022-10-19,Bournemouth,Southampton,0,1,A,0,1,A,J Brooks,15,9,3,3,8,13,7,3,1,3,0,0,2.62,3.3,2.62,19:30,2.72,3.33,2.69,2.0,1.8,2.05,1.78,0.0,1.94,1.92
2022/23,2022-10-19,Brentford,Chelsea,0,0,D,0,0,D,J Gillett,8,14,5,5,7,7,6,2,0,0,0,0,4.75,3.8,1.72,19:30,4.79,3.92,1.74,1.88,2.02,1.84,1.99,0.75,1.91,1.95
2022/23,2022-10-20,Fulham,Aston Villa,3,0,H,1,0,H,M Oliver,18,12,8,6,11,11,9,7,0,2,0,1,2.9,3.3,2.5,19:30,2.88,3.42,2.51,2.0,1.9,1.94,1.88,0.0,2.06,1.81
2022/23,2022-10-20,Leicester,Leeds,2,0,H,2,0,H,P Bankes,5,14,1,2,15,11,2,9,2,1,0,0,2.25,3.6,3.0,20:15,2.32,3.58,3.03,1.72,2.1,1.72,2.14,-0.25,2.01,1.86
2022/23,2022-10-22,Chelsea,Man United,1,1,D,0,0,D,S Attwell,6,13,2,6,8,10,6,4,1,4,0,0,2.05,3.5,3.5,17:30,2.14,3.51,3.5,1.91,1.99,1.87,1.96,-0.25,1.82,2.05
2022/23,2022-10-22,Everton,Crystal Palace,3,0,H,1,0,H,S Hooper,9,9,6,2,16,14,3,4,3,4,0,0,2.6,3.2,2.87,15:00,2.58,3.18,2.96,2.2,1.66,2.22,1.67,0.0,1.8,2.08
2022/23,2022-10-22,Man City,Brighton,3,1,H,2,0,H,C Pawson,10,8,4,2,11,12,7,3,1,3,0,0,1.2,7.0,13.0,15:00,1.21,6.94,14.36,1.44,2.75,1.47,2.68,-2.0,2.03,1.84
2022/23,2022-10-22,Nott'm Forest,Liverpool,1,0,H,0,0,D,P Tierney,10,15,7,7,14,8,2,11,2,1,0,0,11.0,6.0,1.25,12:30,11.31,6.19,1.26,1.5,2.62,1.5,2.61,1.75,1.9,1.96
2022/23,2022-10-23,Tottenham,Newcastle,1,2,A,0,2,A,J Gillett,17,13,5,5,12,6,6,7,4,2,0,0,2.05,3.5,3.5,16:30,2.09,3.58,3.53,1.92,1.98,1.87,1.96,-0.5,2.08,1.8
2022/23,2022-10-23,Aston Villa,Brentford,4,0,H,3,0,H,D England,19,12,11,3,14,11,7,6,1,0,0,0,2.1,3.5,3.5,14:00,2.14,3.5,3.49,1.94,1.96,1.9,1.92,-0.25,1.83,2.04
2022/23,2022-10-23,Leeds,Fulham,2,3,A,1,1,D,A Taylor,14,11,5,5,12,8,3,6,1,1,0,0,2.05,3.5,3.6,14:00,2.06,3.62,3.59,1.72,2.1,1.73,2.13,-0.5,2.05,1.83
2022/23,2022-10-23,Southampton,Arsenal,1,1,D,0,1,A,R Jones,10,12,3,3,11,8,9,4,2,1,0,0,6.0,4.0,1.57,14:00,5.78,4.27,1.58,1.66,2.2,1.67,2.22,1.0,1.9,1.96
2022/23,2022-10-23,Wolves,Leicester,0,4,A,0,2,A,M Oliver,21,5,5,4,10,13,9,2,2,1,0,0,2.25,3.25,3.25,14:00,2.3,3.38,3.24,2.0,1.9,1.95,1.88,-0.25,1.96,1.91
2022/23,2022-10-24,West Ham,Bournemouth,2,0,H,1,0,H,D Coote,20,5,4,3,9,11,5,0,0,2,0,0,1.55,4.0,6.0,20:00,1.55,4.16,6.2,2.01,1.89,1.93,1.89,-1.0,1.97,1.89
2022/23,2022-10-29,Leicester,Man City,0,1,A,0,0,D,R Jones,10,15,5,5,5,10,3,10,0,0,0,0,10.0,6.5,1.25,12:30,9.66,6.09,1.29,1.44,2.75,1.44,2.75,1.75,1.85,2.01
2022/23,2022-10-29,Liverpool,Leeds,1,2,A,1,1,D,M Oliver,22,14,10,6,9,3,14,5,0,1,0,0,1.3,6.0,9.0,19:45,1.3,6.07,9.16,1.36,3.2,1.35,3.13,-1.75,1.97,1.88
2022/23,2022-10-29,Newcastle,Aston Villa,4,0,H,1,0,H,P Tierney,20,3,7,0,11,11,3,0,1,1,0,0,1.8,3.75,4.5,15:00,1.83,3.73,4.41,1.94,1.96,1.91,1.9,-0.75,2.06,1.81
2022/23,2022-10-29,Fulham,Everton,0,0,D,0,0,D,J Brooks,24,9,6,4,10,8,13,4,2,1,0,0,2.37,3.4,3.0,17:30,2.36,3.43,3.07,1.87,2.03,1.84,1.97,-0.25,2.02,1.85
2022/23,2022-10-29,Bournemouth,Tottenham,2,3,A,1,0,H,A Taylor,6,23,4,7,10,5,2,19,1,2,0,0,5.0,3.8,1.7,15:00,5.1,3.91,1.69,1.96,1.94,1.9,1.91,0.75,1.98,1.88
2022/23,2022-10-29,Brighton,Chelsea,4,1,H,3,0,H,A Madley,19,15,9,7,16,6,8,7,1,2,0,0,3.0,3.3,2.4,15:00,3.03,3.34,2.41,2.1,1.72,2.04,1.78,0.25,1.82,2.05
2022/23,2022-10-29,Brentford,Wolves,1,1,D,0,0,D,R Madley,12,14,3,4,10,17,3,6,3,3,0,1,2.2,3.4,3.3,15:00,2.2,3.46,3.33,2.01,1.89,1.96,1.86,-0.25,1.88,1.98
2022/23,2022-10-29,Crystal Palace,Southampton,1,0,H,1,0,H,M Salisbury,12,14,3,4,13,12,8,4,3,3,0,0,1.9,3.6,4.0,15:00,1.95,3.57,4.03,2.06,1.84,2.03,1.8,-0.5,1.95,1.92
2022/23,2022-10-30,Arsenal,Nott'm Forest,5,0,H,1,0,H,S Hooper,24,5,10,2,9,8,9,4,0,1,0,0,1.2,7.0,12.0,14:00,1.2,6.96,14.82,1.5,2.62,1.5,2.57,-2.0,2.01,1.85
2022/23,2022-10-30,Man United,West Ham,1,0,H,1,0,H,C Kavanagh,16,13,3,5,12,10,5,10,1,3,0,0,1.66,4.0,4.8,16:15,1.7,4.02,4.85,1.86,2.04,1.81,2.01,-0.75,1.9,1.97
2022/23,2022-11-05,Everton,Leicester,0,2,A,0,1,A,D Coote,12,22,2,8,9,5,8,3,0,0,0,0,2.4,3.3,3.0,17:30,2.43,3.33,3.03,2.0,1.8,2.02,1.81,-0.25,2.08,1.81
2022/23,2022-11-05,Leeds,Bournemouth,4,3,H,1,2,A,T Harrington,18,9,4,6,16,10,13,3,2,2,0,0,1.72,3.8,4.75,15:00,1.74,3.93,4.73,1.8,2.0,1.79,2.05,-0.75,1.94,1.93
2022/23,2022-11-05,Man City,Fulham,2,1,H,1,1,D,D England,16,4,5,2,6,11,9,0,2,4,1,0,1.11,9.5,19.0,15:00,1.13,9.74,19.8,1.28,3.75,1.27,3.79,-2.5,1.96,1.91
2022/23,2022-11-05,Nott'm Forest,Brentford,2,2,D,1,1,D,A Marriner,15,6,7,2,10,11,3,3,2,2,0,0,2.75,3.3,2.6,15:00,2.78,3.39,2.59,2.03,1.87,1.99,1.84,0.0,1.99,1.87
2022/23,2022-11-05,Wolves,Brighton,2,3,A,2,2,D,G Scott,8,19,5,8,15,11,4,9,2,0,1,0,3.3,3.3,2.25,15:00,3.39,3.33,2.24,2.1,1.72,2.1,1.75,0.25,1.94,1.92
2022/23,2022-11-06,West Ham,Crystal Palace,1,2,A,1,1,D,P Tierney,5,15,2,6,10,7,2,5,1,1,0,0,1.9,3.4,4.2,14:00,1.94,3.49,4.18,2.1,1.72,2.1,1.75,-0.5,1.94,1.93
2022/23,2022-11-06,Tottenham,Liverpool,1,2,A,0,2,A,A Madley,14,13,5,6,10,8,5,3,0,0,0,0,3.3,3.6,2.1,16:30,3.28,3.67,2.16,1.66,2.2,1.68,2.19,0.25,1.99,1.87
2022/23,2022-11-06,Southampton,Newcastle,1,4,A,0,1,A,S Attwell,16,7,5,4,7,10,8,2,1,0,0,0,4.0,3.6,1.9,14:00,4.02,3.66,1.92,1.95,1.95,1.9,1.92,0.5,1.94,1.92
2022/23,2022-11-06,Aston Villa,Man United,3,1,H,2,1,H,A Taylor,6,8,4,3,6,12,3,5,3,3,0,0,3.3,3.8,2.1,14:00,3.39,3.54,2.15,1.94,1.96,1.88,1.94,0.25,2.0,1.86
2022/23,2022-11-06,Chelsea,Arsenal,0,1,A,0,0,D,M Oliver,5,14,1,2,20,13,4,6,5,2,0,0,2.55,3.4,2.7,12:00,2.64,3.42,2.7,1.93,1.97,1.89,1.94,0.0,1.92,1.95
2022/23,2022-11-12,Bournemouth,Everton,3,0,H,2,0,H,C Pawson,16,15,9,3,12,8,3,5,2,0,0,0,2.8,3.25,2.6,15:00,2.86,3.25,2.6,2.1,1.72,2.15,1.72,0.0,2.02,1.84
2022/23,2022-11-12,Liverpool,Southampton,3,1,H,3,1,H,S Hooper,15,9,7,5,8,8,6,0,0,2,0,0,1.25,6.5,11.0,15:00,1.25,6.52,11.38,1.4,3.0,1.41,2.91,-1.75,1.86,2.01
2022/23,2022-11-12,Man City,Brentford,1,2,A,1,1,D,P Bankes,29,10,6,8,9,7,10,2,2,2,0,0,1.14,8.0,17.0,12:30,1.14,8.92,19.14,1.36,3.2,1.34,3.24,-2.25,1.87,1.99
2022/23,2022-11-12,Newcastle,Chelsea,1,0,H,0,0,D,R Jones,10,5,3,2,14,11,5,3,3,2,0,0,2.35,3.4,3.0,17:30,2.33,3.44,3.11,1.98,1.92,1.93,1.9,-0.25,2.0,1.87
2022/23,2022-11-12,Nott'm Forest,Crystal Palace,1,0,H,0,0,D,J Brooks,9,8,2,0,11,13,1,5,1,4,0,0,3.1,3.1,2.45,15:00,3.12,3.24,2.43,2.2,1.66,2.18,1.69,0.25,1.82,2.05
2022/23,2022-11-12,Tottenham,Leeds,4,3,H,1,2,A,M Salisbury,14,12,8,5,8,7,9,2,1,1,0,1,1.65,4.2,4.75,15:00,1.64,4.26,5.04,1.61,2.3,1.61,2.33,-1.0,2.08,1.8
2022/23,2022-11-12,West Ham,Leicester,0,2,A,0,1,A,J Gillett,18,9,6,6,9,8,7,2,3,1,0,0,2.05,3.4,3.75,15:00,2.09,3.51,3.6,1.99,1.91,1.93,1.89,-0.25,1.8,2.07
2022/23,2022-11-12,Wolves,Arsenal,0,2,A,0,0,D,S Attwell,11,14,2,4,5,6,6,4,3,2,0,0,6.0,4.2,1.55,19:45,6.15,4.26,1.55,1.8,2.0,1.78,2.05,1.0,1.93,1.93
2022/23,2022-11-13,Fulham,Man United,1,2,A,0,1,A,P Tierney,14,14,7,9,9,10,10,3,1,1,0,0,3.8,3.8,1.9,16:30,3.91,3.88,1.89,1.61,2.3,1.63,2.28,0.5,1.97,1.89
2022/23,2022-11-13,Brighton,Aston Villa,1,2,A,1,1,D,C Kavanagh,7,8,2,2,14,11,11,4,2,7,0,0,1.83,3.75,4.2,14:00,1.86,3.71,4.21,1.96,1.94,1.91,1.91,-0.5,1.87,2.0
2022/23,2022-12-26,Leicester,Newcastle,0,3,A,0,3,A,J Gillett,8,12,2,5,9,6,5,5,0,0,0,0,3.25,3.5,2.2,15:00,3.24,3.54,2.21,1.86,2.04,1.83,2.0,0.25,1.94,1.92
2022/23,2022-12-26,Brentford,Tottenham,2,2,D,1,0,H,D Coote,9,16,5,8,11,10,6,5,3,1,0,0,4.0,3.6,1.91,12:30,3.85,3.74,1.95,1.8,2.0,1.8,2.01,0.5,1.92,1.95
2022/23,2022-12-26,Southampton,Brighton,1,3,A,0,2,A,R Jones,14,7,4,4,9,10,4,2,1,2,0,0,3.3,3.5,2.15,15:00,3.4,3.51,2.15,1.94,1.96,1.89,1.89,0.25,2.01,1.85
2022/23,2022-12-26,Everton,Wolves,1,2,A,1,1,D,C Pawson,12,7,6,4,9,22,2,2,1,6,0,0,2.3,3.25,3.2,15:00,2.35,3.25,3.24,2.2,1.67,2.2,1.68,-0.25,2.0,1.88
2022/23,2022-12-26,Arsenal,West Ham,3,1,H,0,1,A,M Oliver,16,8,5,4,13,17,7,5,0,2,0,0,1.5,4.33,6.5,20:00,1.51,4.39,6.52,1.73,2.1,1.77,2.07,-1.0,1.87,2.01
2022/23,2022-12-26,Aston Villa,Liverpool,1,3,A,0,2,A,P Tierney,12,16,6,9,7,12,0,6,0,0,0,0,4.75,4.0,1.7,17:30,4.51,4.04,1.75,1.67,2.2,1.65,2.27,0.75,1.91,1.95
2022/23,2022-12-26,Crystal Palace,Fulham,0,3,A,0,1,A,A Madley,4,23,0,11,12,15,1,8,0,0,2,0,2.05,3.6,3.5,15:00,2.07,3.55,3.58,2.02,1.88,1.97,1.85,-0.5,2.06,1.82
2022/23,2022-12-27,Chelsea,Bournemouth,2,0,H,2,0,H,S Hooper,15,9,5,4,8,10,6,8,0,0,0,0,1.3,5.5,10.0,17:30,1.32,5.46,9.72,1.67,2.2,1.66,2.23,-1.5,1.96,1.91
2022/23,2022-12-27,Man United,Nott'm Forest,3,0,H,2,0,H,A Taylor,17,8,8,3,13,4,9,9,3,1,0,0,1.29,5.5,11.0,20:00,1.31,5.51,10.4,1.67,2.2,1.64,2.27,-1.5,1.92,1.95
2022/23,2022-12-28,Leeds,Man City,1,3,A,0,1,A,S Attwell,9,26,1,9,11,14,3,5,3,3,0,0,9.5,6.0,1.29,20:00,9.46,5.99,1.3,1.44,2.75,1.43,2.83,1.75,1.85,2.02
2022/23,2022-12-30,Liverpool,Leicester,2,1,H,2,1,H,C Pawson,21,7,5,2,8,15,4,5,0,1,0,0,1.29,6.0,9.5,20:00,1.3,6.03,9.64,1.44,2.75,1.44,2.8,-1.75,2.01,1.86
2022/23,2022-12-30,West Ham,Brentford,0,2,A,0,2,A,D England,20,9,5,6,9,5,8,1,1,0,0,0,2.0,3.6,3.6,19:45,2.06,3.59,3.64,1.98,1.95,1.93,1.89,-0.5,2.05,1.83
2022/23,2022-12-31,Bournemouth,Crystal Palace,0,2,A,0,2,A,A Marriner,6,15,2,6,17,11,2,7,4,1,0,0,2.8,3.3,2.5,15:00,2.91,3.27,2.55,2.1,1.73,2.13,1.73,0.0,2.07,1.81
2022/23,2022-12-31,Brighton,Arsenal,2,4,A,0,2,A,A Taylor,9,14,5,7,7,11,7,4,3,3,0,0,3.4,3.5,2.1,17:30,3.46,3.56,2.12,1.89,2.04,1.84,2.0,0.25,2.04,1.83
2022/23,2022-12-31,Fulham,Southampton,2,1,H,1,0,H,G Scott,8,9,2,3,8,13,4,4,0,1,0,0,1.95,3.6,3.75,15:00,2.02,3.57,3.77,1.73,2.1,1.74,2.11,-0.5,2.01,1.86
2022/23,2022-12-31,Man City,Everton,1,1,D,1,0,H,A Madley,16,2,3,1,13,14,7,1,3,4,0,0,1.13,9.0,19.0,15:00,1.14,8.61,21.51,1.36,3.2,1.38,3.04,-2.5,2.07,1.82
2022/23,2022-12-31,Newcastle,Leeds,0,0,D,0,0,D,S Hooper,16,8,5,1,13,19,9,3,3,5,0,0,1.45,4.5,7.0,15:00,1.47,4.73,6.73,1.62,2.3,1.64,2.29,-1.25,2.01,1.87
2022/23,2022-12-31,Wolves,Man United,0,1,A,0,0,D,R Jones,10,16,3,6,11,11,7,5,1,3,0,0,4.0,3.6,1.91,12:30,4.09,3.64,1.92,2.03,1.9,1.97,1.86,0.5,1.95,1.92
2022/23,2023-01-01,Tottenham,Aston Villa,0,2,A,0,0,D,J Brooks,6,13,2,4,15,10,5,3,4,3,0,0,1.67,4.0,5.0,14:00,1.68,4.06,4.94,1.8,2.0,1.77,2.06,-0.75,1.86,2.02
2022/23,2023-01-01,Nott'm Forest,Chelsea,1,1,D,0,1,A,P Bankes,12,7,5,2,16,14,1,2,2,2,0,0,5.0,3.8,1.7,16:30,5.21,3.88,1.69,2.02,1.91,1.96,1.85,0.75,1.98,1.88
2022/23,2023-01-02,Brentford,Liverpool,3,1,H,2,0,H,S Attwell,10,16,7,6,5,8,4,9,1,3,0,0,5.5,4.33,1.55,17:30,5.65,4.52,1.56,1.57,2.38,1.6,2.37,1.0,1.96,1.9
2022/23,2023-01-03,Arsenal,Newcastle,0,0,D,0,0,D,A Madley,17,8,4,1,10,16,5,5,4,4,0,0,1.8,3.8,4.33,19:45,1.82,3.83,4.39,1.8,2.0,1.8,2.04,-0.75,2.04,1.84
2022/23,2023-01-03,Everton,Brighton,1,4,A,0,1,A,A Marriner,10,19,4,8,8,10,5,2,3,1,0,0,3.5,3.5,2.1,19:45,3.56,3.46,2.13,2.02,1.88,1.99,1.84,0.25,2.05,1.82
2022/23,2023-01-03,Leicester,Fulham,0,1,A,0,1,A,D Bond,15,11,6,2,12,11,6,3,2,6,0,0,2.2,3.6,3.1,19:45,2.23,3.63,3.16,1.73,2.1,1.74,2.11,-0.25,1.93,1.94
2022/23,2023-01-03,Man United,Bournemouth,3,0,H,1,0,H,M Salisbury,18,7,6,4,13,7,6,5,0,3,0,0,1.29,5.5,11.0,20:00,1.29,5.94,10.56,1.53,2.5,1.54,2.48,-1.75,2.03,1.85
2022/23,2023-01-04,Aston Villa,Wolves,1,1,D,0,1,A,J Gillett,13,10,4,3,6,12,7,8,1,3,0,0,1.95,3.6,4.0,20:00,1.99,3.57,3.86,2.08,1.82,2.05,1.78,-0.5,1.97,1.9
2022/23,2023-01-04,Crystal Palace,Tottenham,0,4,A,0,0,D,M Oliver,19,14,4,6,11,8,10,4,1,2,0,0,3.4,3.5,2.15,20:00,3.34,3.48,2.19,1.92,1.98,1.88,1.93,0.25,1.97,1.89
2022/23,2023-01-04,Leeds,West Ham,2,2,D,1,1,D,D Coote,14,15,6,2,11,18,8,1,3,1,0,0,2.6,3.5,2.6,19:45,2.62,3.52,2.65,1.8,2.0,1.79,2.04,0.0,1.92,1.94
2022/23,2023-01-04,Southampton,Nott'm Forest,0,1,A,0,1,A,T Bramall,8,11,0,1,14,17,6,2,2,2,0,0,2.0,3.5,3.8,19:30,2.03,3.46,3.82,2.06,1.84,2.02,1.8,-0.5,2.03,1.84
2022/23,2023-01-05,Chelsea,Man City,0,1,A,0,0,D,P Tierney,8,12,2,3,9,9,3,2,2,0,0,0,5.0,4.0,1.67,20:00,5.17,4.03,1.66,1.8,2.0,1.79,2.04,0.75,2.03,1.83
2022/23,2023-01-12,Fulham,Chelsea,2,1,H,1,0,H,D Coote,8,20,3,10,12,16,5,7,4,3,0,1,3.3,3.5,2.15,20:00,3.36,3.54,2.18,1.87,2.03,1.82,2.01,0.25,2.0,1.87
2022/23,2023-01-13,Aston Villa,Leeds,2,1,H,1,0,H,M Oliver,11,16,5,4,12,8,0,11,2,2,0,0,1.91,3.6,4.0,20:00,1.94,3.63,4.02,1.8,2.0,1.79,2.06,-0.5,1.94,1.94
2022/23,2023-01-14,Man United,Man City,2,1,H,0,0,D,S Attwell,8,5,4,1,15,5,1,2,3,0,0,0,4.2,3.6,1.85,12:30,4.21,3.9,1.84,1.73,2.1,1.7,2.19,0.5,2.04,1.83
2022/23,2023-01-14,Wolves,West Ham,1,0,H,0,0,D,S Hooper,17,16,4,4,10,7,4,3,0,2,0,0,2.63,3.3,2.7,15:00,2.7,3.27,2.75,2.2,1.67,2.22,1.68,0.0,1.91,1.96
2022/23,2023-01-14,Nott'm Forest,Leicester,2,0,H,0,0,D,P Tierney,15,6,5,1,11,12,3,5,1,2,0,0,2.7,3.3,2.63,15:00,2.72,3.4,2.65,2.03,1.87,1.99,1.85,0.0,1.95,1.92
2022/23,2023-01-14,Everton,Southampton,1,2,A,1,0,H,J Brooks,12,13,4,5,7,19,6,4,0,3,0,0,2.25,3.25,3.3,15:00,2.25,3.39,3.32,2.1,1.73,2.1,1.76,-0.25,1.93,1.94
2022/23,2023-01-14,Brentford,Bournemouth,2,0,H,1,0,H,J Gillett,12,7,4,2,5,9,5,3,1,1,0,0,1.65,4.0,5.25,17:30,1.66,4.09,5.2,1.8,2.0,1.81,2.02,-0.75,1.82,2.06
2022/23,2023-01-14,Brighton,Liverpool,3,0,H,0,0,D,D England,16,6,9,2,8,15,7,1,1,3,0,0,3.4,3.6,2.1,15:00,3.31,3.76,2.12,1.57,2.38,1.58,2.4,0.25,2.02,1.85
2022/23,2023-01-15,Chelsea,Crystal Palace,1,0,H,0,0,D,P Bankes,15,10,5,5,10,17,11,7,2,5,0,0,1.62,4.0,5.25,14:00,1.66,3.93,5.47,2.02,1.88,1.98,1.85,-0.75,1.85,2.03
2022/23,2023-01-15,Newcastle,Fulham,1,0,H,0,0,D,R Jones,20,5,5,0,6,14,10,5,1,3,0,0,1.5,4.33,6.5,14:00,1.52,4.42,6.32,1.73,2.1,1.74,2.12,-1.0,1.86,2.01
2022/23,2023-01-15,Tottenham,Arsenal,0,2,A,0,2,A,C Pawson,17,14,7,5,16,15,4,3,4,2,0,0,3.1,3.6,2.2,16:30,3.24,3.63,2.18,1.8,2.0,1.79,2.04,0.25,1.97,1.89
2022/23,2023-01-18,Crystal Palace,Man United,1,1,D,0,1,A,R Jones,10,15,5,4,9,10,3,3,1,2,0,0,4.5,3.6,1.8,20:00,4.56,3.78,1.8,1.97,1.93,1.93,1.9,0.75,1.84,2.02
2022/23,2023-01-19,Man City,Tottenham,4,2,H,0,2,A,S Hooper,16,9,6,3,10,14,8,3,1,2,0,0,1.36,5.0,8.5,20:00,1.37,5.41,8.06,1.53,2.5,1.53,2.51,-1.5,2.0,1.88
2022/23,2023-01-21,Bournemouth,Nott'm Forest,1,1,D,1,0,H,A Madley,16,20,4,5,10,7,4,6,1,2,0,0,2.75,3.1,2.75,15:00,2.76,3.18,2.76,2.3,1.62,2.28,1.65,0.0,1.92,1.94
2022/23,2023-01-21,Crystal Palace,Newcastle,0,0,D,0,0,D,C Pawson,6,16,1,7,13,7,3,15,4,2,0,0,4.4,3.5,1.85,17:30,4.4,3.58,1.88,2.1,1.73,2.14,1.73,0.5,2.0,1.88
2022/23,2023-01-21,Leicester,Brighton,2,2,D,1,1,D,T Bramall,9,13,2,4,9,9,5,6,0,1,0,0,3.6,3.5,2.05,15:00,3.51,3.65,2.08,1.86,2.04,1.83,2.01,0.5,1.81,2.07
2022/23,2023-01-21,Liverpool,Chelsea,0,0,D,0,0,D,M Oliver,15,11,3,2,16,9,5,5,3,1,0,0,1.85,3.75,4.0,12:30,1.89,3.82,4.08,1.73,2.1,1.71,2.18,-0.5,1.88,2.0
2022/23,2023-01-21,Southampton,Aston Villa,0,1,A,0,0,D,M Salisbury,8,16,5,5,19,9,2,2,1,2,0,0,2.88,3.25,2.55,15:00,2.88,3.38,2.53,2.1,1.73,2.03,1.8,0.0,2.06,1.82
2022/23,2023-01-21,West Ham,Everton,2,0,H,2,0,H,S Attwell,11,5,4,2,9,6,4,9,1,1,0,0,1.8,3.75,4.75,15:00,1.8,3.68,4.76,2.1,1.73,2.08,1.77,-0.75,2.03,1.85
2022/23,2023-01-22,Man City,Wolves,3,0,H,1,0,H,D Coote,13,10,7,1,10,10,5,7,1,2,0,0,1.2,8.0,11.0,14:00,1.2,7.38,14.81,1.5,2.63,1.49,2.62,-2.0,1.95,1.92
2022/23,2023-01-22,Arsenal,Man United,3,2,H,1,1,D,A Taylor,25,6,5,4,8,9,12,4,1,2,0,0,1.8,3.8,4.2,16:30,1.86,3.86,4.08,1.73,2.1,1.7,2.17,-0.5,1.86,2.02
2022/23,2023-01-22,Leeds,Brentford,0,0,D,0,0,D,P Bankes,9,6,5,0,10,18,2,3,2,2,0,0,2.38,3.6,2.88,14:00,2.38,3.67,2.89,1.67,2.2,1.68,2.21,-0.25,2.05,1.83
2022/23,2023-01-23,Fulham,Tottenham,0,1,A,0,1,A,P Tierney,10,10,5,3,10,10,3,8,1,3,0,0,3.3,3.6,2.1,20:00,3.25,3.75,2.13,1.73,2.1,1.73,2.13,0.25,2.0,1.86
2022/23,2023-02-03,Chelsea,Fulham,0,0,D,0,0,D,S Attwell,12,10,3,4,16,12,6,2,1,4,0,0,1.62,4.0,5.25,20:00,1.64,4.05,5.55,1.91,1.99,1.88,1.95,-1.0,2.09,1.8
2022/23,2023-02-04,Aston Villa,Leicester,2,4,A,2,3,A,D England,19,9,4,5,10,10,11,3,0,2,0,0,1.95,3.6,3.8,15:00,1.99,3.64,3.83,1.94,1.96,1.91,1.92,-0.5,1.98,1.9
2022/23,2023-02-04,Brentford,Southampton,3,0,H,2,0,H,D Bond,14,14,4,6,10,9,4,4,1,2,0,0,1.85,3.6,4.2,15:00,1.89,3.64,4.21,2.04,1.86,1.99,1.84,-0.5,1.89,1.99
2022/23,2023-02-04,Brighton,Bournemouth,1,0,H,0,0,D,C Pawson,20,12,6,2,14,7,7,3,3,1,0,0,1.33,5.25,8.5,15:00,1.35,5.22,9.18,1.73,2.1,1.71,2.18,-1.5,2.03,1.86
2022/23,2023-02-04,Everton,Arsenal,1,0,H,0,0,D,D Coote,12,15,4,3,13,8,7,5,4,1,0,0,8.5,4.5,1.4,12:30,8.22,4.75,1.41,1.87,2.03,1.84,1.99,1.25,1.93,1.94
2022/23,2023-02-04,Man United,Crystal Palace,2,1,H,1,0,H,A Marriner,14,10,5,3,9,9,5,5,1,2,1,0,1.4,4.75,8.0,15:00,1.4,4.83,8.33,1.88,2.02,1.85,1.99,-1.25,1.92,1.95
2022/23,2023-02-04,Newcastle,West Ham,1,1,D,1,1,D,P Bankes,8,10,2,1,11,13,4,2,2,1,0,0,1.6,3.8,6.0,17:30,1.62,3.92,6.03,2.0,1.8,2.06,1.78,-0.75,1.78,2.11
2022/23,2023-02-04,Wolves,Liverpool,3,0,H,2,0,H,P Tierney,12,22,6,4,9,7,2,7,1,1,0,0,4.0,3.8,1.85,15:00,4.02,3.85,1.88,1.8,2.0,1.79,2.05,0.5,1.99,1.89
2022/23,2023-02-05,Tottenham,Man City,1,0,H,1,0,H,A Madley,12,15,3,5,19,14,4,6,2,3,1,0,4.33,4.2,1.73,16:30,4.43,4.16,1.75,1.67,2.2,1.64,2.27,0.75,1.92,1.94
2022/23,2023-02-05,Nott'm Forest,Leeds,1,0,H,1,0,H,R Jones,6,10,2,4,15,14,0,2,4,2,0,0,2.63,3.3,2.7,14:00,2.64,3.43,2.71,1.94,1.96,1.91,1.93,0.0,1.9,1.97
2022/23,2023-02-08,Man United,Leeds,2,2,D,0,1,A,S Hooper,24,8,7,2,7,11,6,5,1,3,0,0,1.45,5.0,6.0,20:00,1.47,4.83,6.54,1.57,2.38,1.6,2.37,-1.25,2.02,1.86
2022/23,2023-02-11,Leicester,Tottenham,4,1,H,3,1,H,M Salisbury,15,11,7,4,14,9,1,5,5,2,0,0,3.4,3.6,2.1,15:00,3.39,3.64,2.13,1.73,2.1,1.75,2.11,0.25,2.03,1.85
2022/23,2023-02-11,Southampton,Wolves,1,2,A,1,0,H,J Gillett,17,11,2,2,12,14,5,2,2,2,0,1,2.9,3.2,2.55,15:00,3.03,3.18,2.54,2.3,1.62,2.29,1.64,0.0,2.12,1.78
2022/23,2023-02-11,Fulham,Nott'm Forest,2,0,H,1,0,H,A Madley,16,10,3,1,9,11,5,4,0,1,0,0,1.91,3.5,4.33,15:00,1.93,3.56,4.22,2.1,1.73,2.06,1.78,-0.5,1.91,1.96
2022/23,2023-02-11,West Ham,Chelsea,1,1,D,1,1,D,C Pawson,10,12,2,4,9,11,5,6,1,1,0,0,3.3,3.3,2.25,12:30,3.4,3.29,2.27,2.2,1.67,2.24,1.67,0.25,1.93,1.94
2022/23,2023-02-11,Bournemouth,Newcastle,1,1,D,1,1,D,S Attwell,11,15,5,7,8,10,4,6,2,3,0,0,6.5,4.0,1.53,17:30,6.39,4.06,1.57,2.04,1.86,2.02,1.83,1.0,1.88,1.99
2022/23,2023-02-11,Crystal Palace,Brighton,1,1,D,0,0,D,M Oliver,6,17,1,7,10,11,1,6,4,1,0,0,3.8,3.5,2.0,15:00,3.81,3.51,2.04,2.0,1.8,2.05,1.79,0.5,1.85,2.04
2022/23,2023-02-11,Arsenal,Brentford,1,1,D,0,0,D,P Bankes,23,9,7,2,9,9,7,4,0,2,0,0,1.44,4.75,7.0,15:00,1.45,4.72,7.52,1.73,2.1,1.73,2.14,-1.25,1.97,1.91
2022/23,2023-02-12,Leeds,Man United,0,2,A,0,0,D,P Tierney,16,11,6,5,10,13,7,3,2,1,0,0,3.75,3.8,1.91,14:00,3.86,3.85,1.92,1.67,2.2,1.65,2.27,0.5,1.96,1.92
2022/23,2023-02-12,Man City,Aston Villa,3,1,H,3,0,H,R Jones,17,6,9,2,13,14,8,4,1,2,0,0,1.25,6.5,11.0,16:30,1.25,6.59,11.89,1.5,2.63,1.49,2.62,-1.75,1.89,1.99
2022/23,2023-02-13,Liverpool,Everton,2,0,H,1,0,H,S Hooper,15,6,6,1,8,16,3,3,1,3,0,0,1.5,4.33,6.5,20:00,1.53,4.38,6.23,1.73,2.1,1.78,2.06,-1.0,1.87,2.0
2022/23,2023-02-15,Arsenal,Man City,1,3,A,1,1,D,A Taylor,10,9,1,6,11,15,1,3,2,3,0,0,2.9,3.5,2.35,19:30,2.93,3.51,2.42,1.88,2.02,1.85,1.99,0.25,1.81,2.08
2022/23,2023-02-18,Wolves,Bournemouth,0,1,A,0,0,D,M Salisbury,15,5,4,1,12,10,12,2,3,3,0,0,1.67,3.6,6.0,15:00,1.68,3.81,5.53,2.1,1.73,2.08,1.76,-0.75,1.87,2.0
2022/23,2023-02-18,Nott'm Forest,Man City,1,1,D,0,1,A,G Scott,4,26,1,6,8,6,0,10,1,0,0,0,8.5,5.5,1.3,15:00,10.01,5.62,1.31,1.62,2.3,1.64,2.28,1.5,1.97,1.9
2022/23,2023-02-18,Newcastle,Liverpool,0,2,A,0,2,A,A Taylor,14,13,4,7,3,8,6,7,1,1,1,0,2.5,3.5,2.7,17:30,2.57,3.51,2.75,1.8,2.0,1.79,2.04,0.0,1.88,2.01
2022/23,2023-02-18,Everton,Leeds,1,0,H,0,0,D,A Madley,15,8,6,0,8,6,6,4,2,3,0,0,2.4,3.3,3.0,15:00,2.48,3.31,2.99,2.1,1.73,2.08,1.77,-0.25,2.12,1.78
2022/23,2023-02-18,Brighton,Fulham,0,1,A,0,0,D,D England,21,5,7,2,12,14,10,2,0,5,0,0,1.65,3.8,5.5,15:00,1.67,4.06,5.15,1.73,2.1,1.75,2.11,-0.75,1.84,2.04
2022/23,2023-02-18,Brentford,Crystal Palace,1,1,D,0,0,D,P Tierney,12,10,5,4,10,8,2,6,2,2,0,0,1.83,3.5,4.5,15:00,1.86,3.54,4.59,2.1,1.73,2.14,1.72,-0.5,1.86,2.03
2022/23,2023-02-18,Aston Villa,Arsenal,2,4,A,2,1,H,S Hooper,7,20,5,5,13,4,2,9,2,1,0,0,4.5,3.6,1.5,12:30,4.43,3.71,1.84,2.02,1.88,1.98,1.86,0.5,2.04,1.85
2022/23,2023-02-18,Chelsea,Southampton,0,1,A,0,1,A,D Coote,17,8,5,5,16,24,8,2,3,6,0,0,1.4,4.75,8.5,15:00,1.38,4.76,9.42,1.98,1.92,1.93,1.9,-1.25,1.88,1.99
2022/23,2023-02-19,Man United,Leicester,3,0,H,1,0,H,S Attwell,26,19,8,3,9,9,6,6,0,2,0,0,1.62,4.33,5.25,14:00,1.62,4.32,5.22,1.62,2.3,1.62,2.32,-1.0,2.04,1.84
2022/23,2023-02-19,Tottenham,West Ham,2,0,H,0,0,D,M Oliver,16,6,6,1,16,10,4,7,2,1,0,0,1.75,3.6,4.75,16:30,1.83,3.76,4.39,1.88,2.02,1.84,1.99,-0.5,1.82,2.05
2022/23,2023-02-24,Fulham,Wolves,1,1,D,0,1,A,M Oliver,10,8,5,2,12,17,4,3,2,0,0,0,2.5,3.2,3.0,20:00,2.54,3.22,3.0,2.2,1.67,2.23,1.67,0.0,1.79,2.11
2022/23,2023-02-25,Leicester,Arsenal,0,1,A,0,0,D,C Pawson,1,10,0,2,14,9,0,8,0,1,0,0,4.75,4.0,1.7,15:00,4.73,4.09,1.71,1.67,2.2,1.67,2.23,0.75,1.98,1.9
2022/23,2023-02-25,West Ham,Nott'm Forest,4,0,H,0,0,D,J Gillett,18,8,5,3,8,5,12,3,0,0,0,0,1.75,3.6,5.0,15:00,1.78,3.61,4.97,2.2,1.67,2.17,1.71,-0.75,2.02,1.87
2022/23,2023-02-25,Leeds,Southampton,1,0,H,0,0,D,P Bankes,14,8,4,2,15,13,9,2,2,4,0,0,1.95,3.5,4.0,15:00,1.99,3.57,3.89,2.05,1.85,2.01,1.82,-0.5,1.99,1.89
2022/23,2023-02-25,Bournemouth,Man City,1,4,A,0,3,A,P Tierney,13,20,2,5,10,9,4,6,2,2,0,0,10.0,5.75,1.29,17:30,10.21,5.81,1.3,1.57,2.38,1.56,2.45,1.5,2.06,1.82
2022/23,2023-02-25,Crystal Palace,Liverpool,0,0,D,0,0,D,D England,6,12,0,4,11,14,5,3,2,5,0,0,4.75,3.8,1.73,19:45,4.7,3.93,1.74,1.85,2.05,1.82,2.02,0.75,1.92,1.96
2022/23,2023-02-25,Everton,Aston Villa,0,2,A,0,0,D,A Taylor,15,9,5,5,12,12,5,1,2,1,0,0,2.5,3.2,3.0,15:00,2.54,3.21,2.98,2.3,1.62,2.27,1.65,0.0,1.78,2.11
2022/23,2023-02-26,Tottenham,Chelsea,2,0,H,0,0,D,S Attwell,8,10,3,2,10,10,4,4,2,3,0,0,2.55,3.25,2.9,13:30,2.54,3.33,2.91,2.08,1.82,2.04,1.81,0.0,1.81,2.08
2022/23,2023-03-01,Arsenal,Everton,4,0,H,2,0,H,M Oliver,15,8,5,5,5,12,5,1,0,2,0,0,1.36,4.75,10.0,19:45,1.36,5.04,9.33,1.85,2.05,1.82,2.02,-1.25,1.82,2.07
2022/23,2023-03-01,Liverpool,Wolves,2,0,H,0,0,D,P Tierney,15,4,6,1,13,14,5,2,2,3,0,0,1.5,4.75,6.0,20:00,1.49,4.59,6.6,1.73,2.1,1.73,2.14,-1.0,1.8,2.08
2022/23,2023-03-04,Arsenal,Bournemouth,3,2,H,0,1,A,C Kavanagh,31,4,9,4,6,8,17,1,0,2,0,0,1.22,7.0,12.0,15:00,1.22,6.82,13.83,1.57,2.38,1.58,2.41,-1.75,1.82,2.06
2022/23,2023-03-04,Aston Villa,Crystal Palace,1,0,H,1,0,H,C Pawson,8,3,1,0,14,17,2,4,2,3,0,1,2.05,3.3,3.8,15:00,2.07,3.32,3.88,2.3,1.62,2.28,1.64,-0.5,2.07,1.82
2022/23,2023-03-04,Brighton,West Ham,4,0,H,1,0,H,S Attwell,20,3,9,2,6,8,7,3,0,3,0,0,1.8,3.6,4.5,15:00,1.79,3.8,4.61,1.95,1.95,1.93,1.9,-0.75,2.0,1.88
2022/23,2023-03-04,Chelsea,Leeds,1,0,H,0,0,D,M Oliver,13,11,3,2,10,7,5,7,2,0,0,0,1.62,4.0,5.5,15:00,1.64,4.02,5.52,1.95,1.95,1.9,1.93,-0.75,1.8,2.09
2022/23,2023-03-04,Man City,Newcastle,2,0,H,1,0,H,S Hooper,11,5,3,2,8,13,8,4,2,4,0,0,1.45,4.5,7.0,12:30,1.48,4.59,6.76,1.73,2.1,1.71,2.17,-1.25,2.06,1.82
2022/23,2023-03-04,Southampton,Leicester,1,0,H,1,0,H,R Jones,11,11,5,0,12,11,3,4,4,2,0,0,2.75,3.3,2.6,17:30,2.77,3.31,2.64,2.06,1.84,2.03,1.81,0.0,1.98,1.88
2022/23,2023-03-04,Wolves,Tottenham,1,0,H,0,0,D,T Robinson,8,21,5,6,11,18,4,8,1,1,0,0,3.3,3.4,2.2,15:00,3.31,3.36,2.27,2.1,1.73,2.09,1.76,0.25,1.92,1.94
2022/23,2023-03-05,Nott'm Forest,Everton,2,2,D,1,2,A,J Brooks,10,10,4,3,11,17,3,3,3,5,0,0,2.7,3.0,2.88,14:00,2.68,3.08,2.92,2.5,1.53,2.47,1.54,0.0,1.85,2.02
2022/23,2023-03-05,Liverpool,Man United,7,0,H,1,0,H,A Madley,18,8,8,4,13,14,4,3,2,3,0,0,2.38,3.6,2.88,16:30,2.4,3.68,2.85,1.67,2.2,1.65,2.27,-0.25,2.08,1.81
2022/23,2023-03-06,Brentford,Fulham,3,2,H,1,1,D,A Taylor,14,9,6,5,12,17,2,3,0,3,0,0,1.95,3.6,3.75,20:00,2.0,3.65,3.71,1.94,1.96,1.89,1.93,-0.5,2.0,1.88
2022/23,2023-03-11,Bournemouth,Liverpool,1,0,H,1,0,H,J Brooks,5,15,2,6,7,9,3,8,2,1,0,0,7.5,5.0,1.4,12:30,7.07,4.95,1.43,1.62,2.3,1.62,2.31,1.25,1.93,1.95
2022/23,2023-03-11,Crystal Palace,Man City,0,1,A,0,0,D,R Jones,4,14,0,4,11,17,2,6,2,2,0,0,9.0,4.75,1.36,17:30,9.05,5.12,1.36,1.8,2.0,1.75,2.05,1.5,1.82,2.06
2022/23,2023-03-11,Everton,Brentford,1,0,H,1,0,H,S Hooper,13,12,6,4,11,12,5,8,2,1,0,0,2.7,3.25,2.7,15:00,2.71,3.2,2.76,2.2,1.67,2.25,1.66,0.0,1.92,1.96
2022/23,2023-03-11,Leeds,Brighton,2,2,D,1,1,D,P Tierney,12,14,4,2,12,9,4,7,1,1,0,0,3.75,3.6,1.95,15:00,3.84,3.67,1.97,1.89,2.04,1.85,1.98,0.5,1.9,1.98
2022/23,2023-03-11,Leicester,Chelsea,1,3,A,1,2,A,A Marriner,17,12,7,6,10,11,2,5,1,2,1,0,3.75,3.5,1.95,15:00,3.83,3.56,2.0,2.02,1.91,1.98,1.85,0.5,1.87,2.01
2022/23,2023-03-11,Tottenham,Nott'm Forest,3,1,H,2,0,H,C Pawson,15,9,7,5,13,13,2,10,3,1,0,0,1.44,4.75,7.0,15:00,1.44,4.62,7.52,1.88,2.05,1.82,2.01,-1.25,2.01,1.86
2022/23,2023-03-12,Fulham,Arsenal,0,3,A,0,3,A,D Coote,12,15,2,7,10,9,4,8,0,1,0,0,6.0,4.0,1.57,14:00,5.74,4.17,1.59,1.85,2.08,1.81,2.02,1.0,1.86,2.02
2022/23,2023-03-12,Man United,Southampton,0,0,D,0,0,D,A Taylor,10,17,4,4,12,9,7,8,2,0,0,0,1.36,5.0,9.0,14:00,1.34,5.26,9.22,1.62,2.3,1.63,2.28,-1.5,1.99,1.88
2022/23,2023-03-12,Newcastle,Wolves,2,1,H,1,0,H,A Madley,19,7,8,4,11,10,10,3,1,2,0,0,1.65,3.75,5.5,16:30,1.67,3.81,5.47,2.2,1.67,2.15,1.72,-0.75,1.86,2.01
2022/23,2023-03-12,West Ham,Aston Villa,1,1,D,1,1,D,C Kavanagh,17,12,6,4,8,6,13,2,1,0,0,0,2.2,3.3,3.4,14:00,2.23,3.37,3.36,2.08,1.85,2.03,1.8,-0.25,1.91,1.96
2022/23,2023-03-15,Brighton,Crystal Palace,1,0,H,1,0,H,P Bankes,11,11,5,3,13,20,1,4,1,2,0,0,1.44,4.2,8.0,19:30,1.46,4.44,7.58,1.93,1.97,1.89,1.92,-1.25,2.04,1.84
2022/23,2023-03-15,Southampton,Brentford,0,2,A,0,1,A,M Salisbury,7,11,1,5,14,10,3,3,1,2,0,0,2.88,3.25,2.5,19:30,2.97,3.31,2.46,2.1,1.73,2.06,1.77,0.25,1.78,2.11
2022/23,2023-03-17,Nott'm Forest,Newcastle,1,2,A,1,1,D,P Tierney,5,15,3,4,17,9,3,7,5,1,0,0,5.5,3.8,1.62,20:00,5.58,3.83,1.67,2.07,1.83,2.04,1.8,0.75,2.02,1.86
2022/23,2023-03-18,Wolves,Leeds,2,4,A,0,1,A,M Salisbury,23,11,8,4,15,9,5,4,3,5,1,0,2.25,3.2,3.3,15:00,2.28,3.23,3.41,2.2,1.67,2.27,1.65,-0.25,1.94,1.93
2022/23,2023-03-18,Southampton,Tottenham,3,3,D,0,1,A,S Hooper,19,17,7,3,13,8,10,3,1,1,0,0,4.75,3.6,1.75,15:00,4.56,3.68,1.82,2.06,1.84,2.0,1.83,0.5,2.07,1.81
2022/23,2023-03-18,Aston Villa,Bournemouth,3,0,H,1,0,H,R Jones,20,10,9,3,8,13,9,6,1,4,0,0,1.7,3.8,5.0,15:00,1.72,3.85,4.99,1.97,1.93,1.92,1.9,-0.75,1.92,1.95
2022/23,2023-03-18,Brentford,Leicester,1,1,D,1,0,H,D Bond,11,14,2,1,10,11,8,4,1,2,1,0,1.91,3.6,3.75,15:00,1.95,3.7,3.85,1.89,2.01,1.85,1.98,-0.5,1.95,1.93
2022/23,2023-03-18,Chelsea,Everton,2,2,D,0,0,D,D England,20,12,7,3,8,12,8,2,2,2,0,0,1.5,4.2,7.5,17:30,1.49,4.18,7.62,2.1,1.73,2.08,1.76,-1.0,1.84,2.03
2022/23,2023-03-19,Arsenal,Crystal Palace,4,1,H,2,0,H,S Attwell,15,8,5,4,8,10,5,4,0,1,0,0,1.25,5.5,15.0,14:00,1.26,5.93,12.83,1.73,2.1,1.73,2.14,-1.5,1.81,2.07
2022/23,2023-04-01,Arsenal,Leeds,4,1,H,1,0,H,D England,13,7,6,5,11,13,4,3,0,2,0,0,1.29,6.0,9.0,15:00,1.29,5.84,10.48,1.53,2.5,1.53,2.51,-1.5,1.83,2.04
2022/23,2023-04-01,Bournemouth,Fulham,2,1,H,0,1,A,P Bankes,12,10,7,2,15,13,4,3,1,4,0,0,2.55,3.3,2.8,15:00,2.56,3.34,2.84,2.0,1.8,2.04,1.8,0.0,1.83,2.03
2022/23,2023-04-01,Brighton,Brentford,3,3,D,2,2,D,M Oliver,33,7,15,5,16,10,14,0,2,1,0,0,1.67,4.0,5.0,15:00,1.67,4.08,5.05,1.73,2.1,1.76,2.09,-0.75,1.84,2.03
2022/23,2023-04-01,Chelsea,Aston Villa,0,2,A,0,1,A,A Madley,27,5,8,2,14,16,13,2,3,3,0,0,1.67,3.8,5.25,17:30,1.68,3.83,5.4,1.97,1.93,1.93,1.89,-0.75,1.86,2.01
2022/23,2023-04-01,Crystal Palace,Leicester,2,1,H,0,0,D,T Robinson,31,3,9,2,12,16,10,1,3,4,0,0,2.5,3.25,2.9,15:00,2.54,3.24,2.94,2.1,1.73,2.17,1.7,0.0,1.79,2.08
2022/23,2023-04-01,Man City,Liverpool,4,1,H,1,1,D,S Hooper,17,4,8,1,9,12,7,1,1,1,0,0,1.62,4.2,5.0,12:30,1.64,4.2,5.19,1.67,2.2,1.65,2.27,-1.0,2.07,1.81
2022/23,2023-04-01,Nott'm Forest,Wolves,1,1,D,1,0,H,C Kavanagh,17,8,7,1,14,13,4,3,3,5,0,0,3.0,3.1,2.55,15:00,2.96,3.13,2.61,2.38,1.57,2.38,1.59,0.0,2.06,1.81
2022/23,2023-04-02,Newcastle,Man United,2,0,H,0,0,D,S Attwell,22,6,6,1,8,12,7,4,0,0,0,0,2.4,3.4,2.9,16:30,2.41,3.45,2.96,1.95,1.95,1.9,1.91,-0.25,2.06,1.81
2022/23,2023-04-02,West Ham,Southampton,1,0,H,1,0,H,P Tierney,12,9,2,3,10,11,5,3,0,2,0,0,1.73,3.6,5.0,14:00,1.76,3.74,4.87,2.0,1.8,2.05,1.79,-0.75,1.96,1.9
2022/23,2023-04-03,Everton,Tottenham,1,1,D,0,0,D,D Coote,15,8,6,2,10,14,3,3,0,3,1,1,3.4,3.3,2.2,20:00,3.41,3.36,2.21,2.1,1.73,2.06,1.74,0.25,1.96,1.89
2022/23,2023-04-04,Leicester,Aston Villa,1,2,A,1,1,D,G Scott,9,15,4,5,10,14,4,8,2,0,1,0,2.55,3.3,2.75,19:45,2.58,3.41,2.79,1.99,1.91,1.94,1.89,0.0,1.86,2.01
2022/23,2023-04-04,Leeds,Nott'm Forest,2,1,H,2,1,H,R Jones,21,13,6,1,11,13,11,4,1,4,0,0,1.7,3.75,5.0,19:45,1.73,3.83,5.05,1.98,1.92,1.96,1.88,-0.75,1.92,1.95
2022/23,2023-04-04,Bournemouth,Brighton,0,2,A,0,1,A,D Bond,14,16,3,6,11,5,5,5,1,1,0,0,6.0,4.2,1.53,19:45,5.94,4.29,1.57,1.8,2.0,1.8,2.04,1.0,1.92,1.94
2022/23,2023-04-04,Chelsea,Liverpool,0,0,D,0,0,D,A Taylor,12,7,3,4,6,17,3,5,1,4,0,0,2.2,3.4,3.25,20:00,2.25,3.46,3.28,1.95,1.95,1.91,1.92,-0.25,1.93,1.94
2022/23,2023-04-05,Man United,Brentford,1,0,H,1,0,H,J Brooks,18,6,3,1,8,13,12,3,3,2,0,0,1.65,4.0,5.0,20:00,1.65,4.17,5.07,1.73,2.1,1.71,2.16,-0.75,1.81,2.06
2022/23,2023-04-05,West Ham,Newcastle,1,5,A,1,2,A,C Pawson,7,15,2,8,11,12,7,6,2,1,0,0,3.6,3.25,2.15,20:00,3.53,3.41,2.15,2.1,1.73,2.14,1.73,0.25,2.03,1.83
2022/23,2023-04-08,Aston Villa,Nott'm Forest,2,0,H,0,0,D,A Taylor,8,6,3,2,7,17,1,8,3,4,0,0,1.6,4.2,5.25,15:00,1.62,4.09,5.55,1.94,1.96,1.91,1.91,-1.0,2.06,1.81
2022/23,2023-04-08,Brentford,Newcastle,1,2,A,1,0,H,C Kavanagh,12,10,6,4,10,15,6,5,0,0,0,0,3.6,3.4,2.05,15:00,3.57,3.46,2.1,2.03,1.87,2.0,1.83,0.25,2.05,1.81
2022/23,2023-04-08,Fulham,West Ham,0,1,A,0,1,A,J Gillett,16,9,3,5,10,12,11,4,1,1,0,0,2.8,3.25,2.63,15:00,2.79,3.24,2.66,2.2,1.67,2.17,1.7,0.0,1.96,1.89
2022/23,2023-04-08,Leicester,Bournemouth,0,1,A,0,1,A,D Coote,14,19,4,7,10,13,6,6,0,3,0,0,1.83,3.75,4.2,15:00,1.88,3.72,4.11,1.88,2.02,1.85,1.97,-0.5,1.88,1.99
2022/23,2023-04-08,Man United,Everton,2,0,H,1,0,H,M Oliver,29,15,11,1,10,9,10,4,0,0,0,0,1.5,4.33,6.5,12:30,1.5,4.37,6.75,1.86,2.04,1.83,1.99,-1.0,1.82,2.04
2022/23,2023-04-08,Southampton,Man City,1,4,A,0,1,A,R Jones,4,13,1,8,6,10,0,10,0,2,0,0,11.0,6.0,1.25,17:30,12.48,6.19,1.25,1.62,2.3,1.6,2.35,1.75,1.91,1.94
2022/23,2023-04-08,Tottenham,Brighton,2,1,H,1,1,D,S Attwell,9,17,3,4,15,15,3,7,3,1,0,0,2.55,3.5,2.7,15:00,2.56,3.56,2.69,1.85,2.05,1.81,2.01,0.0,1.87,1.98
2022/23,2023-04-08,Wolves,Chelsea,1,0,H,1,0,H,P Bankes,9,13,4,1,14,10,8,8,2,5,0,0,4.2,3.5,1.91,15:00,4.14,3.47,1.95,2.2,1.67,2.16,1.7,0.5,1.92,1.94
2022/23,2023-04-09,Leeds,Crystal Palace,1,5,A,1,1,D,S Hooper,11,16,7,8,11,8,2,4,3,1,0,0,2.1,3.4,3.6,14:00,2.11,3.41,3.59,2.1,1.73,2.14,1.72,-0.25,1.81,2.05
2022/23,2023-04-09,Liverpool,Arsenal,2,2,D,1,2,A,P Tierney,21,9,6,5,11,11,5,4,4,4,0,0,2.88,3.6,2.38,16:30,2.79,3.69,2.41,1.62,2.3,1.64,2.28,0.25,1.79,2.08
2022/23,2023-04-15,Wolves,Brentford,2,0,H,1,0,H,P Tierney,11,10,9,3,12,8,5,2,1,1,0,0,2.45,3.1,3.0,15:00,2.52,3.23,3.0,2.2,1.67,2.24,1.67,0.0,1.77,2.11
2022/23,2023-04-15,Tottenham,Bournemouth,2,3,A,1,1,D,A Madley,24,6,8,6,8,9,8,1,1,2,0,0,1.45,4.5,7.0,15:00,1.47,4.6,6.83,1.67,2.2,1.69,2.2,-1.25,2.03,1.83
2022/23,2023-04-15,Southampton,Crystal Palace,0,2,A,0,0,D,M Oliver,11,9,4,2,6,13,6,2,3,1,0,0,2.8,3.1,2.7,15:00,2.82,3.2,2.68,2.3,1.62,2.28,1.64,0.0,1.98,1.87
2022/23,2023-04-15,Chelsea,Brighton,1,2,A,1,1,D,R Jones,8,26,2,10,11,11,2,8,2,2,0,0,2.63,3.4,2.63,15:00,2.67,3.42,2.68,1.94,1.96,1.91,1.91,0.0,1.92,1.93
2022/23,2023-04-15,Everton,Fulham,1,3,A,1,1,D,A Taylor,15,21,7,7,10,6,4,8,3,2,0,0,2.05,3.4,3.7,15:00,2.07,3.39,3.78,2.2,1.67,2.21,1.69,-0.5,2.06,1.82
2022/23,2023-04-15,Aston Villa,Newcastle,3,0,H,1,0,H,J Brooks,16,8,6,2,13,15,7,2,1,1,0,0,3.6,3.4,2.05,12:30,3.61,3.42,2.13,2.07,1.83,2.01,1.83,0.25,2.04,1.81
2022/23,2023-04-15,Man City,Leicester,3,1,H,3,0,H,D England,12,10,4,4,8,8,6,2,1,1,0,0,1.14,8.5,15.0,17:30,1.16,8.49,17.32,1.33,3.4,1.34,3.24,-2.25,1.92,1.93
2022/23,2023-04-16,Nott'm Forest,Man United,0,2,A,0,1,A,S Hooper,6,22,0,8,9,9,4,9,2,2,0,0,5.5,4.0,1.62,16:30,5.0,3.96,1.69,1.8,2.0,1.78,2.05,0.75,1.97,1.88
2022/23,2023-04-16,West Ham,Arsenal,2,2,D,1,2,A,D Coote,16,11,3,5,11,8,7,2,1,2,0,0,6.0,4.2,1.55,14:00,5.92,4.22,1.57,1.8,2.0,1.8,2.04,1.0,1.89,1.97
2022/23,2023-04-17,Leeds,Liverpool,1,6,A,0,2,A,C Pawson,13,13,3,7,6,12,4,2,0,1,0,0,4.2,4.2,1.73,20:00,4.35,4.22,1.73,1.57,2.38,1.57,2.4,0.75,1.94,1.9
2022/23,2023-04-21,Arsenal,Southampton,3,3,D,1,2,A,S Hooper,25,8,6,6,10,14,7,2,1,5,0,0,1.2,7.0,13.0,20:00,1.2,7.18,14.72,1.5,2.63,1.51,2.58,-2.0,2.0,1.86
2022/23,2023-04-22,Liverpool,Nott'm Forest,3,2,H,0,0,D,M Oliver,18,11,6,5,9,12,9,3,0,1,0,0,1.17,7.5,17.0,15:00,1.18,7.64,16.06,1.44,2.75,1.45,2.78,-2.0,1.84,2.02
2022/23,2023-04-22,Brentford,Aston Villa,1,1,D,0,0,D,M Salisbury,6,14,5,2,12,8,8,4,3,2,0,0,2.5,3.25,2.88,15:00,2.53,3.38,2.84,2.0,1.9,1.97,1.85,0.0,1.82,2.05
2022/23,2023-04-22,Crystal Palace,Everton,0,0,D,0,0,D,J Brooks,12,10,2,5,12,14,8,1,1,1,0,1,2.05,3.2,3.75,15:00,2.11,3.25,3.83,2.3,1.62,2.34,1.6,-0.25,1.79,2.08
2022/23,2023-04-22,Fulham,Leeds,2,1,H,0,0,D,P Bankes,12,10,5,2,10,15,8,6,1,4,0,0,2.3,3.4,3.1,12:30,2.38,3.44,3.01,1.92,1.98,1.88,1.94,-0.25,2.05,1.82
2022/23,2023-04-22,Leicester,Wolves,2,1,H,1,1,D,A Madley,15,16,8,3,17,16,1,7,1,3,0,0,2.38,3.3,3.0,15:00,2.45,3.27,3.05,2.1,1.73,2.14,1.72,-0.25,2.07,1.8
2022/23,2023-04-23,Newcastle,Tottenham,6,1,H,5,0,H,D Coote,25,11,8,3,7,13,9,3,0,3,0,0,1.83,3.75,4.2,14:00,1.85,3.81,4.22,1.86,2.04,1.83,2.0,-0.5,1.84,2.03
2022/23,2023-04-23,Bournemouth,West Ham,0,4,A,0,3,A,A Taylor,17,18,5,10,7,8,8,5,1,2,0,0,2.88,3.2,2.55,14:00,2.83,3.25,2.61,2.1,1.73,2.12,1.73,0.0,2.0,1.85
2022/23,2023-04-25,Aston Villa,Fulham,1,0,H,1,0,H,T Bramall,14,1,3,0,6,18,8,2,3,2,0,0,1.75,4.0,4.2,19:45,1.8,3.87,4.43,1.81,2.09,1.81,2.03,-0.75,2.02,1.85
2022/23,2023-04-25,Leeds,Leicester,1,1,D,1,0,H,P Tierney,13,15,3,3,14,15,3,6,4,2,0,0,2.3,3.5,3.0,20:00,2.37,3.54,2.98,1.73,2.1,1.75,2.11,-0.25,2.05,1.83
2022/23,2023-04-25,Wolves,Crystal Palace,2,0,H,1,0,H,R Jones,9,14,3,4,13,14,6,11,5,4,0,0,2.45,3.2,3.0,19:30,2.52,3.14,3.09,2.5,1.53,2.46,1.56,-0.25,2.13,1.76
2022/23,2023-04-26,Chelsea,Brentford,0,2,A,0,1,A,A Madley,15,7,4,1,5,13,5,2,1,2,0,0,1.7,4.0,4.75,19:45,1.71,3.89,5.02,2.0,1.9,1.95,1.87,-0.75,1.9,1.96
2022/23,2023-04-26,Man City,Arsenal,4,1,H,2,0,H,M Oliver,14,8,9,2,13,13,1,3,3,1,0,0,1.55,4.5,5.25,20:00,1.56,4.49,5.7,1.62,2.3,1.6,2.35,-1.0,1.9,1.96
2022/23,2023-04-26,Nott'm Forest,Brighton,3,1,H,1,1,D,J Gillett,12,17,5,7,7,8,2,7,2,0,0,0,6.0,4.2,1.53,19:30,6.08,4.36,1.54,1.73,2.1,1.74,2.11,1.0,1.96,1.89
2022/23,2023-04-26,West Ham,Liverpool,1,2,A,1,1,D,C Kavanagh,7,20,2,4,6,8,3,6,0,0,0,0,3.9,3.9,1.85,19:45,3.96,3.86,1.88,1.67,2.2,1.68,2.21,0.5,1.99,1.88
2022/23,2023-04-27,Everton,Newcastle,1,4,A,0,1,A,A Marriner,13,15,5,8,8,6,3,14,2,1,0,0,4.75,3.6,1.73,19:45,4.84,3.7,1.77,2.0,1.8,2.04,1.79,0.75,1.87,1.98
2022/23,2023-04-27,Southampton,Bournemouth,0,1,A,0,0,D,D England,11,16,2,2,9,11,6,4,0,3,0,0,2.25,3.4,3.2,19:45,2.3,3.43,3.15,2.03,1.87,2.01,1.82,-0.25,1.98,1.87
2022/23,2023-04-27,Tottenham,Man United,2,2,D,0,2,A,A Taylor,18,17,7,8,8,7,6,8,1,2,0,0,2.8,3.6,2.4,20:15,2.79,3.65,2.44,1.67,2.2,1.65,2.25,0.0,2.05,1.81
2022/23,2023-04-29,Brentford,Nott'm Forest,2,1,H,0,1,A,P Bankes,14,5,8,3,6,13,6,0,1,2,0,0,1.65,3.8,5.5,15:00,1.66,3.88,5.5,1.99,1.91,1.95,1.87,-0.75,1.83,2.03
2022/23,2023-04-29,Brighton,Wolves,6,0,H,4,0,H,D Coote,22,10,8,2,14,11,2,5,1,1,0,0,1.5,4.33,6.5,15:00,1.51,4.37,6.69,1.85,2.05,1.8,2.02,-1.0,1.83,2.03
2022/23,2023-04-29,Crystal Palace,West Ham,4,3,H,3,2,H,C Pawson,16,8,6,4,9,17,8,5,1,2,0,0,2.63,3.25,2.75,12:30,2.7,3.18,2.81,2.2,1.67,2.3,1.63,0.0,1.89,1.96
2022/23,2023-04-30,Newcastle,Southampton,3,1,H,0,1,A,A Taylor,22,4,5,3,7,10,11,2,1,4,0,0,1.3,5.25,10.0,14:00,1.32,5.46,9.9,1.73,2.1,1.71,2.15,-1.5,1.93,1.91
2022/23,2023-04-30,Man United,Aston Villa,1,0,H,1,0,H,J Gillett,14,7,6,1,16,7,1,4,2,0,0,0,1.73,3.9,4.6,14:00,1.78,3.94,4.35,1.67,2.2,1.66,2.24,-0.75,1.99,1.86
2022/23,2023-04-30,Bournemouth,Leeds,4,1,H,2,1,H,C Kavanagh,12,15,7,6,12,14,2,6,1,0,0,0,2.55,3.5,2.7,14:00,2.61,3.5,2.68,1.8,2.0,1.8,2.02,0.0,1.89,1.96
2022/23,2023-04-30,Fulham,Man City,1,2,A,1,2,A,S Hooper,4,12,1,9,9,10,2,5,1,3,0,0,12.0,6.0,1.25,14:00,11.95,6.23,1.25,1.53,2.5,1.54,2.48,1.75,1.92,1.93
2022/23,2023-04-30,Liverpool,Tottenham,4,3,H,3,1,H,P Tierney,12,10,4,7,12,6,5,2,3,2,0,0,1.53,4.5,5.75,16:30,1.54,4.69,5.68,1.5,2.63,1.5,2.61,-1.0,1.83,2.03
2022/23,2023-05-01,Leicester,Everton,2,2,D,2,1,H,M Oliver,15,23,6,8,10,12,2,9,4,1,0,0,2.0,3.5,3.75,20:00,2.04,3.45,3.79,2.07,1.83,2.02,1.8,-0.5,2.03,1.84
2022/23,2023-05-02,Arsenal,Chelsea,3,1,H,3,0,H,R Jones,16,7,10,4,10,10,7,2,0,2,0,0,1.6,4.0,5.5,20:00,1.59,4.22,5.75,1.73,2.1,1.75,2.1,-1.0,1.98,1.89
2022/23,2023-05-03,Liverpool,Fulham,1,0,H,1,0,H,S Attwell,15,9,3,3,10,8,7,5,0,0,0,0,1.25,5.75,11.0,20:00,1.26,6.39,10.73,1.44,2.75,1.44,2.78,-1.75,1.91,1.95
2022/23,2023-05-03,Man City,West Ham,3,0,H,0,0,D,J Brooks,16,6,7,2,8,8,6,3,0,1,0,0,1.2,7.0,13.0,20:00,1.2,7.21,13.79,1.44,2.75,1.45,2.76,-2.0,1.98,1.87
2022/23,2023-05-04,Brighton,Man United,1,0,H,0,0,D,A Marriner,22,16,6,5,10,14,8,6,4,4,0,0,1.95,3.5,3.75,20:00,2.03,3.82,3.5,1.57,2.38,1.56,2.45,-0.5,2.01,1.85
2022/23,2023-05-06,Tottenham,Crystal Palace,1,0,H,1,0,H,D England,8,7,3,2,15,14,8,4,3,5,0,0,1.8,3.8,4.2,15:00,1.82,3.92,4.21,1.73,2.1,1.76,2.09,-0.75,2.04,1.82
2022/23,2023-05-06,Bournemouth,Chelsea,1,3,A,1,1,D,J Brooks,10,11,4,5,9,11,7,7,1,3,0,0,3.3,3.5,2.15,15:00,3.42,3.47,2.17,1.99,1.91,1.95,1.88,0.25,1.99,1.86
2022/23,2023-05-06,Liverpool,Brentford,1,0,H,1,0,H,A Taylor,15,5,5,1,19,10,7,3,4,2,0,0,1.44,5.0,6.0,17:30,1.48,4.91,6.16,1.5,2.63,1.5,2.62,-1.25,2.01,1.85
2022/23,2023-05-06,Man City,Leeds,2,1,H,2,0,H,A Madley,18,4,6,2,3,16,10,1,0,3,0,0,1.17,8.5,15.0,15:00,1.17,8.41,15.94,1.3,3.5,1.31,3.47,-2.25,1.94,1.91
2022/23,2023-05-06,Wolves,Aston Villa,1,0,H,1,0,H,S Attwell,6,16,2,3,20,9,5,6,3,3,0,0,2.88,3.3,2.5,15:00,2.98,3.26,2.51,2.2,1.67,2.19,1.69,0.25,1.76,2.11
2022/23,2023-05-07,West Ham,Man United,1,0,H,1,0,H,P Bankes,15,19,4,4,4,9,5,6,0,2,0,0,3.4,3.75,2.05,19:00,3.43,3.74,2.08,1.73,2.1,1.67,2.23,0.25,2.06,1.8
2022/23,2023-05-07,Newcastle,Arsenal,0,2,A,0,1,A,C Kavanagh,12,10,5,6,16,12,9,4,2,1,0,0,2.45,3.75,2.63,16:30,2.49,3.73,2.71,1.62,2.3,1.64,2.29,0.0,1.84,2.04
2022/23,2023-05-08,Nott'm Forest,Southampton,4,3,H,3,1,H,M Oliver,9,19,4,5,16,10,2,11,1,0,0,0,2.1,3.6,3.4,20:00,2.13,3.52,3.46,2.03,1.87,2.0,1.83,-0.25,1.83,2.02
2022/23,2023-05-08,Fulham,Leicester,5,3,H,3,0,H,R Jones,17,18,7,9,13,15,2,7,0,3,0,0,2.63,3.5,2.6,15:00,2.67,3.53,2.6,1.86,2.04,1.83,2.01,0.0,1.96,1.9
2022/23,2023-05-08,Brighton,Everton,1,5,A,0,3,A,S Hooper,23,10,5,5,11,13,15,1,1,5,0,0,1.33,5.25,9.0,17:30,1.35,5.3,8.47,1.57,2.38,1.59,2.38,-1.5,2.0,1.87
2022/23,2023-05-13,Aston Villa,Tottenham,2,1,H,1,0,H,P Bankes,8,5,4,2,9,14,8,3,3,3,0,0,2.25,3.6,2.9,15:00,2.3,3.6,3.03,1.73,2.1,1.75,2.1,-0.25,1.98,1.87
2022/23,2023-05-13,Chelsea,Nott'm Forest,2,2,D,0,1,A,P Tierney,14,11,6,2,13,15,2,5,3,1,0,0,1.5,4.5,6.0,15:00,1.51,4.4,6.68,1.86,2.04,1.84,1.99,-1.0,1.84,2.02
2022/23,2023-05-13,Crystal Palace,Bournemouth,2,0,H,1,0,H,M Salisbury,17,5,5,0,5,12,11,2,0,2,0,0,1.83,3.6,4.2,15:00,1.88,3.7,4.18,1.94,1.96,1.9,1.92,-0.5,1.87,2.0
2022/23,2023-05-13,Leeds,Newcastle,2,2,D,1,1,D,S Hooper,9,18,4,5,16,14,2,6,3,2,1,0,4.33,4.2,1.7,12:30,4.62,4.2,1.71,1.62,2.3,1.63,2.3,0.75,1.97,1.88
2022/23,2023-05-13,Man United,Wolves,2,0,H,1,0,H,J Brooks,27,5,9,0,9,9,11,7,3,2,0,0,1.36,5.0,7.5,15:00,1.38,5.1,8.37,1.67,2.2,1.65,2.25,-1.5,2.06,1.8
2022/23,2023-05-13,Southampton,Fulham,0,2,A,0,0,D,T Bramall,5,9,1,4,17,12,1,8,2,0,0,0,2.75,3.3,2.5,15:00,2.82,3.44,2.51,1.91,1.99,1.88,1.94,0.0,2.04,1.82
2022/23,2023-05-14,Arsenal,Brighton,0,3,A,0,0,D,A Madley,14,12,2,6,13,17,5,2,1,2,0,0,1.73,4.2,4.2,16:30,1.77,4.19,4.21,1.53,2.5,1.53,2.51,-0.75,1.95,1.89
2022/23,2023-05-14,Brentford,West Ham,2,0,H,2,0,H,M Oliver,24,4,10,4,5,5,7,5,1,0,0,0,2.0,3.5,3.6,14:00,2.05,3.56,3.66,2.0,1.9,1.95,1.87,-0.5,2.04,1.83
2022/23,2023-05-14,Everton,Man City,0,3,A,0,2,A,A Taylor,7,9,3,4,12,4,8,6,1,0,0,0,9.0,4.75,1.36,14:00,8.86,5.21,1.36,1.67,2.2,1.64,2.27,1.5,1.85,2.02
2022/23,2023-05-15,Leicester,Liverpool,0,3,A,0,2,A,C Pawson,4,16,4,5,11,17,4,4,2,1,0,0,5.25,4.33,1.57,20:00,5.11,4.59,1.59,1.5,2.63,1.49,2.63,1.0,1.92,1.94
2022/23,2023-05-18,Newcastle,Brighton,4,1,H,2,0,H,R Jones,22,8,9,2,17,16,6,1,2,4,0,0,2.0,3.8,3.5,19:30,2.02,3.86,3.49,1.62,2.3,1.6,2.36,-0.5,2.01,1.85
2022/23,2023-05-20,Wolves,Everton,1,1,D,1,0,H,D Coote,13,19,5,4,18,10,1,7,5,1,0,0,2.75,3.3,2.6,15:00,2.77,3.35,2.63,2.1,1.73,2.07,1.78,0.0,1.98,1.88
2022/23,2023-05-20,Tottenham,Brentford,1,3,A,1,0,H,J Gillett,22,11,8,4,11,9,8,2,1,1,0,0,1.83,3.9,4.0,12:30,1.85,3.88,4.13,1.73,2.1,1.75,2.1,-0.75,2.07,1.8
2022/23,2023-05-20,Nott'm Forest,Arsenal,1,0,H,1,0,H,A Taylor,6,11,2,3,11,12,3,6,3,2,0,0,5.25,4.33,1.57,17:30,5.37,4.45,1.59,1.57,2.38,1.57,2.41,1.0,1.9,1.96
2022/23,2023-05-20,Fulham,Crystal Palace,2,2,D,1,1,D,J Smith,11,11,4,5,13,12,7,4,3,0,0,0,2.45,3.4,2.9,15:00,2.45,3.4,2.97,2.05,1.85,2.02,1.82,-0.25,2.08,1.79
2022/23,2023-05-20,Liverpool,Aston Villa,1,1,D,0,1,A,J Brooks,10,6,5,3,16,13,9,4,3,5,0,0,1.45,5.0,6.25,15:00,1.49,4.86,6.16,1.53,2.5,1.54,2.47,-1.25,2.02,1.84
2022/23,2023-05-20,Bournemouth,Man United,0,1,A,0,1,A,C Kavanagh,10,20,4,5,6,7,3,6,1,0,0,0,6.0,4.75,1.5,15:00,6.06,4.77,1.51,1.57,2.38,1.55,2.46,1.0,2.09,1.79
2022/23,2023-05-21,Brighton,Southampton,3,1,H,2,0,H,P Tierney,26,5,8,1,8,9,4,3,2,5,0,0,1.22,7.0,11.0,14:00,1.23,6.91,12.43,1.4,3.0,1.41,2.91,-2.0,2.01,1.84
2022/23,2023-05-21,Man City,Chelsea,1,0,H,1,0,H,M Oliver,15,13,2,6,12,9,5,2,0,2,0,0,1.25,6.0,11.0,16:00,1.26,6.41,11.48,1.5,2.63,1.52,2.54,-1.75,1.92,1.93
2022/23,2023-05-21,West Ham,Leeds,3,1,H,1,1,D,P Bankes,19,12,9,3,6,11,9,5,1,3,0,0,2.4,3.5,2.88,13:30,2.45,3.56,2.84,1.8,2.0,1.8,2.03,0.0,1.8,2.07
2022/23,2023-05-22,Newcastle,Leicester,0,0,D,0,0,D,A Marriner,23,1,4,1,9,5,12,1,2,0,0,0,1.36,5.5,7.0,20:00,1.38,5.39,7.66,1.5,2.63,1.51,2.57,-1.5,2.0,1.86
2022/23,2023-05-24,Brighton,Man City,1,1,D,1,1,D,S Hooper,20,13,7,4,16,11,5,1,2,1,0,0,4.0,4.33,1.75,20:00,3.97,4.22,1.81,1.53,2.5,1.52,2.55,0.75,1.85,1.99
2022/23,2023-05-25,Man United,Chelsea,4,1,H,2,0,H,S Attwell,18,14,9,5,12,6,3,4,1,1,0,0,1.6,4.33,5.0,20:00,1.63,4.35,5.12,1.57,2.38,1.6,2.38,-1.0,2.03,1.84
2022/23,2023-05-28,Man United,Fulham,2,1,H,1,1,D,R Jones,21,10,8,3,14,10,5,4,1,2,0,0,1.5,4.33,6.0,16:30,1.53,4.59,5.76,1.5,2.63,1.49,2.63,-1.0,1.84,2.01
2022/23,2023-05-28,Southampton,Liverpool,4,4,D,2,2,D,D England,15,30,10,8,4,10,2,9,0,2,0,0,6.5,4.75,1.44,16:30,6.74,5.2,1.42,1.4,3.0,1.39,3.01,1.5,1.8,2.07
2022/23,2023-05-28,Leeds,Tottenham,1,4,A,0,1,A,A Taylor,19,11,2,7,7,5,12,3,3,0,0,0,2.75,3.8,2.3,16:30,2.77,3.84,2.37,1.5,2.63,1.5,2.6,0.25,1.8,2.05
2022/23,2023-05-28,Everton,Bournemouth,1,0,H,0,0,D,S Attwell,13,7,6,2,11,12,9,3,1,3,0,0,1.5,4.5,6.5,16:30,1.49,4.61,6.58,1.67,2.2,1.68,2.22,-1.25,2.06,1.8
2022/23,2023-05-28,Leicester,West Ham,2,1,H,1,0,H,S Hooper,13,16,4,3,8,10,3,5,1,1,0,0,1.91,3.8,3.6,16:30,1.94,3.92,3.65,1.67,2.2,1.68,2.21,-0.5,1.93,1.92
2022/23,2023-05-28,Chelsea,Newcastle,1,1,D,1,1,D,J Gillett,22,13,5,4,9,11,10,3,0,0,0,0,2.9,3.5,2.38,16:30,2.87,3.64,2.38,1.73,2.1,1.7,2.19,0.25,1.81,2.04
2022/23,2023-05-28,Arsenal,Wolves,5,0,H,3,0,H,A Marriner,14,6,8,0,8,11,8,4,0,0,0,0,1.36,5.25,8.0,16:30,1.37,5.33,7.87,1.44,2.75,1.46,2.71,-1.5,1.99,1.87
2022/23,2023-05-28,Aston Villa,Brighton,2,1,H,2,1,H,D Coote,12,8,5,4,15,16,4,3,4,4,0,0,2.0,3.6,3.5,16:30,2.04,3.88,3.37,1.53,2.5,1.53,2.52,-0.5,2.03,1.83
2022/23,2023-05-28,Crystal Palace,Nott'm Forest,1,1,D,0,1,A,T Bramall,16,7,4,4,9,13,5,4,0,2,0,0,1.67,4.0,5.0,16:30,1.69,4.15,4.77,1.67,2.2,1.65,2.27,-0.75,1.85,2.0
2022/23,2023-05-28,Brentford,Man City,1,0,H,0,0,D,J Brooks,11,17,4,3,12,8,3,4,4,0,0,0,3.8,4.0,1.83,16:30,3.88,4.01,1.87,1.62,2.3,1.61,2.33,0.5,2.01,1.86
2023/24,2023-08-11,Burnley,Man City,0,3,A,0,2,A,C Pawson,6,17,1,8,11,8,6,5,0,0,1,0,8.0,5.5,1.33,20:00,9.02,5.35,1.35,1.67,2.2,1.65,2.27,1.5,1.85,2.03
2023/24,2023-08-12,Arsenal,Nott'm Forest,2,1,H,2,0,H,M Oliver,15,6,7,2,12,12,8,3,2,2,0,0,1.18,7.0,15.0,12:30,1.18,7.64,15.67,1.44,2.75,1.42,2.85,-2.0,1.87,1.99
2023/24,2023-08-12,Bournemouth,West Ham,1,1,D,0,0,D,P Bankes,14,16,5,3,9,14,10,4,1,4,0,0,2.7,3.4,2.55,15:00,2.69,3.44,2.64,1.9,2.0,1.88,1.94,0.0,1.94,1.92
2023/24,2023-08-12,Everton,Fulham,0,1,A,0,0,D,S Attwell,19,9,9,2,12,6,10,4,0,2,0,0,2.2,3.4,3.3,15:00,2.24,3.43,3.3,2.01,1.89,1.97,1.86,-0.25,1.92,1.93
2023/24,2023-08-12,Newcastle,Aston Villa,5,1,H,2,1,H,A Madley,17,16,13,6,12,17,6,5,4,4,0,0,1.75,3.75,4.6,17:30,1.76,3.88,4.61,1.73,2.1,1.76,2.09,-0.75,1.97,1.89
2023/24,2023-08-12,Sheffield United,Crystal Palace,0,1,A,0,0,D,J Brooks,8,24,1,8,18,11,5,5,3,0,0,0,3.0,3.3,2.38,15:00,3.12,3.24,2.41,2.2,1.67,2.21,1.68,0.25,1.81,2.05
2023/24,2023-08-12,Brighton,Luton,4,1,H,1,0,H,D Coote,27,9,12,3,11,12,6,7,2,2,0,0,1.33,5.5,9.0,15:00,1.33,5.52,9.61,1.62,2.3,1.61,2.34,-1.5,1.93,1.93
2023/24,2023-08-13,Brentford,Tottenham,2,2,D,2,2,D,R Jones,11,18,6,6,12,13,3,6,1,4,0,0,2.75,3.4,2.45,14:00,2.73,3.63,2.5,1.73,2.1,1.7,2.18,0.0,2.01,1.86
2023/24,2023-08-13,Chelsea,Liverpool,1,1,D,1,1,D,A Taylor,10,13,4,1,5,12,4,4,3,3,0,0,2.9,3.4,2.38,16:30,2.87,3.64,2.39,1.67,2.2,1.67,2.24,0.25,1.81,2.04
2023/24,2023-08-14,Man United,Wolves,1,0,H,0,0,D,S Hooper,15,23,3,6,14,10,8,7,2,3,0,0,1.33,5.5,9.0,20:00,1.31,5.65,9.85,1.62,2.3,1.6,2.38,-1.5,1.89,1.97
2023/24,2023-08-18,Nott'm Forest,Sheffield United,2,1,H,1,0,H,P Bankes,16,7,4,3,5,9,6,7,2,3,0,0,1.95,3.4,4.0,19:45,1.95,3.43,4.25,2.2,1.67,2.24,1.67,-0.5,1.96,1.91
2023/24,2023-08-19,Tottenham,Man United,2,0,H,0,0,D,M Oliver,17,22,6,6,9,8,5,6,1,3,0,0,2.8,3.6,2.38,17:30,2.84,3.75,2.37,1.57,2.38,1.57,2.44,0.25,1.81,2.05
2023/24,2023-08-19,Wolves,Brighton,1,4,A,0,1,A,A Madley,16,16,5,8,14,11,5,3,3,6,1,0,4.0,3.8,1.85,15:00,4.0,3.81,1.89,1.73,2.1,1.74,2.12,0.5,1.99,1.87
2023/24,2023-08-19,Liverpool,Bournemouth,3,1,H,2,1,H,T Bramall,26,13,10,5,11,13,10,2,1,3,1,0,1.2,7.0,13.0,15:00,1.23,6.86,11.82,1.33,3.4,1.35,3.21,-2.0,2.02,1.85
2023/24,2023-08-19,Fulham,Brentford,0,3,A,0,1,A,D Bond,10,17,2,8,13,12,5,5,2,2,1,0,2.7,3.3,2.63,15:00,2.72,3.4,2.63,1.96,1.94,1.93,1.9,0.0,1.96,1.9
2023/24,2023-08-19,Man City,Newcastle,1,0,H,1,0,H,R Jones,14,7,4,1,12,11,3,0,1,5,0,0,1.67,4.0,5.0,20:00,1.7,4.07,4.83,1.73,2.1,1.72,2.15,-0.75,1.88,1.97
2023/24,2023-08-20,Aston Villa,Everton,4,0,H,2,0,H,A Taylor,13,9,7,2,8,12,7,6,3,4,0,0,1.7,4.0,4.5,14:00,1.7,3.91,5.0,1.92,1.98,1.89,1.94,-0.75,1.89,1.96
2023/24,2023-08-20,West Ham,Chelsea,3,1,H,1,1,D,J Brooks,12,17,6,4,12,9,3,9,2,3,1,0,3.75,3.5,2.0,16:30,3.66,3.57,2.04,1.96,1.94,1.92,1.91,0.5,1.82,2.06
2023/24,2023-08-21,Crystal Palace,Arsenal,0,1,A,0,0,D,D Coote,14,14,2,3,14,10,1,8,2,1,0,1,5.5,4.0,1.6,20:00,5.79,4.06,1.6,1.94,1.96,1.92,1.9,1.0,1.82,2.05
2023/24,2023-08-25,Chelsea,Luton,3,0,H,1,0,H,R Jones,19,11,8,1,15,12,6,4,2,3,0,0,1.29,5.5,11.0,20:00,1.29,5.86,10.78,1.67,2.2,1.66,2.27,-1.5,1.89,1.98
2023/24,2023-08-26,Arsenal,Fulham,2,2,D,0,1,A,P Tierney,19,8,11,3,6,5,8,3,0,3,0,1,1.2,7.0,13.0,15:00,1.23,6.49,13.35,1.44,2.75,1.48,2.67,-1.75,1.84,2.03
2023/24,2023-08-26,Bournemouth,Tottenham,0,2,A,0,1,A,T Robinson,11,17,3,6,18,11,6,2,1,3,0,0,3.8,3.75,1.91,12:30,3.67,3.94,1.95,1.53,2.5,1.55,2.47,0.5,1.93,1.94
2023/24,2023-08-26,Brentford,Crystal Palace,1,1,D,1,0,H,P Bankes,12,15,1,5,9,15,8,6,0,0,0,0,2.15,3.4,3.5,15:00,2.14,3.41,3.57,2.1,1.73,2.13,1.74,-0.25,1.84,2.02
2023/24,2023-08-26,Brighton,West Ham,1,3,A,0,1,A,A Taylor,25,12,10,3,10,9,17,4,1,3,0,0,1.53,4.75,5.25,17:30,1.53,4.67,5.73,1.5,2.63,1.49,2.63,-1.0,1.85,2.01
2023/24,2023-08-26,Everton,Wolves,0,1,A,0,0,D,C Pawson,15,11,7,2,10,14,7,0,3,4,0,0,2.3,3.3,3.2,15:00,2.32,3.31,3.24,2.1,1.73,2.12,1.74,-0.25,1.98,1.87
2023/24,2023-08-26,Man United,Nott'm Forest,3,2,H,1,2,A,S Attwell,18,9,9,4,13,11,11,3,4,4,0,1,1.3,6.0,8.0,15:00,1.31,5.79,9.23,1.5,2.63,1.52,2.56,-1.5,1.88,1.98
2023/24,2023-08-27,Sheffield United,Man City,1,2,A,0,0,D,J Gillett,6,30,2,9,11,2,1,12,3,0,0,0,13.0,8.0,1.17,14:00,16.67,7.51,1.18,1.57,2.38,1.57,2.41,2.0,1.92,1.94
2023/24,2023-08-27,Burnley,Aston Villa,1,3,A,0,2,A,M Salisbury,9,16,2,6,12,11,4,6,2,0,0,0,3.4,3.4,2.15,14:00,3.36,3.55,2.16,1.86,2.04,1.85,1.99,0.25,1.99,1.85
2023/24,2023-08-27,Newcastle,Liverpool,1,2,A,1,0,H,J Brooks,23,9,8,4,16,10,5,9,1,2,0,1,2.2,3.75,3.0,16:30,2.2,3.9,3.03,1.5,2.63,1.49,2.64,-0.25,1.92,1.94
2023/24,2023-09-01,Luton,West Ham,1,2,A,0,1,A,P Tierney,16,9,1,3,8,13,9,6,1,1,0,0,4.75,3.8,1.73,20:00,4.7,3.94,1.74,1.87,2.03,1.82,2.03,0.75,1.92,1.93
2023/24,2023-09-02,Brighton,Newcastle,3,1,H,1,0,H,S Attwell,15,9,6,2,14,17,5,3,4,4,0,0,2.5,3.8,2.55,17:30,2.55,3.87,2.55,1.5,2.63,1.49,2.65,0.0,1.92,1.93
2023/24,2023-09-02,Sheffield United,Everton,2,2,D,2,1,H,A Madley,13,16,8,6,11,13,4,6,1,2,0,0,2.9,3.25,2.5,12:30,3.01,3.23,2.5,2.2,1.67,2.26,1.66,0.0,2.11,1.78
2023/24,2023-09-02,Man City,Fulham,5,1,H,2,1,H,M Oliver,7,6,5,4,12,12,4,5,2,4,0,0,1.17,8.0,15.0,15:00,1.15,8.46,17.91,1.4,3.0,1.4,2.95,-2.25,1.98,1.87
2023/24,2023-09-02,Brentford,Bournemouth,2,2,D,1,1,D,R Madley,21,12,7,5,6,13,5,2,1,2,0,0,1.73,3.8,4.75,15:00,1.72,4.06,4.67,1.73,2.1,1.74,2.12,-0.75,1.91,1.95
2023/24,2023-09-02,Burnley,Tottenham,2,5,A,1,2,A,D England,16,20,4,10,15,9,7,4,4,3,0,0,3.6,4.0,1.85,15:00,3.83,3.99,1.88,1.62,2.3,1.64,2.31,0.5,1.98,1.88
2023/24,2023-09-02,Chelsea,Nott'm Forest,0,1,A,0,0,D,T Robinson,21,7,2,3,10,9,8,0,3,4,0,0,1.4,4.5,8.5,15:00,1.38,5.03,8.27,1.62,2.3,1.64,2.3,-1.25,1.84,2.03
2023/24,2023-09-03,Arsenal,Man United,3,1,H,1,1,D,A Taylor,17,10,5,2,8,7,12,3,2,3,0,0,1.75,3.8,4.5,16:30,1.77,4.04,4.38,1.57,2.38,1.55,2.47,-0.75,1.97,1.89
2023/24,2023-09-03,Crystal Palace,Wolves,3,2,H,0,0,D,R Jones,16,12,11,4,12,12,4,2,1,3,0,0,1.91,3.3,4.33,14:00,1.95,3.45,4.15,2.2,1.67,2.23,1.68,-0.5,1.95,1.91
2023/24,2023-09-03,Liverpool,Aston Villa,3,0,H,2,0,H,S Hooper,17,9,4,3,12,7,7,3,0,1,0,0,1.65,4.5,4.5,14:00,1.66,4.49,4.57,1.4,3.0,1.41,2.94,-1.0,2.07,1.8
2023/24,2023-09-16,Aston Villa,Crystal Palace,3,1,H,0,0,D,D England,16,6,5,3,13,9,4,2,5,3,0,0,1.91,3.6,4.0,15:00,1.9,3.7,4.07,1.89,2.01,1.87,1.97,-0.5,1.89,1.97
2023/24,2023-09-16,Fulham,Luton,1,0,H,0,0,D,M Salisbury,13,7,2,2,6,14,6,2,2,2,0,0,1.67,3.75,5.5,15:00,1.68,3.96,5.18,1.89,2.01,1.88,1.96,-0.75,1.85,2.01
2023/24,2023-09-16,Man United,Brighton,1,3,A,0,1,A,J Gillett,14,10,4,8,8,9,8,1,2,2,0,0,2.15,4.0,2.88,15:00,2.21,3.98,2.96,1.44,2.75,1.42,2.87,-0.25,1.94,1.91
2023/24,2023-09-16,Newcastle,Brentford,1,0,H,0,0,D,C Pawson,9,11,2,2,8,12,8,3,3,5,0,0,1.53,4.2,6.0,17:30,1.53,4.37,6.12,1.67,2.2,1.67,2.24,-1.0,1.87,1.99
2023/24,2023-09-16,Tottenham,Sheffield United,2,1,H,0,0,D,P Bankes,28,7,10,5,13,14,15,2,6,5,0,1,1.29,5.5,11.0,15:00,1.28,6.1,10.52,1.5,2.63,1.48,2.66,-1.75,1.99,1.87
2023/24,2023-09-16,West Ham,Man City,1,3,A,1,0,H,A Madley,6,29,3,15,7,11,4,11,3,2,0,0,7.0,4.5,1.45,15:00,6.57,4.67,1.48,1.62,2.3,1.62,2.34,1.25,1.82,2.05
2023/24,2023-09-16,Wolves,Liverpool,1,3,A,1,0,H,M Oliver,11,16,2,6,10,4,4,4,1,3,0,0,6.0,5.0,1.45,12:30,6.64,4.95,1.45,1.44,2.75,1.48,2.66,1.25,1.9,1.96
2023/24,2023-09-17,Everton,Arsenal,0,1,A,0,0,D,S Hooper,8,13,1,4,12,10,1,11,1,1,0,0,6.0,4.5,1.5,16:30,6.07,4.55,1.52,1.67,2.2,1.65,2.27,1.0,2.02,1.85
2023/24,2023-09-17,Bournemouth,Chelsea,0,0,D,0,0,D,D Coote,13,14,4,6,15,20,1,7,1,5,0,0,4.33,3.75,1.8,14:00,4.34,3.96,1.79,1.67,2.2,1.64,2.3,0.75,1.85,1.99
2023/24,2023-09-18,Nott'm Forest,Burnley,1,1,D,0,1,A,R Jones,14,10,4,3,16,10,5,4,2,3,0,1,2.2,3.5,3.25,19:45,2.24,3.51,3.22,1.92,1.98,1.91,1.92,-0.25,1.93,1.92
2023/24,2023-09-23,Brentford,Everton,1,3,A,1,1,D,M Oliver,12,18,2,6,9,12,1,4,2,2,0,0,1.8,3.8,4.2,17:30,1.8,3.78,4.49,1.95,1.95,1.92,1.92,-0.75,2.03,1.83
2023/24,2023-09-23,Burnley,Man United,0,1,A,0,1,A,T Harrington,12,11,4,4,6,12,9,5,1,2,0,0,4.2,4.2,1.73,20:00,4.31,4.16,1.75,1.62,2.3,1.61,2.36,0.75,1.91,1.93
2023/24,2023-09-23,Crystal Palace,Fulham,0,0,D,0,0,D,P Tierney,7,10,3,5,10,15,3,2,3,2,0,0,1.91,3.4,4.2,15:00,1.95,3.51,4.09,2.0,1.8,2.05,1.8,-0.5,1.95,1.91
2023/24,2023-09-23,Luton,Wolves,1,1,D,0,0,D,J Smith,20,3,4,3,12,17,10,1,0,2,0,1,3.25,3.4,2.2,15:00,3.3,3.43,2.23,2.02,1.88,1.99,1.85,0.25,1.93,1.91
2023/24,2023-09-23,Man City,Nott'm Forest,2,0,H,2,0,H,A Taylor,7,10,4,3,5,17,6,6,3,7,1,0,1.14,8.5,15.0,15:00,1.15,8.55,18.11,1.4,3.0,1.41,2.94,-2.25,1.98,1.88
2023/24,2023-09-24,Arsenal,Tottenham,2,2,D,1,1,D,R Jones,13,13,6,5,12,19,11,4,3,4,0,0,1.67,4.33,4.33,14:00,1.7,4.36,4.5,1.5,2.63,1.51,2.58,-0.75,1.86,1.99
2023/24,2023-09-24,Brighton,Bournemouth,3,1,H,1,1,D,J Brooks,13,12,4,4,12,17,4,4,3,3,0,0,1.36,5.25,7.5,14:00,1.38,5.31,7.58,1.36,3.2,1.37,3.11,-1.5,1.98,1.88
2023/24,2023-09-24,Chelsea,Aston Villa,0,1,A,0,0,D,J Gillett,10,15,4,7,9,11,5,11,2,3,0,0,1.91,3.75,3.8,14:00,1.91,3.85,3.87,1.73,2.1,1.7,2.2,-0.5,1.9,1.97
2023/24,2023-09-24,Liverpool,West Ham,3,1,H,1,1,D,C Kavanagh,22,11,7,4,12,13,7,4,0,2,0,0,1.4,5.0,7.0,14:00,1.39,5.38,7.19,1.4,3.0,1.4,2.96,-1.5,2.03,1.84
2023/24,2023-09-24,Sheffield United,Newcastle,0,8,A,0,3,A,S Attwell,9,22,1,15,12,8,2,6,3,0,0,0,7.0,4.75,1.44,16:30,7.01,4.78,1.45,1.67,2.2,1.66,2.25,1.25,1.88,1.97
2023/24,2023-09-30,Wolves,Man City,2,1,H,1,0,H,C Pawson,3,23,1,8,18,12,0,6,5,4,0,0,8.0,5.75,1.33,15:00,9.2,5.65,1.33,1.53,2.5,1.53,2.51,1.5,1.94,1.92
2023/24,2023-09-30,West Ham,Sheffield United,2,0,H,2,0,H,G Scott,20,16,9,2,6,9,7,4,1,1,0,0,1.45,4.5,7.0,15:00,1.45,4.79,7.1,1.67,2.2,1.64,2.29,-1.25,1.98,1.88
2023/24,2023-09-30,Newcastle,Burnley,2,0,H,1,0,H,T Bramall,20,8,8,2,7,15,5,3,1,3,0,0,1.3,5.75,9.0,15:00,1.33,5.62,9.22,1.53,2.5,1.53,2.52,-1.5,1.92,1.94
2023/24,2023-09-30,Tottenham,Liverpool,2,1,H,1,1,D,S Hooper,24,12,8,4,11,17,12,5,5,4,0,2,2.9,4.0,2.15,17:30,2.96,4.03,2.21,1.36,3.2,1.39,3.02,0.25,1.92,1.93
2023/24,2023-09-30,Everton,Luton,1,2,A,1,2,A,A Taylor,23,9,5,2,8,10,3,6,0,1,0,0,1.57,3.8,6.5,15:00,1.61,3.94,6.06,2.05,1.85,2.02,1.82,-1.0,2.07,1.8
2023/24,2023-09-30,Bournemouth,Arsenal,0,4,A,0,2,A,M Salisbury,8,15,1,8,11,10,6,6,0,1,0,0,5.5,4.5,1.53,15:00,5.77,4.68,1.53,1.53,2.5,1.54,2.49,1.0,2.01,1.85
2023/24,2023-09-30,Aston Villa,Brighton,6,1,H,3,0,H,A Madley,19,11,9,3,19,21,1,3,4,4,0,0,2.55,3.75,2.55,12:30,2.56,3.92,2.55,1.44,2.75,1.43,2.84,0.0,1.93,1.93
2023/24,2023-09-30,Man United,Crystal Palace,0,1,A,0,1,A,C Kavanagh,19,8,4,2,10,8,10,4,3,2,0,0,1.55,4.2,5.75,15:00,1.57,4.3,5.89,1.8,2.0,1.77,2.08,-1.0,1.95,1.91
2023/24,2023-10-01,Nott'm Forest,Brentford,1,1,D,0,0,D,P Tierney,6,18,1,5,6,10,1,11,1,2,1,0,2.75,3.1,2.7,14:00,2.81,3.27,2.65,2.1,1.73,2.09,1.76,0.0,1.98,1.87
2023/24,2023-10-02,Fulham,Chelsea,0,2,A,0,2,A,T Robinson,10,11,3,4,15,12,8,1,1,4,0,0,3.6,3.5,2.05,20:00,3.73,3.49,2.06,1.98,1.92,1.93,1.89,0.5,1.82,2.05
2023/24,2023-10-03,Luton,Burnley,1,2,A,0,1,A,P Bankes,18,14,3,4,14,6,7,6,4,2,0,0,2.9,3.0,2.63,19:30,2.92,3.18,2.63,2.2,1.65,2.24,1.67,0.0,2.03,1.83
2023/24,2023-10-07,Burnley,Chelsea,1,4,A,1,1,D,S Attwell,10,9,3,5,11,8,7,3,2,4,0,0,4.5,3.8,1.73,15:00,4.63,3.92,1.76,1.85,2.05,1.8,2.04,0.75,1.89,1.94
2023/24,2023-10-07,Crystal Palace,Nott'm Forest,0,0,D,0,0,D,C Pawson,8,16,2,5,7,12,3,7,0,1,0,0,2.2,3.1,3.6,17:30,2.24,3.25,3.49,2.25,1.62,2.28,1.65,-0.25,1.89,1.95
2023/24,2023-10-07,Everton,Bournemouth,3,0,H,2,0,H,D Coote,25,11,8,4,14,15,8,7,1,2,0,0,1.91,3.6,3.8,15:00,1.97,3.7,3.81,1.85,2.05,1.83,2.01,-0.5,1.96,1.9
2023/24,2023-10-07,Fulham,Sheffield United,3,1,H,0,0,D,S Barrott,20,5,6,2,8,10,9,4,1,2,0,0,1.62,3.8,6.0,15:00,1.64,3.96,5.69,1.96,1.94,1.93,1.9,-1.0,2.11,1.77
2023/24,2023-10-07,Luton,Tottenham,0,1,A,0,0,D,J Brooks,12,15,2,4,16,7,5,6,2,1,0,1,6.0,4.75,1.45,12:30,6.46,4.79,1.48,1.53,2.4,1.55,2.46,1.25,1.85,2.01
2023/24,2023-10-07,Man United,Brentford,2,1,H,0,1,A,A Madley,21,11,8,3,10,17,7,5,0,5,0,0,1.67,4.2,4.75,15:00,1.69,4.2,4.78,1.65,2.2,1.64,2.23,-0.75,1.85,2.0
2023/24,2023-10-08,Wolves,Aston Villa,1,1,D,0,0,D,R Jones,8,18,3,4,19,9,2,10,2,2,1,0,3.5,3.4,2.1,14:00,3.4,3.59,2.14,1.75,2.05,1.8,2.04,0.25,2.0,1.84
2023/24,2023-10-08,West Ham,Newcastle,2,2,D,1,0,H,P Bankes,5,10,3,3,11,18,4,2,3,3,0,0,3.2,3.75,2.1,14:00,3.32,3.72,2.13,1.7,2.1,1.72,2.15,0.25,2.01,1.83
2023/24,2023-10-08,Arsenal,Man City,1,0,H,0,0,D,M Oliver,12,4,2,1,8,7,5,4,2,3,0,0,2.9,3.3,2.4,16:30,2.92,3.49,2.44,1.75,2.05,1.78,2.05,0.25,1.79,2.07
2023/24,2023-10-08,Brighton,Liverpool,2,2,D,1,2,A,A Taylor,14,14,3,4,12,20,8,1,1,2,0,0,3.0,3.8,2.2,14:00,3.05,4.01,2.17,1.36,3.1,1.35,3.22,0.25,1.96,1.87
2023/24,2023-10-21,Sheffield United,Man United,1,2,A,1,1,D,M Oliver,12,14,6,5,12,10,5,4,3,1,0,0,6.5,5.25,1.4,20:00,7.27,5.07,1.42,1.53,2.4,1.55,2.47,1.25,1.97,1.88
2023/24,2023-10-21,Newcastle,Crystal Palace,4,0,H,3,0,H,T Robinson,10,17,7,3,7,12,6,8,2,3,0,0,1.45,4.5,7.0,15:00,1.46,4.53,7.44,1.85,2.05,1.82,2.03,-1.25,2.02,1.83
2023/24,2023-10-21,Man City,Brighton,2,1,H,2,0,H,R Jones,10,5,6,3,9,11,2,2,2,2,1,0,1.4,5.25,6.5,15:00,1.41,5.36,6.83,1.36,3.1,1.37,3.09,-1.25,1.84,2.02
2023/24,2023-10-21,Nott'm Forest,Luton,2,2,D,0,0,D,S Barrott,19,13,8,4,12,11,4,2,3,0,0,0,1.67,3.75,5.5,15:00,1.69,3.82,5.33,2.08,1.82,2.03,1.8,-0.75,1.88,1.96
2023/24,2023-10-21,Chelsea,Arsenal,2,2,D,1,0,H,C Kavanagh,11,13,5,3,7,14,2,7,3,3,0,0,3.2,3.4,2.25,17:30,3.24,3.47,2.26,1.98,1.92,1.92,1.9,0.25,1.91,1.93
2023/24,2023-10-21,Brentford,Burnley,3,0,H,1,0,H,J Smith,23,6,10,1,14,12,5,5,5,2,0,1,1.83,3.75,4.2,15:00,1.83,3.74,4.4,1.95,1.95,1.92,1.92,-0.5,1.84,2.04
2023/24,2023-10-21,Bournemouth,Wolves,1,2,A,1,0,H,P Tierney,7,20,4,7,15,10,3,12,2,6,1,0,2.38,3.4,3.0,15:00,2.41,3.48,2.95,1.85,2.05,1.82,2.02,-0.25,2.06,1.8
2023/24,2023-10-21,Liverpool,Everton,2,0,H,0,0,D,C Pawson,26,6,6,1,9,9,12,4,1,1,0,1,1.33,5.75,7.5,12:30,1.36,5.66,8.01,1.4,2.88,1.41,2.92,-1.5,1.95,1.91
2023/24,2023-10-22,Aston Villa,West Ham,4,1,H,1,0,H,D Coote,15,14,7,4,9,15,8,7,0,1,0,0,1.85,3.6,4.0,16:30,1.9,3.86,3.88,1.57,2.35,1.58,2.39,-0.5,1.89,1.97
2023/24,2023-10-23,Tottenham,Fulham,2,0,H,1,0,H,A Taylor,15,10,5,3,10,14,3,5,2,0,0,0,1.5,4.5,6.0,20:00,1.51,4.7,5.99,1.5,2.5,1.51,2.55,-1.0,1.81,2.07
2023/24,2023-10-27,Crystal Palace,Tottenham,1,2,A,0,0,D,A Madley,13,10,3,1,19,11,11,2,2,1,0,0,4.5,3.75,1.75,20:00,4.64,3.83,1.79,1.94,1.96,1.89,1.96,0.75,1.86,1.99
2023/24,2023-10-28,Chelsea,Brentford,0,2,A,0,0,D,S Hooper,17,7,2,5,12,7,10,1,1,4,0,0,1.65,4.0,5.25,12:30,1.65,4.1,5.31,1.8,2.0,1.81,2.04,-0.75,1.82,2.05
2023/24,2023-10-28,Arsenal,Sheffield United,5,0,H,1,0,H,T Robinson,13,2,8,0,9,13,6,1,0,3,0,0,1.13,8.5,19.0,15:00,1.13,9.61,21.6,1.36,3.1,1.36,3.13,-2.5,2.05,1.82
2023/24,2023-10-28,Bournemouth,Burnley,2,1,H,1,1,D,S Barrott,13,6,6,3,9,12,10,5,2,3,0,0,2.15,3.5,3.3,15:00,2.13,3.66,3.38,1.75,2.05,1.8,2.05,-0.25,1.84,2.02
2023/24,2023-10-28,Wolves,Newcastle,2,2,D,1,2,A,A Taylor,11,13,6,5,13,15,8,7,1,4,0,0,4.2,4.0,1.75,17:30,4.26,3.94,1.82,1.75,2.05,1.77,2.1,0.75,1.82,2.03
2023/24,2023-10-29,West Ham,Everton,0,1,A,0,0,D,S Attwell,12,10,2,4,7,11,4,3,4,1,0,0,2.15,3.5,3.3,13:00,2.15,3.64,3.32,1.73,2.08,1.74,2.12,-0.25,1.86,1.99
2023/24,2023-10-29,Man United,Man City,0,3,A,0,1,A,P Tierney,7,21,3,10,9,4,7,12,4,1,0,0,5.0,3.8,1.67,15:30,4.99,4.04,1.69,1.7,2.1,1.73,2.15,0.75,2.0,1.85
2023/24,2023-10-29,Aston Villa,Luton,3,1,H,1,0,H,J Brooks,17,7,6,1,11,10,6,4,3,2,0,0,1.25,6.5,9.5,14:00,1.28,6.19,10.79,1.48,2.6,1.51,2.59,-1.75,1.97,1.88
2023/24,2023-10-29,Brighton,Fulham,1,1,D,1,0,H,M Salisbury,18,10,7,5,12,8,7,3,0,3,0,0,1.55,4.2,5.5,14:00,1.56,4.6,5.42,1.5,2.5,1.5,2.59,-1.0,1.92,1.95
2023/24,2023-10-29,Liverpool,Nott'm Forest,3,0,H,2,0,H,C Kavanagh,21,9,8,1,9,13,8,3,2,3,0,0,1.29,5.75,11.0,14:00,1.27,6.38,10.39,1.4,2.88,1.41,2.91,-1.75,1.93,1.92
2023/24,2023-11-04,Brentford,West Ham,3,2,H,1,2,A,T Bramall,16,12,4,2,12,14,4,3,1,4,0,0,2.05,3.6,3.5,15:00,2.08,3.67,3.46,1.73,2.08,1.75,2.11,-0.25,1.79,2.06
2023/24,2023-11-04,Burnley,Crystal Palace,0,2,A,0,1,A,P Bankes,17,4,5,3,9,12,12,1,0,5,0,0,2.75,3.25,2.6,15:00,2.85,3.23,2.63,2.2,1.65,2.23,1.68,0.0,2.02,1.86
2023/24,2023-11-04,Everton,Brighton,1,1,D,1,0,H,T Robinson,10,7,4,2,15,5,3,3,4,2,0,0,3.1,3.6,2.2,15:00,3.09,3.81,2.2,1.57,2.35,1.59,2.41,0.25,1.93,1.92
2023/24,2023-11-04,Fulham,Man United,0,1,A,0,0,D,J Brooks,18,12,3,5,9,15,9,4,5,2,0,0,3.2,3.6,2.2,12:30,3.24,3.61,2.2,1.75,2.05,1.79,2.05,0.25,1.96,1.89
2023/24,2023-11-04,Man City,Bournemouth,6,1,H,3,0,H,C Pawson,21,5,8,1,8,9,12,1,0,1,0,0,1.1,11.0,19.0,15:00,1.1,11.39,26.19,1.29,3.6,1.3,3.53,-2.5,1.86,2.01
2023/24,2023-11-04,Newcastle,Arsenal,1,0,H,0,0,D,S Attwell,9,14,2,1,14,9,0,11,5,1,0,0,2.8,3.2,2.6,17:30,2.82,3.39,2.56,1.95,1.95,1.92,1.91,0.0,2.02,1.84
2023/24,2023-11-04,Sheffield United,Wolves,2,1,H,0,0,D,R Jones,11,10,2,3,13,10,4,4,2,3,0,0,3.8,3.5,2.0,15:00,3.83,3.64,1.98,1.91,1.99,1.89,1.94,0.5,1.9,1.98
2023/24,2023-11-05,Luton,Liverpool,1,1,D,0,0,D,A Madley,8,24,5,6,7,13,4,7,1,1,0,0,12.0,6.5,1.22,16:30,11.46,6.8,1.24,1.36,3.1,1.37,3.09,1.75,2.04,1.82
2023/24,2023-11-05,Nott'm Forest,Aston Villa,2,0,H,1,0,H,J Gillett,5,13,3,3,6,9,0,10,1,1,0,0,4.2,3.75,1.85,14:00,4.09,3.77,1.89,1.73,2.08,1.76,2.1,0.5,2.0,1.88
2023/24,2023-11-06,Tottenham,Chelsea,1,4,A,1,1,D,M Oliver,8,17,5,8,12,21,1,6,1,5,2,0,2.0,3.75,3.5,20:00,2.13,3.73,3.29,1.7,2.1,1.71,2.16,-0.25,1.85,2.0
2023/24,2023-11-11,Wolves,Tottenham,2,1,H,0,1,A,T Robinson,17,6,4,2,19,15,11,3,4,3,0,0,3.1,3.75,2.2,12:30,3.13,3.73,2.21,1.62,2.25,1.63,2.32,0.25,1.93,1.92
2023/24,2023-11-11,Crystal Palace,Everton,2,3,A,1,1,D,S Barrott,13,8,4,4,9,18,9,2,1,4,0,0,2.45,3.2,3.0,15:00,2.44,3.21,3.11,2.25,1.62,2.29,1.64,-0.25,2.07,1.8
2023/24,2023-11-11,Man United,Luton,1,0,H,0,0,D,G Scott,15,10,4,4,9,11,11,3,0,2,0,0,1.33,5.25,9.5,15:00,1.33,5.6,9.17,1.53,2.4,1.53,2.52,-1.5,1.92,1.94
2023/24,2023-11-11,Arsenal,Burnley,3,1,H,1,0,H,M Oliver,16,8,6,5,8,9,3,3,0,1,1,0,1.18,7.0,17.0,15:00,1.19,7.34,15.07,1.48,2.6,1.49,2.62,-2.0,1.98,1.88
2023/24,2023-11-11,Bournemouth,Newcastle,2,0,H,0,0,D,C Kavanagh,19,8,10,5,10,4,6,5,2,1,0,0,4.75,4.0,1.73,17:30,4.67,4.03,1.73,1.7,2.1,1.69,2.2,0.75,1.93,1.92
2023/24,2023-11-12,Aston Villa,Fulham,3,1,H,2,0,H,S Hooper,12,9,6,5,4,17,2,2,2,5,0,0,1.57,4.2,5.5,14:00,1.59,4.28,5.66,1.7,2.1,1.69,2.19,-1.0,1.99,1.87
2023/24,2023-11-12,Brighton,Sheffield United,1,1,D,1,0,H,J Brooks,11,9,6,1,13,16,6,3,3,2,1,0,1.25,5.75,13.0,14:00,1.24,6.73,11.71,1.4,2.88,1.41,2.94,-1.75,1.84,2.02
2023/24,2023-11-12,Chelsea,Man City,4,4,D,2,2,D,A Taylor,17,15,9,10,12,15,3,3,5,3,0,0,5.0,3.7,1.73,16:30,4.93,3.83,1.74,1.88,2.02,1.84,2.0,0.75,1.92,1.93
2023/24,2023-11-12,Liverpool,Brentford,3,0,H,1,0,H,P Tierney,17,16,10,3,16,12,6,8,1,2,0,0,1.4,5.0,6.5,14:00,1.42,5.16,7.05,1.44,2.7,1.46,2.73,-1.25,1.88,1.97
2023/24,2023-11-12,West Ham,Nott'm Forest,3,2,H,1,1,D,M Salisbury,16,10,6,5,9,12,9,4,2,2,0,0,1.85,3.6,4.0,14:00,1.89,3.77,4.09,1.75,2.05,1.79,2.05,-0.5,1.88,1.99
2023/24,2023-11-25,Brentford,Arsenal,0,1,A,0,0,D,T Robinson,9,15,3,4,9,7,1,8,1,1,0,0,4.5,3.75,1.75,17:30,4.64,3.84,1.77,1.9,2.0,1.88,1.96,0.75,1.87,1.97
2023/24,2023-11-25,Burnley,West Ham,1,2,A,0,0,D,S Barrott,11,11,5,3,11,7,4,5,1,3,0,0,3.4,3.5,2.05,15:00,3.47,3.62,2.1,1.75,2.05,1.78,2.08,0.25,2.05,1.8
2023/24,2023-11-25,Luton,Crystal Palace,2,1,H,0,0,D,J Gillett,8,16,3,8,15,12,4,5,6,1,0,0,3.6,3.3,2.1,15:00,3.63,3.38,2.13,2.15,1.67,2.16,1.72,0.25,2.05,1.81
2023/24,2023-11-25,Man City,Liverpool,1,1,D,1,0,H,C Kavanagh,16,8,5,3,9,11,9,6,1,3,0,0,1.73,4.2,4.2,12:30,1.75,4.31,4.29,1.48,2.6,1.5,2.62,-0.75,1.92,1.94
2023/24,2023-11-25,Newcastle,Chelsea,4,1,H,1,1,D,S Hooper,14,7,5,4,13,19,4,2,4,4,0,1,2.55,3.5,2.63,15:00,2.62,3.5,2.68,1.86,2.04,1.84,2.01,0.0,1.91,1.96
2023/24,2023-11-25,Nott'm Forest,Brighton,2,3,A,1,2,A,A Taylor,18,11,5,5,12,7,6,4,2,4,0,1,3.2,3.6,2.15,15:00,3.22,3.64,2.2,1.73,2.08,1.74,2.13,0.25,1.96,1.89
2023/24,2023-11-25,Sheffield United,Bournemouth,1,3,A,0,2,A,A Madley,10,23,2,11,6,8,4,7,4,1,0,0,3.2,3.5,2.2,15:00,3.29,3.53,2.21,1.85,2.05,1.83,2.02,0.25,1.96,1.88
2023/24,2023-11-26,Everton,Man United,0,3,A,0,1,A,J Brooks,24,9,6,4,10,8,6,5,3,0,0,0,2.7,3.4,2.55,16:30,2.74,3.52,2.56,1.85,2.05,1.82,2.03,0.0,2.0,1.87
2023/24,2023-11-26,Tottenham,Aston Villa,1,2,A,1,1,D,R Jones,18,15,8,5,11,13,9,3,0,4,0,0,2.3,3.8,2.8,14:00,2.35,3.89,2.8,1.5,2.5,1.5,2.59,-0.25,2.05,1.81
2023/24,2023-11-27,Fulham,Wolves,3,2,H,1,1,D,M Salisbury,12,10,6,6,13,13,6,2,2,2,0,0,2.38,3.3,3.0,20:00,2.43,3.34,3.02,2.08,1.73,2.1,1.76,-0.25,2.07,1.8
2023/24,2023-12-02,Arsenal,Wolves,2,1,H,2,0,H,P Bankes,19,6,6,3,10,10,4,0,1,2,0,0,1.25,5.5,12.0,15:00,1.27,5.95,11.58,1.65,2.2,1.65,2.27,-1.5,1.82,2.06
2023/24,2023-12-02,Brentford,Luton,3,1,H,0,0,D,A Taylor,27,7,6,1,10,8,7,5,1,2,0,0,1.45,4.5,6.5,15:00,1.48,4.63,6.88,1.7,2.1,1.72,2.13,-1.25,2.03,1.84
2023/24,2023-12-02,Burnley,Sheffield United,5,0,H,2,0,H,C Kavanagh,19,6,7,3,9,12,6,1,2,5,0,1,1.8,3.6,4.5,15:00,1.83,3.68,4.55,2.06,1.84,2.0,1.84,-0.75,2.06,1.8
2023/24,2023-12-02,Newcastle,Man United,1,0,H,0,0,D,R Jones,22,8,4,1,6,13,7,3,1,2,0,0,1.91,3.75,3.8,20:00,1.94,3.84,3.84,1.67,2.15,1.71,2.19,-0.5,1.93,1.94
2023/24,2023-12-02,Nott'm Forest,Everton,0,1,A,0,0,D,P Tierney,13,12,2,3,15,14,4,3,1,0,0,0,2.75,3.25,2.6,17:30,2.8,3.35,2.62,2.05,1.75,2.04,1.8,0.0,2.0,1.86
2023/24,2023-12-03,Bournemouth,Aston Villa,2,2,D,1,1,D,T Bramall,15,11,7,3,16,12,7,7,5,3,0,0,3.4,4.0,1.95,14:00,3.45,4.0,2.01,1.53,2.4,1.52,2.54,0.5,1.9,1.97
2023/24,2023-12-03,Chelsea,Brighton,3,2,H,2,1,H,C Pawson,8,18,5,9,16,12,5,8,3,5,1,0,1.73,4.2,4.2,14:00,1.75,4.24,4.37,1.53,2.4,1.53,2.44,-0.75,1.92,1.93
2023/24,2023-12-03,Liverpool,Fulham,4,3,H,2,2,D,S Attwell,26,9,12,5,6,7,3,4,0,0,0,0,1.25,6.5,9.0,14:00,1.26,6.62,10.56,1.4,2.88,1.41,2.93,-1.75,1.9,1.95
2023/24,2023-12-03,Man City,Tottenham,3,3,D,2,1,H,S Hooper,18,8,4,4,14,14,10,8,4,4,0,0,1.29,6.0,9.0,16:30,1.3,6.18,9.27,1.36,3.1,1.36,3.14,-1.75,1.95,1.9
2023/24,2023-12-03,West Ham,Crystal Palace,1,1,D,1,0,H,M Oliver,9,9,3,2,17,7,2,3,2,0,0,0,2.0,3.5,3.8,14:00,2.02,3.53,3.84,2.04,1.86,2.0,1.84,-0.5,2.02,1.86
2023/24,2023-12-05,Luton,Arsenal,3,4,A,1,2,A,S Barrott,6,23,4,9,14,7,3,8,2,1,0,0,17.0,7.0,1.18,20:15,14.98,6.73,1.21,1.65,2.2,1.64,2.28,1.75,2.01,1.86
2023/24,2023-12-05,Wolves,Burnley,1,0,H,1,0,H,J Gillett,7,12,4,3,11,15,6,8,2,4,0,0,1.85,3.6,4.2,19:30,1.89,3.62,4.31,2.05,1.85,2.0,1.85,-0.5,1.89,1.99
2023/24,2023-12-06,Sheffield United,Liverpool,0,2,A,0,1,A,S Hooper,6,15,1,8,12,8,2,12,2,3,0,0,12.0,7.5,1.2,19:30,13.54,7.67,1.2,1.33,3.4,1.32,3.4,2.0,2.01,1.86
2023/24,2023-12-06,Man United,Chelsea,2,1,H,1,1,D,C Kavanagh,28,13,9,3,12,12,12,4,4,0,0,0,2.88,3.4,2.45,20:15,2.82,3.65,2.43,1.65,2.2,1.65,2.28,0.25,1.78,2.08
2023/24,2023-12-06,Fulham,Nott'm Forest,5,0,H,2,0,H,J Smith,14,4,6,1,7,10,6,1,0,1,0,0,2.0,3.4,3.75,19:30,2.05,3.49,3.78,2.06,1.84,2.05,1.81,-0.5,2.04,1.84
2023/24,2023-12-06,Brighton,Brentford,2,1,H,1,1,D,P Bankes,18,8,7,2,10,8,7,3,3,1,0,0,1.91,3.8,3.75,19:30,1.93,3.91,3.77,1.62,2.25,1.63,2.32,-0.5,1.92,1.94
2023/24,2023-12-06,Aston Villa,Man City,1,0,H,0,0,D,J Brooks,22,2,7,2,13,13,6,0,2,2,0,0,4.75,4.2,1.7,20:15,4.45,4.26,1.73,1.53,2.4,1.51,2.57,0.75,1.94,1.9
2023/24,2023-12-06,Crystal Palace,Bournemouth,0,2,A,0,1,A,C Pawson,16,11,3,4,10,17,3,9,1,3,0,0,2.25,3.5,3.1,19:30,2.27,3.45,3.25,2.01,1.89,1.98,1.86,-0.25,1.95,1.9
2023/24,2023-12-07,Everton,Newcastle,3,0,H,0,0,D,T Robinson,21,13,6,3,18,8,5,2,3,0,0,0,3.25,3.25,2.25,19:30,3.13,3.44,2.33,1.96,1.94,1.92,1.91,0.25,1.87,1.98
2023/24,2023-12-07,Tottenham,West Ham,1,2,A,1,0,H,M Salisbury,23,11,7,5,11,12,8,4,3,3,0,0,1.75,4.2,4.2,20:15,1.79,4.22,4.08,1.5,2.5,1.5,2.61,-0.75,1.99,1.87
2023/24,2023-12-09,Man United,Bournemouth,0,3,A,0,1,A,P Bankes,20,10,3,4,7,10,10,4,3,1,0,0,1.55,4.33,5.75,15:00,1.55,4.65,5.54,1.5,2.5,1.51,2.56,-1.0,1.89,1.98
2023/24,2023-12-09,Aston Villa,Arsenal,1,0,H,1,0,H,J Gillett,10,12,3,5,16,11,3,3,4,2,0,0,3.3,3.6,2.1,17:30,3.41,3.66,2.11,1.7,2.1,1.72,2.15,0.25,2.03,1.82
2023/24,2023-12-09,Brighton,Burnley,1,1,D,0,1,A,S Hooper,29,6,11,3,5,8,9,1,0,4,0,0,1.5,4.75,6.0,15:00,1.5,4.69,6.18,1.57,2.35,1.59,2.4,-1.0,1.79,2.08
2023/24,2023-12-09,Crystal Palace,Liverpool,1,2,A,0,0,D,A Madley,8,14,4,2,17,17,6,5,5,2,1,0,6.0,4.5,1.5,12:30,6.12,4.54,1.52,1.65,2.2,1.65,2.28,1.0,2.03,1.84
2023/24,2023-12-09,Sheffield United,Brentford,1,0,H,1,0,H,S Attwell,9,10,4,4,14,13,3,4,5,1,0,0,4.2,3.8,1.75,15:00,4.48,3.82,1.8,1.95,1.95,1.91,1.93,0.75,1.83,2.02
2023/24,2023-12-09,Wolves,Nott'm Forest,1,1,D,1,1,D,S Barrott,10,8,4,2,9,11,4,3,0,1,0,0,1.85,3.6,4.33,15:00,1.87,3.64,4.34,2.06,1.84,2.0,1.83,-0.5,1.87,2.0
2023/24,2023-12-10,Everton,Chelsea,2,0,H,0,0,D,M Oliver,9,16,5,4,12,12,4,8,2,2,0,0,3.1,3.5,2.25,14:00,3.02,3.59,2.31,1.75,2.05,1.78,2.05,0.25,1.85,1.99
2023/24,2023-12-10,Fulham,West Ham,5,0,H,3,0,H,P Tierney,14,9,8,5,5,10,3,6,2,1,0,0,2.38,3.5,2.9,14:00,2.39,3.49,2.95,1.9,2.0,1.85,1.98,-0.25,2.05,1.81
2023/24,2023-12-10,Luton,Man City,1,2,A,1,0,H,T Robinson,4,18,2,6,16,6,6,3,2,1,0,0,17.0,8.0,1.14,14:00,18.02,8.94,1.15,1.36,3.1,1.38,2.99,2.25,1.9,1.95
2023/24,2023-12-10,Tottenham,Newcastle,4,1,H,2,0,H,C Kavanagh,23,9,12,3,10,12,3,6,1,3,0,0,2.15,3.8,3.1,16:30,2.2,3.84,3.05,1.53,2.4,1.53,2.49,-0.25,1.92,1.92
2023/24,2023-12-15,Nott'm Forest,Tottenham,0,2,A,0,1,A,J Gillett,15,12,1,6,16,11,6,4,2,4,0,1,4.2,4.2,1.73,20:00,4.52,4.13,1.74,1.62,2.25,1.63,2.32,0.75,1.92,1.93
2023/24,2023-12-16,Man City,Crystal Palace,2,2,D,1,0,H,P Tierney,19,5,9,2,12,9,6,1,1,1,0,0,1.18,8.0,13.0,15:00,1.18,7.77,16.06,1.44,2.7,1.46,2.71,-2.0,1.88,1.99
2023/24,2023-12-16,Newcastle,Fulham,3,0,H,0,0,D,S Barrott,27,6,10,4,7,12,5,1,0,2,0,1,1.8,3.8,4.0,15:00,1.87,3.91,4.03,1.7,2.1,1.72,2.16,-0.5,1.87,2.01
2023/24,2023-12-16,Burnley,Everton,0,2,A,0,2,A,A Taylor,14,9,2,6,9,8,8,6,0,1,0,0,3.6,3.4,2.1,17:30,3.55,3.45,2.14,2.05,1.75,2.02,1.81,0.25,2.03,1.82
2023/24,2023-12-16,Chelsea,Sheffield United,2,0,H,0,0,D,A Madley,15,6,6,1,9,14,7,6,1,3,0,0,1.22,6.5,13.0,15:00,1.24,6.49,12.28,1.5,2.5,1.52,2.54,-1.75,1.9,1.95
2023/24,2023-12-17,Arsenal,Brighton,2,0,H,0,0,D,T Robinson,26,6,9,1,11,9,10,1,1,3,0,0,1.44,5.0,6.0,14:00,1.48,4.73,6.5,1.53,2.4,1.58,2.36,-1.25,2.03,1.83
2023/24,2023-12-17,Brentford,Aston Villa,1,2,A,1,0,H,D Coote,4,15,3,5,19,6,7,12,6,4,1,1,3.2,3.75,2.1,14:00,3.26,3.71,2.16,1.7,2.1,1.69,2.18,0.25,1.97,1.87
2023/24,2023-12-17,Liverpool,Man United,0,0,D,0,0,D,M Oliver,34,6,8,1,13,8,12,0,2,4,0,1,1.3,6.0,8.0,16:30,1.32,6.09,8.5,1.33,3.4,1.32,3.39,-1.5,1.82,2.06
2023/24,2023-12-17,West Ham,Wolves,3,0,H,2,0,H,C Kavanagh,13,14,4,3,12,15,6,6,3,1,0,0,2.15,3.5,3.3,14:00,2.16,3.55,3.4,1.95,1.95,1.9,1.93,-0.25,1.85,2.0
2023/24,2023-12-21,Crystal Palace,Brighton,1,1,D,1,0,H,J Brooks,11,18,3,6,12,11,3,1,5,2,0,0,3.3,3.3,2.15,20:00,3.35,3.5,2.18,1.99,1.91,1.92,1.92,0.25,1.96,1.88
2023/24,2023-12-22,Aston Villa,Sheffield United,1,1,D,0,0,D,A Taylor,12,5,4,2,11,16,9,1,3,3,0,0,1.22,6.5,12.0,20:00,1.24,6.67,11.7,1.44,2.7,1.46,2.74,-1.75,1.9,1.96
2023/24,2023-12-23,West Ham,Man United,2,0,H,0,0,D,S Hooper,12,11,5,3,13,15,4,4,2,3,0,0,2.6,3.6,2.6,12:30,2.61,3.65,2.6,1.7,2.1,1.68,2.22,0.0,1.95,1.92
2023/24,2023-12-23,Tottenham,Everton,2,1,H,2,0,H,S Attwell,13,18,6,8,6,18,3,8,1,4,0,0,1.75,4.2,4.0,15:00,1.8,4.16,4.08,1.53,2.4,1.54,2.48,-0.75,1.99,1.86
2023/24,2023-12-23,Nott'm Forest,Bournemouth,2,3,A,0,0,D,R Jones,11,18,5,7,10,10,6,6,0,3,1,0,2.75,3.4,2.55,15:00,2.76,3.49,2.54,1.95,1.95,1.89,1.95,0.0,2.0,1.86
2023/24,2023-12-23,Fulham,Burnley,0,2,A,0,0,D,R Welch,19,7,5,2,5,17,8,6,2,1,0,0,1.67,3.75,5.25,15:00,1.7,3.94,5.01,1.92,1.98,1.87,1.97,-0.75,1.89,1.96
2023/24,2023-12-23,Liverpool,Arsenal,1,1,D,1,1,D,C Kavanagh,13,13,3,2,13,14,4,5,2,5,0,0,2.38,3.6,2.8,17:30,2.43,3.63,2.83,1.7,2.1,1.69,2.2,-0.25,2.08,1.79
2023/24,2023-12-23,Luton,Newcastle,1,0,H,1,0,H,D England,16,15,5,2,11,5,6,7,2,1,0,0,4.75,4.2,1.65,15:00,5.0,4.23,1.65,1.75,2.05,1.77,2.06,0.75,2.04,1.81
2023/24,2023-12-24,Wolves,Chelsea,2,1,H,0,0,D,D Coote,14,16,6,5,11,9,10,6,3,5,0,0,3.75,3.75,1.91,13:00,3.73,3.73,1.98,1.86,2.04,1.83,2.02,0.5,1.89,1.97
2023/24,2023-12-26,Sheffield United,Luton,2,3,A,0,1,A,S Allison,21,12,6,4,13,13,9,4,5,0,0,0,2.3,3.3,3.1,15:00,2.41,3.32,3.07,2.1,1.7,2.11,1.75,-0.25,2.05,1.82
2023/24,2023-12-26,Newcastle,Nott'm Forest,1,3,A,1,1,D,C Kavanagh,19,15,7,6,10,11,10,2,3,3,0,0,1.5,4.33,5.75,12:30,1.51,4.41,6.57,1.8,2.0,1.78,2.02,-1.0,1.86,2.0
2023/24,2023-12-26,Burnley,Liverpool,0,2,A,0,1,A,P Tierney,9,19,0,10,7,10,4,4,2,1,0,0,6.5,5.25,1.4,17:30,7.67,5.3,1.39,1.44,2.7,1.45,2.73,1.5,1.83,2.04
2023/24,2023-12-26,Bournemouth,Fulham,3,0,H,1,0,H,T Robinson,16,8,4,3,10,10,6,5,0,2,0,0,2.15,3.6,3.2,15:00,2.22,3.62,3.2,1.73,2.08,1.76,2.08,-0.25,1.91,1.94
2023/24,2023-12-26,Man United,Aston Villa,3,2,H,0,2,A,C Pawson,13,10,7,4,10,10,3,6,1,3,0,0,2.6,3.5,2.6,20:00,2.63,3.63,2.61,1.62,2.25,1.63,2.33,0.0,1.96,1.93
2023/24,2023-12-27,Brentford,Wolves,1,4,A,1,3,A,A Madley,14,11,4,5,5,14,8,2,1,1,0,0,1.95,3.5,4.2,19:30,1.96,3.59,3.97,2.03,1.87,1.97,1.86,-0.5,1.96,1.91
2023/24,2023-12-27,Chelsea,Crystal Palace,2,1,H,1,1,D,M Salisbury,9,13,4,5,13,16,4,3,3,2,0,0,1.67,4.0,5.0,19:30,1.7,3.91,5.02,1.91,1.99,1.89,1.94,-0.75,1.89,1.96
2023/24,2023-12-27,Everton,Man City,1,3,A,1,0,H,J Brooks,7,23,2,9,13,5,8,4,4,2,0,0,5.75,4.0,1.57,20:15,5.84,4.17,1.59,1.73,2.08,1.74,2.11,1.0,1.88,1.99
2023/24,2023-12-28,Arsenal,West Ham,0,2,A,0,1,A,M Oliver,30,6,8,3,8,8,10,3,2,0,0,0,1.33,5.5,7.5,20:15,1.35,5.39,8.64,1.57,2.35,1.58,2.4,-1.5,2.0,1.87
2023/24,2023-12-28,Brighton,Tottenham,4,2,H,2,0,H,J Gillett,15,19,9,3,18,6,7,6,3,2,0,0,2.5,3.6,2.6,19:30,2.52,3.9,2.57,1.44,2.7,1.45,2.76,0.0,1.91,1.95
2023/24,2023-12-30,Aston Villa,Burnley,3,2,H,2,1,H,S Attwell,19,9,7,5,9,14,6,2,4,1,0,1,1.36,5.25,7.5,15:00,1.37,5.27,8.15,1.57,2.35,1.57,2.43,-1.5,2.03,1.84
2023/24,2023-12-30,Crystal Palace,Brentford,3,1,H,2,1,H,R Jones,13,9,6,4,14,10,7,4,0,1,0,0,2.2,3.3,3.4,15:00,2.23,3.33,3.43,2.15,1.67,2.17,1.71,-0.25,1.89,1.96
2023/24,2023-12-30,Luton,Chelsea,2,3,A,0,2,A,P Tierney,15,12,6,8,14,21,7,2,2,2,0,0,6.5,4.2,1.5,12:30,6.04,4.53,1.53,1.65,2.2,1.66,2.27,1.0,2.01,1.86
2023/24,2023-12-30,Man City,Sheffield United,2,0,H,1,0,H,D Coote,18,4,4,2,5,6,12,2,1,1,0,0,1.08,11.0,29.0,15:00,1.08,12.85,29.4,1.3,3.5,1.32,3.42,-2.75,1.97,1.88
2023/24,2023-12-30,Nott'm Forest,Man United,2,1,H,0,0,D,T Robinson,8,10,2,5,9,11,4,5,2,4,0,0,3.2,3.6,2.15,17:30,3.27,3.68,2.16,1.73,2.08,1.76,2.1,0.25,1.98,1.86
2023/24,2023-12-30,Wolves,Everton,3,0,H,1,0,H,T Bramall,12,10,6,0,9,14,5,2,2,3,0,0,2.63,3.3,2.7,15:00,2.64,3.38,2.74,2.05,1.75,2.03,1.81,0.0,1.9,1.97
2023/24,2023-12-31,Fulham,Arsenal,2,1,H,1,1,D,J Smith,15,13,4,3,11,10,5,4,4,1,0,0,5.25,4.5,1.55,14:00,5.74,4.29,1.57,1.73,2.08,1.76,2.1,1.0,1.9,1.97
2023/24,2023-12-31,Tottenham,Bournemouth,3,1,H,1,0,H,S Hooper,12,24,6,4,9,18,4,13,3,3,0,0,1.75,4.2,4.0,14:00,1.78,4.33,4.04,1.4,2.88,1.4,2.96,-0.75,1.95,1.9
2023/24,2024-01-01,Liverpool,Newcastle,4,2,H,0,0,D,A Taylor,34,5,15,3,16,15,7,3,3,5,0,0,1.45,4.5,7.0,20:00,1.46,4.88,6.56,1.44,2.7,1.45,2.78,-1.25,1.95,1.9
2023/24,2024-01-02,West Ham,Brighton,0,0,D,0,0,D,S Barrott,6,22,2,8,4,6,2,0,1,0,0,0,2.45,3.75,2.75,19:30,2.47,3.7,2.73,1.6,2.3,1.62,2.34,0.0,1.85,2.03
2023/24,2024-01-12,Burnley,Luton,1,1,D,1,0,H,T Harrington,13,14,7,5,7,12,2,8,1,0,0,0,2.0,3.6,3.6,19:45,2.03,3.58,3.74,1.99,1.91,1.92,1.88,-0.5,2.03,1.85
2023/24,2024-01-13,Chelsea,Fulham,1,0,H,1,0,H,A Taylor,17,14,3,4,13,9,6,4,5,1,0,0,1.6,4.2,5.25,12:30,1.64,4.24,5.19,1.62,2.25,1.64,2.3,-1.0,2.07,1.81
2023/24,2024-01-13,Newcastle,Man City,2,3,A,2,1,H,C Kavanagh,12,27,5,11,7,7,3,13,1,2,0,0,5.5,4.33,1.55,17:30,5.5,4.47,1.57,1.6,2.3,1.61,2.35,1.0,1.92,1.94
2023/24,2024-01-14,Everton,Aston Villa,0,0,D,0,0,D,D Coote,10,16,2,5,13,14,4,5,1,4,0,0,2.8,3.5,2.45,14:00,2.79,3.62,2.45,1.73,2.08,1.71,2.17,0.25,1.76,2.11
2023/24,2024-01-14,Man United,Tottenham,2,2,D,2,1,H,J Brooks,9,16,2,6,8,5,8,13,2,1,0,0,2.2,3.75,3.0,16:30,2.2,3.93,3.0,1.48,2.6,1.47,2.72,-0.25,1.92,1.92
2023/24,2024-01-20,Arsenal,Crystal Palace,5,0,H,2,0,H,P Tierney,21,12,6,5,8,12,6,7,0,0,0,0,1.3,5.75,9.0,12:30,1.29,5.74,11.19,1.73,2.08,1.75,2.1,-1.5,1.89,1.98
2023/24,2024-01-20,Brentford,Nott'm Forest,3,2,H,1,1,D,D England,11,12,5,3,10,14,6,4,1,3,0,0,1.91,3.6,4.0,17:30,1.9,3.72,4.06,1.86,2.04,1.84,2.0,-0.5,1.89,1.98
2023/24,2024-01-21,Sheffield United,West Ham,2,2,D,1,1,D,M Salisbury,21,16,6,5,11,10,4,1,3,1,1,1,3.4,3.3,2.2,14:00,3.43,3.43,2.18,2.05,1.75,2.05,1.79,0.25,1.98,1.85
2023/24,2024-01-21,Bournemouth,Liverpool,0,4,A,0,0,D,A Madley,11,14,1,7,9,12,8,5,1,2,0,0,4.2,4.5,1.7,16:30,4.38,4.37,1.71,1.44,2.7,1.47,2.68,0.75,1.95,1.87
2023/24,2024-01-22,Brighton,Wolves,0,0,D,0,0,D,C Pawson,11,8,4,3,10,13,8,2,1,4,0,0,1.65,4.33,5.0,19:45,1.65,4.29,4.95,1.62,2.25,1.63,2.29,-1.0,2.07,1.79
2023/24,2024-01-30,Aston Villa,Newcastle,1,3,A,0,2,A,J Brooks,12,14,6,5,14,12,8,7,4,1,0,0,1.85,4.0,3.8,20:15,1.86,4.07,3.92,1.5,2.5,1.51,2.57,-0.5,1.86,2.03
2023/24,2024-01-30,Crystal Palace,Sheffield United,3,2,H,2,2,D,T Harrington,12,9,4,5,8,18,11,1,1,4,0,0,1.62,3.6,6.5,20:00,1.64,3.87,5.92,2.08,1.73,2.09,1.77,-0.75,1.81,2.06
2023/24,2024-01-30,Fulham,Everton,0,0,D,0,0,D,T Bramall,25,21,6,4,6,13,15,6,1,2,0,0,2.45,3.2,3.0,19:45,2.45,3.33,3.01,2.05,1.75,2.03,1.8,-0.25,2.08,1.8
2023/24,2024-01-30,Luton,Brighton,4,0,H,3,0,H,R Jones,18,9,8,2,13,14,7,4,2,2,0,0,4.2,4.2,1.75,19:45,4.34,4.09,1.78,1.65,2.2,1.65,2.28,0.75,1.88,1.96
2023/24,2024-01-30,Nott'm Forest,Arsenal,1,2,A,0,0,D,S Hooper,9,19,3,3,6,7,2,11,0,1,0,0,7.5,5.0,1.4,19:30,8.12,5.09,1.39,1.62,2.25,1.65,2.29,1.25,2.02,1.85
2023/24,2024-01-31,Tottenham,Brentford,3,2,H,0,1,A,D Coote,19,9,5,5,13,15,5,3,2,3,0,0,1.67,4.2,4.75,19:30,1.67,4.34,4.75,1.5,2.5,1.5,2.59,-0.75,1.83,2.03
2023/24,2024-01-31,Liverpool,Chelsea,4,1,H,2,0,H,P Tierney,28,4,13,3,15,16,8,1,2,4,0,0,1.57,4.33,5.25,20:15,1.58,4.61,5.15,1.44,2.7,1.45,2.77,-1.0,1.93,1.93
2023/24,2024-01-31,Man City,Burnley,3,1,H,2,0,H,S Barrott,14,8,4,3,3,13,7,3,2,2,0,0,1.08,12.0,21.0,19:30,1.1,11.19,24.13,1.33,3.4,1.34,3.31,-2.5,1.89,1.98
2023/24,2024-02-01,West Ham,Bournemouth,1,1,D,0,1,A,T Robinson,9,9,3,4,13,11,1,5,1,3,0,0,2.4,3.75,2.75,19:30,2.43,3.73,2.75,1.62,2.25,1.65,2.27,-0.25,2.09,1.76
2023/24,2024-02-01,Wolves,Man United,3,4,A,0,2,A,J Gillett,16,21,7,8,10,10,4,5,2,5,0,0,2.63,3.6,2.55,20:15,2.7,3.58,2.54,1.75,2.05,1.76,2.09,0.0,1.98,1.89
2023/24,2024-02-03,Brighton,Crystal Palace,4,1,H,3,0,H,S Hooper,13,7,6,5,8,14,3,2,1,3,0,0,1.7,4.0,4.75,15:00,1.7,4.07,4.82,1.73,2.08,1.73,2.14,-0.75,1.89,1.96
2023/24,2024-02-03,Burnley,Fulham,2,2,D,0,2,A,D Bond,12,15,4,7,11,7,2,13,2,2,0,0,2.9,3.4,2.38,15:00,2.94,3.45,2.43,1.99,1.91,1.93,1.9,0.25,1.79,2.06
2023/24,2024-02-03,Everton,Tottenham,2,2,D,1,2,A,M Oliver,14,9,5,6,8,14,9,5,3,0,0,0,3.0,3.6,2.25,12:30,2.94,3.69,2.34,1.62,2.25,1.64,2.29,0.25,1.84,2.01
2023/24,2024-02-03,Newcastle,Luton,4,4,D,2,2,D,T Bramall,19,11,6,8,13,16,8,2,2,2,0,0,1.44,4.75,6.5,15:00,1.43,4.97,7.02,1.57,2.35,1.58,2.43,-1.25,1.93,1.93
2023/24,2024-02-03,Sheffield United,Aston Villa,0,5,A,0,4,A,P Tierney,10,14,5,10,10,7,3,4,1,0,0,0,5.25,4.2,1.62,17:30,5.1,4.29,1.63,1.62,2.25,1.63,2.31,1.0,1.81,2.07
2023/24,2024-02-04,Arsenal,Liverpool,3,1,H,1,1,D,A Taylor,15,10,7,1,11,11,2,4,6,2,0,1,2.2,3.6,3.1,16:30,2.25,3.67,3.07,1.67,2.15,1.67,2.23,-0.25,1.93,1.91
2023/24,2024-02-04,Bournemouth,Nott'm Forest,1,1,D,1,1,D,R Welch,9,8,2,6,19,12,11,6,3,2,1,0,1.7,4.2,4.5,14:00,1.7,4.15,4.65,1.65,2.2,1.65,2.26,-0.75,1.87,1.96
2023/24,2024-02-04,Chelsea,Wolves,2,4,A,1,2,A,T Robinson,15,14,6,7,15,11,10,1,3,2,0,0,1.62,4.0,5.5,14:00,1.63,4.22,5.24,1.7,2.1,1.69,2.19,-1.0,2.05,1.82
2023/24,2024-02-04,Man United,West Ham,3,0,H,1,0,H,A Madley,12,22,5,3,10,5,5,8,0,1,0,0,1.62,4.2,5.0,14:00,1.66,4.23,4.93,1.6,2.3,1.62,2.33,-0.75,1.8,2.05
2023/24,2024-02-05,Brentford,Man City,1,3,A,1,1,D,J Gillett,9,25,3,15,2,4,8,13,1,0,0,0,7.0,4.75,1.4,20:00,7.17,4.99,1.42,1.57,2.35,1.57,2.42,1.25,1.95,1.89
2023/24,2024-02-10,Tottenham,Brighton,2,1,H,0,1,A,S Barrott,16,6,6,3,14,13,9,6,2,3,0,0,1.8,4.2,3.8,15:00,1.82,4.31,3.84,1.4,2.88,1.38,3.02,-0.75,2.02,1.84
2023/24,2024-02-10,Wolves,Brentford,0,2,A,0,1,A,S Hooper,17,9,5,6,11,9,7,4,2,3,0,0,2.1,3.6,3.4,15:00,2.12,3.66,3.38,1.75,2.05,1.76,2.09,-0.25,1.82,2.04
2023/24,2024-02-10,Nott'm Forest,Newcastle,2,3,A,2,2,D,A Taylor,13,7,3,5,9,6,4,4,1,2,0,0,3.3,3.75,2.05,17:30,3.3,3.71,2.13,1.7,2.1,1.71,2.16,0.25,2.0,1.84
2023/24,2024-02-10,Liverpool,Burnley,3,1,H,1,1,D,T Robinson,25,9,10,4,11,13,9,3,3,2,0,0,1.17,8.0,17.0,15:00,1.16,8.4,15.8,1.33,3.4,1.33,3.37,-2.25,1.97,1.88
2023/24,2024-02-10,Luton,Sheffield United,1,3,A,0,2,A,C Kavanagh,20,7,5,3,7,12,13,1,1,2,0,0,1.75,3.75,4.75,15:00,1.77,3.88,4.59,1.85,2.05,1.83,2.02,-0.75,1.98,1.88
2023/24,2024-02-10,Man City,Everton,2,0,H,0,0,D,J Brooks,19,5,3,1,6,11,9,0,0,2,0,0,1.18,8.0,13.0,12:30,1.2,7.36,13.47,1.44,2.7,1.44,2.78,-2.0,2.01,1.86
2023/24,2024-02-10,Fulham,Bournemouth,3,1,H,2,0,H,D England,7,25,6,4,11,11,1,14,1,2,0,0,2.38,3.5,2.8,15:00,2.4,3.58,2.88,1.73,2.08,1.74,2.12,-0.25,2.07,1.79
2023/24,2024-02-11,Aston Villa,Man United,1,2,A,0,1,A,R Jones,23,17,10,5,9,7,10,8,3,2,0,0,2.15,3.75,3.1,16:30,2.17,3.83,3.11,1.53,2.4,1.55,2.46,-0.25,1.89,1.95
2023/24,2024-02-11,West Ham,Arsenal,0,6,A,0,4,A,C Pawson,5,25,1,12,17,11,2,6,4,0,0,0,6.0,4.33,1.53,14:00,5.81,4.38,1.55,1.67,2.15,1.67,2.22,1.0,1.94,1.91
2023/24,2024-02-12,Crystal Palace,Chelsea,1,3,A,1,0,H,M Oliver,13,14,4,5,14,7,1,7,2,2,0,0,4.2,3.8,1.85,20:00,4.2,3.8,1.84,1.86,2.04,1.83,2.0,0.5,2.03,1.84
2023/24,2024-02-17,Brentford,Liverpool,1,4,A,0,1,A,M Oliver,15,15,6,8,4,18,1,6,2,1,0,0,5.5,4.33,1.57,12:30,5.24,4.52,1.59,1.48,2.6,1.5,2.61,1.0,1.91,1.95
2023/24,2024-02-17,Burnley,Arsenal,0,5,A,0,2,A,J Gillett,8,16,0,7,11,8,4,6,2,1,0,0,10.0,5.75,1.29,15:00,9.94,5.73,1.31,1.57,2.35,1.6,2.37,1.5,1.98,1.89
2023/24,2024-02-17,Fulham,Aston Villa,1,2,A,0,1,A,L Smith,15,12,4,3,11,6,4,4,5,2,0,0,2.9,3.75,2.2,15:00,2.94,3.77,2.29,1.6,2.3,1.62,2.33,0.25,1.86,1.99
2023/24,2024-02-17,Man City,Chelsea,1,1,D,0,1,A,A Madley,31,9,5,6,7,12,12,1,1,3,0,0,1.33,5.5,8.0,17:30,1.35,5.64,8.22,1.44,2.7,1.46,2.73,-1.5,1.94,1.92
2023/24,2024-02-17,Newcastle,Bournemouth,2,2,D,0,0,D,M Salisbury,17,12,5,7,9,22,4,2,1,3,0,0,1.83,4.2,3.75,15:00,1.85,4.16,3.83,1.48,2.6,1.47,2.68,-0.5,1.85,2.02
2023/24,2024-02-17,Nott'm Forest,West Ham,2,0,H,1,0,H,T Bramall,19,10,8,3,13,15,5,3,4,4,0,1,2.38,3.5,2.9,15:00,2.43,3.51,2.9,1.89,2.01,1.85,1.99,-0.25,2.08,1.79
2023/24,2024-02-17,Tottenham,Wolves,1,2,A,0,1,A,A Taylor,15,12,4,7,8,13,10,4,0,1,0,0,1.53,4.75,5.25,15:00,1.55,4.75,5.37,1.44,2.7,1.43,2.82,-1.0,1.86,2.01
2023/24,2024-02-18,Sheffield United,Brighton,0,5,A,0,2,A,S Attwell,6,24,1,10,3,5,5,10,1,4,1,0,5.0,4.2,1.62,14:00,4.92,4.3,1.65,1.57,2.35,1.57,2.42,1.0,1.81,2.06
2023/24,2024-02-18,Luton,Man United,1,2,A,1,2,A,D Coote,22,21,4,9,7,21,8,6,3,5,0,0,4.0,4.0,1.8,16:30,4.07,4.09,1.81,1.57,2.35,1.58,2.41,0.75,1.84,1.99
2023/24,2024-02-19,Everton,Crystal Palace,1,1,D,0,0,D,P Tierney,19,10,4,4,8,12,3,6,0,2,0,0,1.7,3.6,5.25,20:00,1.73,3.68,5.12,2.1,1.7,2.16,1.7,-0.75,1.92,1.91
2023/24,2024-02-20,Man City,Brentford,1,0,H,0,0,D,D England,25,6,11,2,12,6,10,1,2,4,0,0,1.18,8.0,13.0,19:30,1.18,8.12,15.16,1.33,3.4,1.34,3.26,-2.0,1.81,2.07
2023/24,2024-02-21,Liverpool,Luton,4,1,H,0,1,A,A Madley,29,12,13,3,15,14,13,4,1,4,0,0,1.2,7.0,13.0,19:30,1.2,7.72,13.14,1.3,3.5,1.3,3.51,-2.0,1.87,2.0
2023/24,2024-02-24,Arsenal,Newcastle,4,1,H,2,0,H,P Tierney,18,3,8,2,15,6,9,0,1,0,0,0,1.36,5.25,8.0,20:00,1.38,5.34,7.53,1.48,2.6,1.48,2.67,-1.5,2.04,1.84
2023/24,2024-02-24,Aston Villa,Nott'm Forest,4,2,H,3,1,H,S Barrott,16,10,6,3,7,16,7,2,1,2,0,0,1.53,4.5,5.75,15:00,1.55,4.54,5.63,1.57,2.35,1.57,2.42,-1.0,1.91,1.95
2023/24,2024-02-24,Bournemouth,Man City,0,1,A,0,1,A,J Gillett,13,15,4,6,14,6,3,8,2,2,0,0,7.0,5.25,1.4,17:30,6.96,5.16,1.42,1.48,2.6,1.49,2.64,1.25,1.97,1.88
2023/24,2024-02-24,Brighton,Everton,1,1,D,0,0,D,T Harrington,23,6,7,3,9,14,11,3,2,3,1,0,1.83,3.8,4.2,15:00,1.84,3.93,4.1,1.65,2.2,1.67,2.24,-0.5,1.83,2.05
2023/24,2024-02-24,Crystal Palace,Burnley,3,0,H,0,0,D,L Smith,15,2,6,0,8,13,12,3,3,1,0,1,1.95,3.5,4.0,15:00,2.01,3.46,3.92,2.1,1.7,2.12,1.74,-0.5,2.0,1.87
2023/24,2024-02-24,Man United,Fulham,1,2,A,0,0,D,M Oliver,21,17,9,5,6,11,10,9,2,5,0,0,1.57,4.33,5.5,15:00,1.58,4.47,5.33,1.57,2.35,1.57,2.43,-1.0,1.96,1.9
2023/24,2024-02-25,Wolves,Sheffield United,1,0,H,1,0,H,D Bond,13,12,2,4,8,4,5,6,2,1,0,0,1.44,4.75,7.0,13:30,1.46,4.69,6.86,1.65,2.2,1.66,2.26,-1.25,2.01,1.84
2023/24,2024-02-26,West Ham,Brentford,4,2,H,2,1,H,S Hooper,17,14,6,8,5,9,1,7,1,2,0,0,2.5,3.5,2.75,20:00,2.5,3.6,2.73,1.7,2.1,1.72,2.12,0.0,1.86,2.0
2023/24,2024-03-02,Newcastle,Wolves,3,0,H,2,0,H,T Robinson,14,12,7,3,8,11,3,5,0,1,0,0,1.91,4.0,3.6,15:00,1.9,3.95,3.8,1.57,2.35,1.59,2.39,-0.5,1.89,1.98
2023/24,2024-03-02,Tottenham,Crystal Palace,3,1,H,0,0,D,J Brooks,14,4,6,1,7,16,11,1,1,2,0,0,1.5,4.33,6.5,15:00,1.49,4.66,6.26,1.53,2.4,1.52,2.48,-1.25,2.04,1.81
2023/24,2024-03-02,Luton,Aston Villa,2,3,A,0,2,A,M Oliver,13,12,5,8,8,19,8,6,1,4,0,0,4.33,4.2,1.73,17:30,4.29,4.3,1.74,1.44,2.7,1.46,2.73,0.75,1.94,1.9
2023/24,2024-03-02,Nott'm Forest,Liverpool,0,1,A,0,0,D,P Tierney,8,22,2,2,11,12,3,12,2,2,0,0,6.0,4.33,1.53,15:00,5.63,4.67,1.54,1.48,2.6,1.48,2.65,1.0,2.01,1.86
2023/24,2024-03-02,Everton,West Ham,1,3,A,0,0,D,C Pawson,22,12,11,5,9,6,4,5,1,2,0,0,2.05,3.6,3.5,15:00,2.09,3.57,3.52,1.92,1.98,1.87,1.95,-0.25,1.8,2.06
2023/24,2024-03-02,Brentford,Chelsea,2,2,D,0,1,A,J Gillett,14,17,5,6,10,9,0,6,3,1,0,0,3.1,3.75,2.15,15:00,3.07,3.86,2.19,1.53,2.4,1.54,2.48,0.25,1.94,1.89
2023/24,2024-03-02,Fulham,Brighton,3,0,H,2,0,H,S Hooper,12,15,5,5,16,10,2,6,1,2,0,0,2.55,3.6,2.63,15:00,2.59,3.64,2.62,1.62,2.25,1.64,2.31,0.0,1.92,1.95
2023/24,2024-03-03,Burnley,Bournemouth,0,2,A,0,1,A,D Coote,20,10,6,3,8,13,7,2,2,4,0,0,3.75,3.6,1.95,13:00,3.72,3.78,1.96,1.7,2.1,1.71,2.18,0.5,1.91,1.95
2023/24,2024-03-03,Man City,Man United,3,1,H,0,1,A,A Madley,27,3,8,1,5,10,15,2,0,1,0,0,1.25,5.75,11.0,15:30,1.27,6.33,10.06,1.36,3.1,1.38,3.04,-1.75,1.9,1.93
2023/24,2024-03-04,Sheffield United,Arsenal,0,6,A,0,5,A,S Barrott,4,22,0,10,11,4,0,7,1,0,0,0,17.0,7.0,1.18,20:00,16.28,7.82,1.17,1.4,2.88,1.42,2.85,2.0,2.04,1.83
2023/24,2024-03-09,Arsenal,Brentford,2,1,H,1,1,D,R Jones,17,9,6,4,9,10,10,4,2,4,0,0,1.22,7.0,11.0,17:30,1.23,6.84,12.02,1.44,2.7,1.44,2.78,-1.75,1.85,2.02
2023/24,2024-03-09,Bournemouth,Sheffield United,2,2,D,0,1,A,A Taylor,32,13,12,9,12,11,10,3,3,5,0,0,1.33,5.25,8.0,15:00,1.34,5.51,8.58,1.53,2.4,1.53,2.52,-1.5,1.96,1.91
2023/24,2024-03-09,Crystal Palace,Luton,1,1,D,1,0,H,S Singh,21,8,4,2,20,11,8,6,2,3,0,0,1.75,3.8,4.2,15:00,1.78,3.89,4.49,1.75,2.05,1.79,2.05,-0.75,1.99,1.86
2023/24,2024-03-09,Man United,Everton,2,0,H,2,0,H,S Hooper,15,23,8,6,13,11,5,8,1,2,0,0,1.83,3.6,4.0,12:30,1.85,3.89,4.09,1.67,2.15,1.68,2.23,-0.5,1.85,2.03
2023/24,2024-03-09,Wolves,Fulham,2,1,H,0,0,D,T Harrington,8,23,3,6,7,11,3,4,2,2,0,0,2.5,3.4,2.75,15:00,2.54,3.45,2.79,1.95,1.95,1.9,1.94,0.0,1.83,2.04
2023/24,2024-03-10,Aston Villa,Tottenham,0,4,A,0,0,D,C Kavanagh,10,9,1,5,11,15,6,4,0,2,1,0,2.38,4.0,2.6,13:00,2.42,4.08,2.62,1.36,3.1,1.36,3.19,0.0,1.86,2.02
2023/24,2024-03-10,Brighton,Nott'm Forest,1,0,H,1,0,H,M Salisbury,10,9,3,4,14,14,6,3,4,4,0,0,1.8,4.0,4.0,14:00,1.78,4.04,4.25,1.62,2.25,1.62,2.32,-0.75,1.99,1.85
2023/24,2024-03-10,Liverpool,Man City,1,1,D,0,1,A,M Oliver,19,10,6,6,6,10,7,4,0,3,0,0,3.0,3.75,2.2,15:45,2.95,3.83,2.25,1.5,2.5,1.5,2.59,0.25,1.88,1.95
2023/24,2024-03-10,West Ham,Burnley,2,2,D,0,2,A,D England,22,11,4,4,11,18,4,4,2,4,0,0,1.67,4.0,4.75,14:00,1.67,4.08,4.97,1.7,2.1,1.72,2.15,-0.75,1.84,2.0
2023/24,2024-03-11,Chelsea,Newcastle,3,2,H,1,1,D,J Brooks,12,11,8,3,12,7,0,4,3,1,0,0,1.91,4.0,3.6,20:00,1.94,4.08,3.54,1.44,2.7,1.46,2.71,-0.5,1.95,1.92
2023/24,2024-03-13,Bournemouth,Luton,4,3,H,0,3,A,S Allison,24,8,10,4,16,11,11,3,1,2,0,0,1.5,4.75,5.75,19:30,1.5,4.77,6.0,1.44,2.7,1.47,2.71,-1.25,2.03,1.83
2023/24,2024-03-16,Burnley,Brentford,2,1,H,1,0,H,D Bond,17,9,6,5,14,17,5,4,2,4,0,1,3.25,3.6,2.15,15:00,3.27,3.66,2.16,1.75,2.05,1.75,2.1,0.25,1.96,1.87
2023/24,2024-03-16,Fulham,Tottenham,3,0,H,1,0,H,R Jones,16,14,7,5,9,10,4,5,2,3,0,0,3.5,3.8,1.95,17:30,3.4,3.93,2.01,1.48,2.6,1.49,2.62,0.5,1.86,2.0
2023/24,2024-03-16,Luton,Nott'm Forest,1,1,D,0,1,A,D England,10,16,4,6,10,17,6,7,1,2,0,0,2.8,3.5,2.45,15:00,2.81,3.63,2.42,1.67,2.15,1.68,2.22,0.25,1.77,2.08
2023/24,2024-03-17,West Ham,Aston Villa,1,1,D,1,0,H,J Gillett,13,13,5,5,13,12,7,11,3,3,0,0,2.63,3.75,2.45,14:00,2.65,3.73,2.51,1.57,2.35,1.56,2.44,0.0,1.99,1.88
2023/24,2024-03-30,Aston Villa,Wolves,2,0,H,1,0,H,P Tierney,11,13,5,3,11,19,5,4,3,4,0,0,1.6,4.33,5.0,17:30,1.64,4.38,4.86,1.57,2.35,1.56,2.44,-1.0,2.07,1.8
2023/24,2024-03-30,Bournemouth,Everton,2,1,H,0,0,D,S Barrott,11,7,4,3,14,11,9,8,1,2,0,0,2.2,3.6,3.2,15:00,2.2,3.61,3.23,1.7,2.1,1.73,2.13,-0.25,1.9,1.95
2023/24,2024-03-30,Brentford,Man United,1,1,D,0,0,D,S Hooper,31,11,5,5,7,14,14,4,2,2,0,0,3.0,3.8,2.2,20:00,3.06,3.83,2.2,1.53,2.4,1.54,2.48,0.25,1.93,1.91
2023/24,2024-03-30,Chelsea,Burnley,2,2,D,1,0,H,D England,33,18,13,7,12,7,12,4,2,2,0,1,1.29,6.0,9.5,15:00,1.3,5.96,9.44,1.48,2.6,1.48,2.67,-1.75,2.07,1.8
2023/24,2024-03-30,Newcastle,West Ham,4,3,H,1,2,A,R Jones,24,10,9,4,9,8,3,4,1,1,1,0,1.83,4.2,3.8,12:30,1.84,4.16,3.87,1.5,2.5,1.51,2.59,-0.75,2.05,1.82
2023/24,2024-03-30,Nott'm Forest,Crystal Palace,1,1,D,0,1,A,C Kavanagh,12,10,5,3,14,12,4,6,1,1,0,0,2.2,3.3,3.4,15:00,2.26,3.36,3.31,2.08,1.73,2.09,1.76,-0.25,1.93,1.92
2023/24,2024-03-30,Sheffield United,Fulham,3,3,D,0,0,D,T Robinson,8,24,4,9,10,13,2,15,4,1,0,0,4.5,4.0,1.73,15:00,4.64,4.03,1.73,1.65,2.2,1.68,2.22,0.75,1.94,1.9
2023/24,2024-03-30,Tottenham,Luton,2,1,H,0,1,A,J Gillett,17,7,4,3,16,14,3,6,2,4,0,0,1.2,8.0,11.0,15:00,1.22,7.47,11.31,1.25,4.0,1.25,3.94,-2.0,1.9,1.96
2023/24,2024-03-31,Liverpool,Brighton,2,1,H,1,1,D,D Coote,30,9,8,3,20,6,8,4,5,3,0,0,1.36,5.5,7.5,14:00,1.37,5.63,7.37,1.36,3.1,1.36,3.16,-1.5,1.97,1.89
2023/24,2024-03-31,Man City,Arsenal,0,0,D,0,0,D,A Taylor,12,6,1,2,9,20,7,4,0,2,0,0,1.91,3.8,3.8,16:30,1.92,3.8,3.86,1.7,2.1,1.74,2.12,-0.5,1.92,1.95
2023/24,2024-04-02,West Ham,Tottenham,1,1,D,1,1,D,J Brooks,11,13,4,4,13,9,9,5,1,4,0,0,3.3,4.2,1.95,20:15,3.3,4.16,2.01,1.33,3.4,1.35,3.26,0.5,1.86,2.01
2023/24,2024-04-02,Newcastle,Everton,1,1,D,1,0,H,T Harrington,18,10,6,3,9,14,7,3,0,3,0,0,2.0,3.75,3.5,19:30,2.01,3.82,3.55,1.67,2.2,1.67,2.24,-0.5,2.01,1.87
2023/24,2024-04-02,Nott'm Forest,Fulham,3,1,H,3,0,H,M Oliver,16,18,4,3,7,8,3,8,0,0,0,0,2.7,3.4,2.63,19:30,2.71,3.49,2.62,1.8,2.0,1.81,2.03,0.0,1.98,1.89
2023/24,2024-04-02,Bournemouth,Crystal Palace,1,0,H,0,0,D,G Scott,11,3,6,2,13,14,9,2,3,2,0,0,1.95,3.8,3.6,19:45,1.99,3.76,3.69,1.73,2.1,1.72,2.16,-0.5,1.99,1.89
2023/24,2024-04-02,Burnley,Wolves,1,1,D,1,1,D,T Bramall,13,8,6,2,10,12,7,4,0,2,0,0,2.45,3.6,2.75,19:45,2.53,3.49,2.8,1.84,2.06,1.81,2.03,0.0,1.85,2.03
2023/24,2024-04-03,Arsenal,Luton,2,0,H,2,0,H,C Pawson,13,5,4,1,12,8,3,1,1,1,0,0,1.1,10.0,19.0,19:30,1.1,11.25,22.73,1.25,4.0,1.26,3.86,-2.5,1.84,2.02
2023/24,2024-04-03,Brentford,Brighton,0,0,D,0,0,D,A Madley,5,24,2,6,9,12,1,5,1,1,0,0,2.38,3.8,2.75,19:30,2.39,3.79,2.78,1.57,2.38,1.56,2.44,0.0,1.79,2.07
2023/24,2024-04-03,Man City,Aston Villa,4,1,H,2,1,H,D England,25,8,11,3,6,13,2,3,1,2,0,0,1.3,6.0,8.0,20:15,1.3,6.08,9.06,1.4,3.0,1.41,2.95,-1.5,1.84,2.04
2023/24,2024-04-04,Chelsea,Man United,4,3,H,2,2,D,J Gillett,28,19,10,5,7,15,12,3,3,0,0,0,2.0,4.0,3.4,20:15,2.02,4.05,3.31,1.4,3.0,1.41,2.92,-0.5,2.03,1.84
2023/24,2024-04-04,Liverpool,Sheffield United,3,1,H,1,0,H,S Attwell,29,8,9,3,6,9,13,1,0,1,0,0,1.09,12.0,21.0,19:30,1.08,12.59,25.43,1.2,4.5,1.2,4.54,-2.75,1.84,2.01
2023/24,2024-04-06,Aston Villa,Brentford,3,3,D,1,0,H,M Salisbury,11,8,3,3,15,11,11,3,2,2,0,0,1.7,4.0,4.75,15:00,1.7,4.2,4.68,1.53,2.5,1.52,2.56,-0.75,1.87,1.99
2023/24,2024-04-06,Brighton,Arsenal,0,3,A,0,1,A,J Brooks,10,20,2,7,14,13,8,7,1,2,0,0,5.0,4.33,1.62,17:30,5.15,4.25,1.64,1.62,2.3,1.63,2.32,1.0,1.81,2.06
2023/24,2024-04-06,Crystal Palace,Man City,2,4,A,1,1,D,P Tierney,7,18,4,8,13,3,2,9,1,1,0,0,9.5,5.25,1.33,12:30,10.3,5.59,1.31,1.67,2.2,1.66,2.25,1.5,1.94,1.93
2023/24,2024-04-06,Everton,Burnley,1,0,H,1,0,H,M Oliver,12,6,3,1,11,13,3,5,2,1,0,1,1.65,4.0,5.25,15:00,1.67,4.07,5.04,1.8,2.0,1.78,2.06,-0.75,1.84,2.02
2023/24,2024-04-06,Fulham,Newcastle,0,1,A,0,0,D,S Allison,14,12,4,5,10,13,14,3,1,2,0,0,2.38,3.8,2.8,15:00,2.37,3.82,2.81,1.5,2.63,1.48,2.65,-0.25,2.07,1.81
2023/24,2024-04-06,Luton,Bournemouth,2,1,H,0,0,D,A Madley,19,8,9,1,7,14,7,2,0,0,0,0,3.75,3.8,1.91,15:00,3.68,4.04,1.91,1.5,2.63,1.49,2.62,0.5,1.96,1.91
2023/24,2024-04-06,Wolves,West Ham,1,2,A,1,0,H,T Harrington,14,11,7,4,15,7,4,4,5,2,0,0,2.5,3.6,2.7,15:00,2.51,3.58,2.75,1.8,2.0,1.77,2.08,0.0,1.83,2.03
2023/24,2024-04-07,Tottenham,Nott'm Forest,3,1,H,1,1,D,S Hooper,17,13,7,6,11,12,12,2,2,3,0,0,1.4,5.5,6.5,18:00,1.4,5.3,7.23,1.4,3.0,1.42,2.88,-1.25,1.82,2.03
2023/24,2024-04-07,Man United,Liverpool,2,2,D,0,1,A,A Taylor,9,28,5,7,9,10,6,11,5,2,0,0,4.75,4.5,1.6,15:30,4.69,4.65,1.63,1.33,3.4,1.34,3.25,1.0,1.87,1.98
2023/24,2024-04-07,Sheffield United,Chelsea,2,2,D,1,1,D,R Jones,11,6,6,3,12,10,7,6,4,2,0,0,7.0,5.25,1.4,17:30,6.88,5.28,1.41,1.4,3.0,1.4,2.95,1.25,2.02,1.84
2023/24,2024-04-13,Bournemouth,Man United,2,2,D,2,1,H,T Harrington,20,8,5,2,13,14,7,2,4,0,0,0,2.4,3.9,2.6,17:30,2.42,3.91,2.68,1.44,2.75,1.43,2.84,0.0,1.84,2.02
2023/24,2024-04-13,Brentford,Sheffield United,2,0,H,0,0,D,S Barrott,9,8,5,2,8,11,3,6,3,1,0,0,1.44,5.0,6.5,15:00,1.43,5.09,6.86,1.53,2.5,1.52,2.55,-1.25,1.9,1.96
2023/24,2024-04-13,Burnley,Brighton,1,1,D,0,0,D,S Hooper,11,20,3,8,18,8,4,5,1,2,0,0,3.5,3.75,2.0,15:00,3.5,3.8,2.02,1.67,2.2,1.65,2.26,0.5,1.84,2.03
2023/24,2024-04-13,Man City,Luton,5,1,H,1,0,H,J Brooks,33,4,13,2,7,6,12,1,1,0,0,0,1.1,11.0,19.0,15:00,1.1,11.66,23.86,1.29,3.75,1.26,3.77,-2.5,1.86,2.01
2023/24,2024-04-13,Newcastle,Tottenham,4,0,H,2,0,H,T Robinson,18,11,5,2,14,12,16,3,0,4,0,0,2.7,4.0,2.3,12:30,2.75,4.02,2.34,1.36,3.2,1.36,3.18,0.25,1.82,2.04
2023/24,2024-04-13,Nott'm Forest,Wolves,2,2,D,1,1,D,C Pawson,18,11,9,4,15,10,10,1,2,3,0,0,2.1,3.4,3.5,15:00,2.16,3.55,3.37,1.86,2.04,1.83,2.0,-0.25,1.85,2.01
2023/24,2024-04-14,Arsenal,Aston Villa,0,2,A,0,0,D,D Coote,18,11,4,2,12,7,4,6,3,1,0,0,1.29,5.75,10.0,16:30,1.28,6.1,9.89,1.5,2.63,1.48,2.66,-1.75,2.02,1.84
2023/24,2024-04-14,Liverpool,Crystal Palace,0,1,A,0,1,A,C Kavanagh,21,8,6,5,10,10,11,1,1,1,0,0,1.22,7.0,12.0,14:00,1.21,7.37,13.35,1.4,3.0,1.39,3.0,-2.0,1.96,1.89
2023/24,2024-04-14,West Ham,Fulham,0,2,A,0,1,A,S Attwell,15,18,4,10,6,13,8,3,1,2,0,0,2.38,3.6,2.8,14:00,2.38,3.65,2.88,1.67,2.2,1.66,2.26,-0.25,2.05,1.82
2023/24,2024-04-15,Chelsea,Everton,6,0,H,4,0,H,P Tierney,14,10,10,2,5,21,4,8,1,4,0,0,1.7,4.2,4.5,20:00,1.71,4.2,4.53,1.53,2.5,1.54,2.48,-0.75,1.88,1.97
2023/24,2024-04-20,Wolves,Arsenal,0,2,A,0,1,A,P Tierney,5,24,3,9,14,9,1,2,3,2,0,0,8.5,4.5,1.4,19:30,8.05,5.05,1.39,1.62,2.3,1.62,2.32,1.25,2.01,1.85
2023/24,2024-04-20,Luton,Brentford,1,5,A,0,2,A,J Gillett,6,21,3,9,13,9,4,9,1,2,0,0,3.1,3.75,2.15,15:00,3.18,3.75,2.17,1.57,2.38,1.56,2.43,0.25,1.96,1.88
2023/24,2024-04-20,Sheffield United,Burnley,1,4,A,0,2,A,A Madley,18,16,11,9,10,9,11,2,1,0,0,0,2.75,3.6,2.45,15:00,2.76,3.63,2.47,1.67,2.2,1.66,2.25,0.0,2.03,1.83
2023/24,2024-04-21,Fulham,Liverpool,1,3,A,1,1,D,C Pawson,12,14,5,7,5,11,1,4,3,0,0,0,5.25,4.5,1.57,16:30,5.19,4.67,1.57,1.44,2.75,1.41,2.91,1.0,1.95,1.9
2023/24,2024-04-21,Everton,Nott'm Forest,2,0,H,1,0,H,A Taylor,7,8,4,3,15,9,6,4,3,2,0,0,2.05,3.5,3.6,13:30,2.07,3.52,3.63,1.93,1.97,1.87,1.95,-0.25,1.78,2.09
2023/24,2024-04-21,Aston Villa,Bournemouth,3,1,H,1,1,D,T Robinson,14,14,4,6,8,14,8,4,1,3,0,0,1.85,4.0,3.6,15:00,1.87,4.11,3.76,1.44,2.75,1.44,2.77,-0.5,1.86,2.01
2023/24,2024-04-21,Crystal Palace,West Ham,5,2,H,4,1,H,G Scott,18,4,7,1,9,9,4,0,3,2,0,0,2.1,3.6,3.4,15:00,2.15,3.59,3.34,1.8,2.0,1.79,2.04,-0.25,1.84,2.01
2023/24,2024-04-23,Arsenal,Chelsea,5,0,H,1,0,H,S Hooper,27,7,10,1,12,11,4,2,2,2,0,0,1.44,5.0,6.0,20:00,1.45,4.93,6.78,1.53,2.5,1.53,2.53,-1.25,1.94,1.92
2023/24,2024-04-24,Crystal Palace,Newcastle,2,0,H,0,0,D,T Bramall,20,7,7,2,10,15,7,2,3,3,0,0,2.75,3.6,2.4,20:00,2.76,3.68,2.43,1.57,2.38,1.61,2.35,0.0,2.06,1.81
2023/24,2024-04-24,Everton,Liverpool,2,0,H,1,0,H,A Madley,16,23,6,7,6,13,4,13,0,3,0,0,7.0,5.0,1.4,20:00,7.11,4.98,1.42,1.53,2.5,1.51,2.56,1.25,1.95,1.9
2023/24,2024-04-24,Man United,Sheffield United,4,2,H,1,1,D,M Salisbury,25,10,13,4,7,9,9,4,0,1,0,0,1.3,6.5,7.5,20:00,1.31,6.11,8.44,1.36,3.2,1.36,3.18,-1.5,1.84,2.03
2023/24,2024-04-24,Wolves,Bournemouth,0,1,A,0,1,A,S Attwell,15,21,4,6,10,17,8,12,4,1,0,1,2.7,3.6,2.5,19:45,2.72,3.6,2.52,1.67,2.2,1.66,2.24,0.0,1.99,1.87
2023/24,2024-04-25,Brighton,Man City,0,4,A,0,3,A,J Gillett,7,14,3,6,10,3,4,4,2,0,0,0,6.5,5.0,1.4,20:00,6.65,4.95,1.44,1.5,2.63,1.49,2.63,1.25,1.91,1.94
2023/24,2024-04-27,Aston Villa,Chelsea,2,2,D,2,0,H,C Pawson,9,21,4,5,13,14,2,4,3,5,0,0,2.15,3.8,3.0,20:00,2.17,3.9,3.06,1.44,2.75,1.44,2.77,-0.25,1.9,1.95
2023/24,2024-04-27,Everton,Brentford,1,0,H,0,0,D,D England,18,10,1,4,10,12,6,6,1,2,0,0,2.3,3.5,3.0,17:30,2.36,3.5,2.97,1.87,2.03,1.83,2.01,-0.25,2.03,1.83
2023/24,2024-04-27,Fulham,Crystal Palace,1,1,D,0,0,D,S Attwell,9,14,2,4,11,15,5,9,0,2,0,0,2.1,3.5,3.5,15:00,2.11,3.6,3.42,1.73,2.1,1.7,2.18,-0.25,1.82,2.05
2023/24,2024-04-27,Man United,Burnley,1,1,D,0,0,D,J Brooks,27,16,10,7,7,11,6,5,1,3,0,0,1.5,4.75,5.5,15:00,1.52,4.9,5.44,1.36,3.2,1.36,3.15,-1.25,2.05,1.82
2023/24,2024-04-27,Newcastle,Sheffield United,5,1,H,1,1,D,T Harrington,20,15,7,5,9,10,4,5,0,0,0,0,1.22,7.0,11.0,15:00,1.23,7.04,11.1,1.33,3.4,1.33,3.31,-2.0,2.01,1.85
2023/24,2024-04-27,West Ham,Liverpool,2,2,D,1,0,H,A Taylor,11,28,8,8,8,10,5,8,0,2,0,0,5.5,5.0,1.5,12:30,5.63,4.89,1.51,1.36,3.2,1.37,3.1,1.0,2.1,1.78
2023/24,2024-04-27,Wolves,Luton,2,1,H,1,0,H,D Coote,13,9,5,6,14,14,4,4,3,1,0,0,1.95,3.8,3.6,15:00,1.98,3.83,3.58,1.62,2.3,1.63,2.31,-0.5,1.98,1.87
2023/24,2024-04-28,Tottenham,Arsenal,2,3,A,0,3,A,M Oliver,14,9,2,3,12,16,8,6,2,1,0,0,4.2,4.2,1.75,14:00,4.12,4.07,1.8,1.5,2.63,1.48,2.63,0.75,1.86,1.98
2023/24,2024-04-28,Nott'm Forest,Man City,0,2,A,0,1,A,S Hooper,14,11,2,5,8,6,4,5,0,0,0,0,8.0,6.0,1.3,16:30,9.5,5.72,1.31,1.53,2.5,1.53,2.5,1.5,1.96,1.9
2023/24,2024-04-28,Bournemouth,Brighton,3,0,H,1,0,H,P Tierney,15,13,6,1,14,10,8,2,2,2,0,0,2.25,3.8,2.9,14:00,2.26,3.8,2.94,1.44,2.75,1.47,2.68,-0.25,1.96,1.89
2023/24,2024-05-02,Chelsea,Tottenham,2,0,H,1,0,H,R Jones,16,19,5,3,12,16,4,9,0,1,0,0,2.15,3.8,3.0,19:30,2.2,4.05,2.91,1.3,3.5,1.31,3.44,-0.25,1.93,1.92
2023/24,2024-05-03,Luton,Everton,1,1,D,1,1,D,T Robinson,18,10,5,3,14,12,8,7,1,3,0,0,2.6,3.6,2.55,20:00,2.66,3.58,2.62,1.73,2.1,1.74,2.12,0.0,1.95,1.91
2023/24,2024-05-04,Arsenal,Bournemouth,3,0,H,1,0,H,D Coote,25,7,9,2,16,12,6,1,2,3,0,0,1.22,7.5,11.0,12:30,1.2,7.59,12.74,1.33,3.4,1.34,3.23,-2.0,1.93,1.92
2023/24,2024-05-04,Brentford,Fulham,0,0,D,0,0,D,G Scott,7,15,3,3,3,6,7,6,1,1,0,0,2.1,3.8,3.2,15:00,2.12,3.8,3.25,1.57,2.38,1.59,2.38,-0.25,1.84,2.02
2023/24,2024-05-04,Burnley,Newcastle,1,4,A,0,3,A,A Taylor,17,23,5,11,8,8,4,11,2,2,0,0,3.4,4.0,1.95,15:00,3.38,3.98,2.02,1.5,2.63,1.48,2.64,0.25,2.1,1.76
2023/24,2024-05-04,Man City,Wolves,5,1,H,3,0,H,C Pawson,20,2,12,1,4,17,6,0,0,4,0,0,1.08,12.0,21.0,17:30,1.09,11.51,25.33,1.3,3.5,1.3,3.52,-2.5,1.86,2.0
2023/24,2024-05-04,Sheffield United,Nott'm Forest,1,3,A,1,1,D,C Kavanagh,17,15,5,4,9,7,5,3,0,1,1,0,4.75,4.2,1.65,15:00,4.68,4.25,1.69,1.57,2.38,1.57,2.43,0.75,1.99,1.85
2023/24,2024-05-05,Brighton,Aston Villa,1,0,H,0,0,D,R Jones,15,2,8,1,13,10,7,3,2,1,0,0,2.75,3.75,2.45,14:00,2.72,3.77,2.43,1.5,2.63,1.48,2.63,0.0,2.04,1.82
2023/24,2024-05-05,Chelsea,West Ham,5,0,H,3,0,H,A Madley,25,13,14,2,12,10,8,6,1,3,0,0,1.65,4.5,4.5,14:00,1.65,4.55,4.58,1.4,3.0,1.4,2.93,-1.0,2.05,1.81
2023/24,2024-05-05,Liverpool,Tottenham,4,2,H,2,0,H,P Tierney,25,11,13,6,14,12,8,3,1,4,0,0,1.5,5.75,5.0,16:30,1.48,5.26,5.61,1.25,4.0,1.26,3.82,-1.25,1.94,1.91
2023/24,2024-05-06,Crystal Palace,Man United,4,0,H,2,0,H,J Gillett ,18,7,10,2,12,8,6,3,1,1,0,0,2.38,3.75,2.8,20:00,2.38,3.76,2.79,1.53,2.5,1.53,2.48,-0.25,2.07,1.79
2023/24,2024-05-11,Tottenham,Burnley,2,1,H,1,1,D,J Gillett,21,7,9,3,10,14,9,3,3,5,0,0,1.36,5.75,7.0,15:00,1.35,6.01,7.33,1.25,4.0,1.24,4.05,-1.5,1.85,2.01
2023/24,2024-05-11,Wolves,Crystal Palace,1,3,A,0,2,A,T Bramall,13,13,7,3,13,12,8,3,3,2,0,1,2.88,3.5,2.38,15:00,2.86,3.51,2.47,1.8,2.0,1.79,2.04,0.0,2.08,1.77
2023/24,2024-05-11,West Ham,Luton,3,1,H,0,1,A,M Oliver,24,4,8,1,9,15,7,6,1,3,0,0,1.8,4.2,3.8,15:00,1.82,4.33,3.83,1.44,2.75,1.42,2.84,-0.75,2.0,1.86
2023/24,2024-05-11,Nott'm Forest,Chelsea,2,3,A,1,1,D,T Harrington,20,12,4,5,14,8,5,6,2,3,0,0,3.4,3.8,2.0,17:30,3.39,3.94,2.03,1.5,2.63,1.48,2.64,0.5,1.84,2.02
2023/24,2024-05-11,Bournemouth,Brentford,1,2,A,0,0,D,M Donohue,13,11,4,5,16,12,3,8,2,2,0,0,1.95,4.0,3.5,15:00,1.98,3.99,3.5,1.44,2.75,1.46,2.71,-0.5,1.98,1.89
2023/24,2024-05-11,Fulham,Man City,0,4,A,0,1,A,A Taylor,1,16,1,9,9,6,1,7,1,0,1,0,13.0,7.0,1.2,12:30,12.3,7.05,1.22,1.36,3.2,1.34,3.18,2.0,1.84,2.02
2023/24,2024-05-11,Everton,Sheffield United,1,0,H,1,0,H,S Attwell,15,13,6,1,6,11,3,6,1,2,0,0,1.4,4.8,7.5,15:00,1.4,5.13,7.46,1.53,2.5,1.54,2.48,-1.25,1.86,1.99
2023/24,2024-05-11,Newcastle,Brighton,1,1,D,1,1,D,D England,18,15,7,4,9,16,8,4,3,4,0,0,1.57,4.75,4.75,15:00,1.59,4.81,4.84,1.33,3.4,1.33,3.32,-1.0,1.92,1.94
2023/24,2024-05-12,Man United,Arsenal,0,1,A,0,1,A,P Tierney,14,11,2,5,5,6,4,7,0,2,0,0,7.0,5.5,1.36,16:30,7.08,5.5,1.39,1.36,3.2,1.37,3.09,1.5,1.87,1.99
2023/24,2024-05-13,Aston Villa,Liverpool,3,3,D,1,2,A,S Hooper,19,14,5,7,11,15,5,4,1,1,0,0,4.2,4.33,1.7,20:00,4.15,4.55,1.71,1.33,3.4,1.33,3.28,0.75,1.97,1.87
2023/24,2024-05-14,Tottenham,Man City,0,2,A,0,0,D,C Kavanagh,10,8,5,5,14,11,7,4,3,3,0,0,6.5,6.0,1.36,20:00,6.94,5.91,1.38,1.25,4.0,1.27,3.79,1.5,1.93,1.94
2023/24,2024-05-15,Brighton,Chelsea,1,2,A,0,1,A,M Salisbury,12,13,2,6,13,14,4,6,2,2,0,1,3.3,4.0,1.95,19:45,3.37,3.99,2.02,1.4,3.0,1.4,2.98,0.5,1.86,2.01
2023/24,2024-05-15,Man United,Newcastle,3,2,H,1,0,H,R Jones,17,21,8,8,16,7,9,9,3,3,0,0,2.75,4.0,2.3,20:00,2.73,4.04,2.34,1.33,3.4,1.33,3.33,0.25,1.81,2.05
2023/24,2024-05-19,Sheffield United,Tottenham,0,3,A,0,1,A,A Madley,6,18,1,9,11,9,2,6,2,0,0,0,7.0,6.0,1.33,16:00,7.32,6.04,1.35,1.22,4.33,1.22,4.14,1.5,2.0,1.85
2023/24,2024-05-19,Man City,West Ham,3,1,H,2,1,H,J Brooks,28,3,12,2,3,12,11,2,0,1,0,0,1.08,12.0,21.0,16:00,1.1,11.72,21.81,1.2,4.5,1.2,4.45,-2.75,1.96,1.9
2023/24,2024-05-19,Liverpool,Wolves,2,0,H,2,0,H,C Kavanagh,36,4,14,3,14,11,10,2,1,1,0,1,1.17,8.0,15.0,16:00,1.16,8.71,14.55,1.22,4.33,1.22,4.23,-2.25,1.88,1.97
2023/24,2024-05-19,Crystal Palace,Aston Villa,5,0,H,2,0,H,D Bond,15,8,9,2,10,8,2,4,1,4,0,0,1.85,4.33,3.6,16:00,1.87,4.28,3.67,1.4,3.0,1.39,2.96,-0.5,1.85,2.02
2023/24,2024-05-19,Luton,Fulham,2,4,A,1,2,A,M Donohue,15,15,6,7,15,20,4,4,5,4,0,0,2.9,3.9,2.2,16:00,2.92,3.95,2.23,1.44,2.75,1.44,2.76,0.25,1.89,1.95
2023/24,2024-05-19,Burnley,Nott'm Forest,1,2,A,0,2,A,G Scott,20,12,3,6,11,5,4,3,1,0,0,0,3.0,3.5,2.3,16:00,2.9,3.74,2.32,1.53,2.5,1.51,2.55,0.25,1.84,2.01
2023/24,2024-05-19,Brighton,Man United,0,2,A,0,0,D,C Pawson,17,11,3,4,10,9,7,5,1,3,0,0,2.15,4.0,2.9,16:00,2.17,4.11,2.95,1.33,3.4,1.32,3.38,-0.25,1.91,1.94
2023/24,2024-05-19,Brentford,Newcastle,2,4,A,0,3,A,S Hooper,10,12,5,7,15,11,3,0,4,4,0,0,2.9,3.9,2.2,16:00,2.94,3.96,2.22,1.36,3.2,1.38,3.04,0.25,1.9,1.93
2023/24,2024-05-19,Arsenal,Everton,2,1,H,1,1,D,M Oliver,26,5,5,2,8,11,8,1,4,3,0,0,1.18,8.0,12.0,16:00,1.17,8.04,15.37,1.36,3.2,1.38,3.04,-2.0,1.82,2.05
2023/24,2024-05-19,Chelsea,Bournemouth,2,1,H,1,0,H,A Taylor,16,22,6,5,5,9,6,5,2,3,0,0,1.45,5.0,6.0,16:00,1.45,5.32,5.99,1.29,3.75,1.27,3.71,-1.25,1.88,1.97
2024/25,2024-08-16,Man United,Fulham,1,0,H,0,0,D,R Jones,14,10,5,2,12,10,7,8,2,3,0,0,1.6,4.2,5.25,20:00,1.62,4.36,5.15,1.53,2.5,1.53,2.52,-1.0,2.03,1.85
2024/25,2024-08-17,West Ham,Aston Villa,1,2,A,1,1,D,T Harrington,14,15,3,3,18,11,5,3,1,2,0,0,2.45,3.6,2.75,17:30,2.44,3.69,2.79,1.57,2.38,1.57,2.43,-0.25,2.1,1.78
2024/25,2024-08-17,Nott'm Forest,Bournemouth,1,1,D,1,0,H,M Oliver,14,13,8,4,17,8,2,6,1,3,0,0,2.45,3.5,2.8,15:00,2.45,3.49,2.89,1.73,2.1,1.77,2.08,0.0,1.8,2.09
2024/25,2024-08-17,Newcastle,Southampton,1,0,H,1,0,H,C Pawson,3,19,1,4,15,16,3,12,2,4,1,0,1.36,5.25,8.0,15:00,1.35,5.62,8.1,1.4,3.0,1.4,3.01,-1.5,1.93,1.93
2024/25,2024-08-17,Ipswich,Liverpool,0,2,A,0,0,D,T Robinson,7,18,2,5,9,18,2,10,3,1,0,0,8.5,5.5,1.33,12:30,8.28,5.76,1.34,1.4,3.0,1.41,2.94,1.5,1.97,1.9
2024/25,2024-08-17,Arsenal,Wolves,2,0,H,1,0,H,J Gillett,18,9,6,3,17,14,8,2,2,2,0,0,1.18,7.5,13.0,15:00,1.18,7.86,15.87,1.44,2.75,1.46,2.7,-2.0,1.9,1.96
2024/25,2024-08-17,Everton,Brighton,0,3,A,0,1,A,S Hooper,9,10,1,5,8,8,1,5,1,1,1,0,2.63,3.3,2.63,15:00,2.67,3.41,2.68,1.8,2.0,1.81,2.04,0.0,1.94,1.94
2024/25,2024-08-18,Brentford,Crystal Palace,2,1,H,1,0,H,S Barrott,9,14,5,6,6,15,4,7,1,5,0,0,2.4,3.4,2.9,14:00,2.46,3.44,2.9,1.8,2.0,1.81,2.03,-0.25,2.1,1.78
2024/25,2024-08-18,Chelsea,Man City,0,2,A,0,1,A,A Taylor,10,11,3,5,12,9,4,3,1,1,0,0,4.1,3.9,1.8,16:30,4.05,4.0,1.83,1.5,2.63,1.5,2.59,0.5,2.03,1.83
2024/25,2024-08-19,Leicester,Tottenham,1,1,D,0,1,A,C Kavanagh,7,15,3,7,11,12,2,13,1,1,0,0,5.0,4.33,1.62,20:00,5.01,4.37,1.63,1.53,2.5,1.52,2.54,1.0,1.83,2.03
2024/25,2024-08-24,Southampton,Nott'm Forest,0,1,A,0,0,D,S Barrott,5,23,1,8,14,14,4,10,3,3,0,0,2.55,3.3,2.8,15:00,2.57,3.32,2.84,2.01,1.89,1.97,1.87,0.0,1.83,2.05
2024/25,2024-08-24,Tottenham,Everton,4,0,H,2,0,H,A Taylor,13,10,7,1,11,15,12,5,0,0,0,0,1.44,4.75,6.5,15:00,1.44,4.95,6.75,1.5,2.63,1.51,2.55,-1.25,1.94,1.91
2024/25,2024-08-24,Man City,Ipswich,4,1,H,3,1,H,M Salisbury,14,1,5,1,4,15,10,1,2,3,0,0,1.08,12.0,21.0,15:00,1.09,12.17,26.97,1.3,3.5,1.29,3.54,-2.75,2.01,1.85
2024/25,2024-08-24,Crystal Palace,West Ham,0,2,A,0,0,D,R Jones,14,18,2,3,9,17,3,3,1,1,0,0,2.15,3.6,3.2,15:00,2.17,3.63,3.25,1.73,2.1,1.76,2.1,-0.25,1.88,1.98
2024/25,2024-08-24,Brighton,Man United,2,1,H,1,0,H,C Pawson,14,11,5,4,9,13,4,4,1,2,0,0,2.5,3.7,2.63,12:30,2.5,3.72,2.69,1.57,2.38,1.58,2.42,0.0,1.88,2.01
2024/25,2024-08-24,Aston Villa,Arsenal,0,2,A,0,0,D,M Oliver,11,9,3,4,8,15,4,1,1,3,0,0,4.33,3.8,1.75,17:30,4.41,3.92,1.78,1.73,2.1,1.73,2.13,0.75,1.86,1.98
2024/25,2024-08-24,Fulham,Leicester,2,1,H,1,1,D,D Bond,18,10,6,4,14,13,7,5,2,2,0,0,1.8,3.75,4.2,15:00,1.83,3.73,4.38,1.89,2.01,1.87,1.97,-0.75,2.06,1.8
2024/25,2024-08-25,Bournemouth,Newcastle,1,1,D,1,0,H,D Coote,16,14,4,5,19,8,8,9,2,2,0,0,2.9,3.8,2.2,14:00,2.99,3.8,2.25,1.57,2.38,1.56,2.44,0.25,1.9,1.94
2024/25,2024-08-25,Liverpool,Brentford,2,0,H,1,0,H,S Attwell,19,8,8,2,10,7,9,4,2,3,0,0,1.27,5.75,11.0,16:30,1.25,6.78,10.37,1.36,3.2,1.35,3.2,-1.75,1.85,2.0
2024/25,2024-08-25,Wolves,Chelsea,2,6,A,2,2,D,D England,12,14,4,8,13,13,5,5,2,3,0,0,4.33,4.0,1.75,14:00,4.37,4.0,1.77,1.62,2.3,1.64,2.29,0.75,1.87,1.98
2024/25,2024-08-31,West Ham,Man City,1,3,A,1,2,A,M Oliver,10,23,2,8,10,3,3,11,3,2,0,0,7.0,5.5,1.38,17:30,7.57,5.49,1.38,1.44,2.75,1.46,2.73,1.5,1.85,2.02
2024/25,2024-08-31,Arsenal,Brighton,1,1,D,1,0,H,C Kavanagh,11,22,7,4,12,7,3,7,3,2,1,0,1.33,5.5,8.5,12:30,1.35,5.66,8.11,1.53,2.5,1.53,2.52,-1.5,2.0,1.86
2024/25,2024-08-31,Brentford,Southampton,3,1,H,1,0,H,J Smith,20,18,7,6,10,7,2,8,2,1,0,0,1.75,3.9,4.33,15:00,1.77,3.97,4.46,1.73,2.1,1.73,2.15,-0.75,1.97,1.89
2024/25,2024-08-31,Everton,Bournemouth,2,3,A,0,0,D,S Attwell,18,17,8,7,6,1,8,4,2,1,0,0,2.75,3.4,2.55,15:00,2.78,3.4,2.59,1.92,1.98,1.87,1.95,0.0,2.0,1.87
2024/25,2024-08-31,Ipswich,Fulham,1,1,D,1,1,D,L Smith,11,9,4,4,15,15,8,6,2,3,0,0,3.0,3.5,2.3,15:00,3.1,3.5,2.31,1.84,2.06,1.82,2.03,0.25,1.86,1.98
2024/25,2024-08-31,Leicester,Aston Villa,1,2,A,0,1,A,D Coote,9,10,3,5,13,21,1,4,4,5,0,0,4.5,4.0,1.7,15:00,4.62,4.02,1.74,1.67,2.2,1.69,2.21,0.75,1.93,1.91
2024/25,2024-08-31,Nott'm Forest,Wolves,1,1,D,1,1,D,S Hooper,16,11,5,3,15,18,7,3,3,4,0,0,2.0,3.7,3.7,15:00,2.03,3.66,3.65,1.85,2.05,1.83,2.02,-0.5,2.02,1.85
2024/25,2024-09-01,Newcastle,Tottenham,2,1,H,1,0,H,R Jones,9,20,3,6,16,13,7,12,4,4,0,0,2.5,4.0,2.5,13:30,2.51,3.97,2.56,1.36,3.2,1.38,3.07,0.0,1.93,1.94
2024/25,2024-09-01,Man United,Liverpool,0,3,A,0,2,A,A Taylor,8,11,3,3,7,7,5,2,4,1,0,0,3.7,4.2,1.85,16:00,3.82,4.2,1.85,1.44,2.75,1.43,2.84,0.5,2.02,1.84
2024/25,2024-09-01,Chelsea,Crystal Palace,1,1,D,1,0,H,J Gillett,13,9,7,3,9,13,4,5,4,2,0,0,1.6,4.33,5.0,13:30,1.63,4.4,5.01,1.5,2.63,1.52,2.56,-1.0,2.03,1.84
2024/25,2024-09-14,Aston Villa,Everton,3,2,H,1,2,A,C Pawson,17,6,8,2,10,12,6,2,1,4,0,0,1.5,4.2,6.5,17:30,1.51,4.48,6.34,1.67,2.2,1.67,2.23,-1.0,1.84,2.03
2024/25,2024-09-14,Bournemouth,Chelsea,0,1,A,0,0,D,A Taylor,19,10,7,3,16,9,6,3,6,8,0,0,3.4,3.8,2.0,20:00,3.33,3.96,2.05,1.44,2.75,1.45,2.76,0.5,1.83,2.03
2024/25,2024-09-14,Brighton,Ipswich,0,0,D,0,0,D,S Barrott,21,6,6,1,14,16,9,2,4,3,0,0,1.38,5.0,7.5,15:00,1.38,5.16,7.89,1.53,2.5,1.56,2.46,-1.5,2.07,1.8
2024/25,2024-09-14,Crystal Palace,Leicester,2,2,D,0,1,A,T Harrington,20,9,4,4,11,15,5,2,0,3,0,0,1.62,4.0,5.5,15:00,1.63,4.14,5.38,1.73,2.1,1.76,2.1,-1.0,2.07,1.8
2024/25,2024-09-14,Fulham,West Ham,1,1,D,1,0,H,T Robinson,21,11,5,3,15,18,3,2,2,3,0,0,2.38,3.25,3.0,15:00,2.42,3.48,2.92,1.73,2.1,1.72,2.16,-0.25,2.07,1.79
2024/25,2024-09-14,Liverpool,Nott'm Forest,0,1,A,0,0,D,M Oliver,14,5,5,3,15,6,7,2,4,4,0,0,1.22,6.5,12.0,15:00,1.22,7.03,12.4,1.44,2.75,1.41,2.91,-2.0,2.03,1.84
2024/25,2024-09-14,Man City,Brentford,2,1,H,2,1,H,D Bond,18,8,7,5,9,3,12,3,3,1,0,0,1.18,8.0,12.0,15:00,1.17,8.2,14.79,1.36,3.2,1.35,3.22,-2.0,1.85,2.02
2024/25,2024-09-14,Southampton,Man United,0,3,A,0,2,A,S Attwell,6,20,4,10,11,14,0,7,1,4,1,0,4.5,4.0,1.7,12:30,4.56,4.04,1.74,1.62,2.3,1.61,2.36,0.75,1.93,1.92
2024/25,2024-09-15,Tottenham,Arsenal,0,1,A,0,0,D,J Gillett,15,7,5,4,13,10,7,6,5,3,0,0,3.0,3.5,2.3,14:00,2.99,3.59,2.33,1.57,2.38,1.58,2.41,0.25,1.84,2.0
2024/25,2024-09-15,Wolves,Newcastle,1,2,A,1,0,H,C Kavanagh,12,14,5,6,17,6,4,7,3,3,0,0,3.4,3.5,2.1,16:30,3.36,3.69,2.11,1.57,2.38,1.56,2.47,0.25,2.03,1.82
2024/25,2024-09-21,Tottenham,Brentford,3,1,H,2,1,H,J Brooks,23,6,10,6,11,9,9,4,3,1,0,0,1.55,4.5,5.5,15:00,1.55,4.72,5.41,1.44,2.75,1.42,2.81,-1.0,1.86,2.0
2024/25,2024-09-21,West Ham,Chelsea,0,3,A,0,2,A,S Barrott,15,12,7,5,17,9,6,5,5,2,0,0,3.6,3.9,1.95,12:30,3.49,3.89,2.01,1.5,2.63,1.52,2.54,0.5,1.87,2.0
2024/25,2024-09-21,Southampton,Ipswich,1,1,D,1,0,H,S Allison,11,13,3,6,16,16,2,10,4,4,0,0,2.25,3.5,3.2,15:00,2.25,3.52,3.17,1.8,2.0,1.77,2.06,-0.25,1.92,1.92
2024/25,2024-09-21,Liverpool,Bournemouth,3,0,H,3,0,H,T Harrington,19,19,13,6,10,12,3,9,1,4,0,0,1.3,6.25,9.0,15:00,1.29,6.31,9.35,1.36,3.2,1.36,3.12,-1.75,1.96,1.88
2024/25,2024-09-21,Fulham,Newcastle,3,1,H,2,0,H,P Bankes,22,15,11,4,16,8,6,0,6,0,0,0,3.0,3.4,2.4,15:00,2.86,3.51,2.45,1.67,2.2,1.68,2.22,0.25,1.77,2.09
2024/25,2024-09-21,Crystal Palace,Man United,0,0,D,0,0,D,D Coote,9,15,4,6,7,12,4,11,3,1,0,0,2.88,3.75,2.3,17:30,2.85,3.72,2.36,1.57,2.38,1.6,2.39,0.25,1.82,2.03
2024/25,2024-09-21,Aston Villa,Wolves,3,1,H,0,1,A,T Robinson,9,10,4,4,11,16,6,5,3,6,0,0,1.57,4.2,5.25,15:00,1.59,4.39,5.35,1.57,2.38,1.58,2.41,-1.0,1.98,1.88
2024/25,2024-09-21,Leicester,Everton,1,1,D,0,1,A,D England,12,16,2,5,11,12,6,1,1,2,0,0,2.45,3.4,2.88,15:00,2.52,3.44,2.82,1.87,2.03,1.86,1.98,0.0,1.82,2.06
2024/25,2024-09-22,Brighton,Nott'm Forest,2,2,D,2,1,H,R Jones,14,4,3,3,12,11,9,1,3,4,0,1,1.75,3.75,4.75,14:00,1.86,3.83,4.21,1.86,2.04,1.83,2.02,-0.75,1.98,1.85
2024/25,2024-09-22,Man City,Arsenal,2,2,D,1,2,A,M Oliver,33,5,11,3,7,10,8,2,3,4,0,1,1.8,3.6,4.5,16:30,1.83,3.62,4.52,2.04,1.86,2.02,1.82,-0.75,2.06,1.79
2024/25,2024-09-28,Wolves,Liverpool,1,2,A,0,1,A,A Taylor,8,10,3,6,16,8,2,10,2,3,0,0,8.0,5.75,1.33,17:30,8.05,5.55,1.35,1.44,2.75,1.45,2.77,1.5,1.91,1.95
2024/25,2024-09-28,Arsenal,Leicester,4,2,H,2,0,H,S Barrott,36,5,16,3,11,6,17,0,2,4,0,0,1.17,8.0,15.0,15:00,1.18,7.82,15.12,1.5,2.63,1.49,2.55,-2.0,1.95,1.91
2024/25,2024-09-28,Brentford,West Ham,1,1,D,1,0,H,S Hooper,8,19,3,3,2,11,7,7,2,3,0,0,2.2,3.5,3.2,15:00,2.23,3.62,3.16,1.67,2.2,1.66,2.27,-0.25,1.91,1.93
2024/25,2024-09-28,Chelsea,Brighton,4,2,H,4,2,H,P Bankes,15,15,7,5,11,8,8,2,3,2,0,0,1.73,4.2,4.2,15:00,1.74,4.23,4.35,1.5,2.63,1.5,2.58,-0.75,1.92,1.93
2024/25,2024-09-28,Everton,Crystal Palace,2,1,H,0,1,A,A Madley,8,17,2,5,13,11,5,8,2,1,0,0,2.7,3.3,2.63,15:00,2.73,3.39,2.63,1.88,2.02,1.87,1.97,0.0,1.98,1.9
2024/25,2024-09-28,Newcastle,Man City,1,1,D,0,1,A,J Gillett,11,16,4,6,14,10,5,6,4,4,0,0,5.25,4.33,1.6,12:30,5.09,4.47,1.61,1.5,2.63,1.49,2.64,1.0,1.88,1.98
2024/25,2024-09-28,Nott'm Forest,Fulham,0,1,A,0,0,D,J Smith,11,14,1,2,11,15,6,5,2,4,0,0,2.38,3.3,3.0,15:00,2.4,3.34,3.07,2.02,1.88,2.0,1.85,-0.25,2.04,1.81
2024/25,2024-09-29,Man United,Tottenham,0,3,A,0,1,A,C Kavanagh,11,24,2,10,16,14,5,3,5,3,1,0,2.35,3.75,2.75,16:30,2.36,3.89,2.77,1.44,2.75,1.42,2.87,-0.25,2.05,1.8
2024/25,2024-09-29,Ipswich,Aston Villa,2,2,D,1,2,A,S Attwell,15,7,5,3,10,14,10,0,4,1,0,0,4.0,3.75,1.85,14:00,4.15,3.77,1.87,1.73,2.1,1.73,2.14,0.5,1.99,1.87
2024/25,2024-09-30,Bournemouth,Southampton,3,1,H,3,0,H,M Oliver,14,9,6,3,19,12,7,4,2,5,0,0,1.65,4.1,5.0,20:00,1.65,4.29,4.91,1.5,2.63,1.49,2.6,-0.75,1.79,2.06
2024/25,2024-10-05,Arsenal,Southampton,3,1,H,0,0,D,T Harrington,29,8,6,2,10,9,13,1,0,3,0,0,1.14,9.0,17.0,15:00,1.14,9.2,18.63,1.36,3.2,1.36,3.13,-2.25,1.88,1.96
2024/25,2024-10-05,Brentford,Wolves,5,3,H,4,2,H,A Madley,19,17,12,6,9,10,10,3,2,3,0,0,2.05,3.6,3.4,15:00,2.09,3.64,3.47,1.73,2.1,1.78,2.08,-0.25,1.8,2.06
2024/25,2024-10-05,Crystal Palace,Liverpool,0,1,A,0,1,A,S Hooper,9,16,5,4,7,15,3,8,4,2,0,0,6.0,4.5,1.5,12:30,6.36,4.65,1.49,1.57,2.38,1.59,2.4,1.0,2.08,1.79
2024/25,2024-10-05,Everton,Newcastle,0,0,D,0,0,D,C Pawson,8,14,2,3,12,8,0,10,1,2,0,0,3.2,3.6,2.2,17:30,3.15,3.62,2.23,1.67,2.2,1.69,2.21,0.25,1.92,1.92
2024/25,2024-10-05,Leicester,Bournemouth,1,0,H,1,0,H,D Bond,6,17,2,2,12,14,0,9,4,1,0,0,3.1,3.75,2.15,15:00,3.24,3.66,2.17,1.67,2.2,1.69,2.21,0.25,1.97,1.87
2024/25,2024-10-05,Man City,Fulham,3,2,H,1,1,D,P Bankes,20,11,7,4,4,10,8,3,2,1,0,0,1.25,7.0,9.5,15:00,1.24,6.85,11.11,1.44,2.75,1.45,2.74,-1.75,1.88,1.96
2024/25,2024-10-05,West Ham,Ipswich,4,1,H,2,1,H,A Taylor,23,9,13,2,12,6,5,5,0,1,0,0,1.8,3.8,4.33,15:00,1.8,3.96,4.25,1.67,2.2,1.69,2.21,-0.75,2.02,1.83
2024/25,2024-10-06,Brighton,Tottenham,3,2,H,0,2,A,D Coote,11,13,4,3,14,10,4,7,2,2,0,0,2.9,4.0,2.2,16:30,2.9,4.01,2.23,1.4,3.0,1.39,3.0,0.25,1.89,1.94
2024/25,2024-10-06,Aston Villa,Man United,0,0,D,0,0,D,R Jones,11,10,1,4,12,11,6,3,1,5,0,0,2.2,3.75,3.0,14:00,2.21,3.82,3.06,1.53,2.5,1.53,2.52,-0.25,1.91,1.93
2024/25,2024-10-06,Chelsea,Nott'm Forest,1,1,D,0,0,D,C Kavanagh,22,16,8,9,12,11,11,3,6,2,0,1,1.48,4.5,6.5,14:00,1.48,4.73,6.32,1.57,2.38,1.55,2.46,-1.25,2.02,1.83
2024/25,2024-10-19,Southampton,Leicester,2,3,A,2,0,H,A Taylor,14,18,7,4,10,10,10,6,5,3,1,0,2.3,3.5,3.0,15:00,2.33,3.54,3.03,1.73,2.1,1.76,2.08,-0.25,1.99,1.85
2024/25,2024-10-19,Tottenham,West Ham,4,1,H,1,1,D,A Madley,22,11,7,4,10,15,13,5,1,3,0,1,1.5,5.0,5.25,12:30,1.5,4.91,5.73,1.36,3.2,1.37,3.08,-1.25,2.01,1.84
2024/25,2024-10-19,Newcastle,Brighton,0,1,A,0,1,A,P Bankes,21,10,6,5,11,9,9,4,2,2,0,0,1.95,3.7,3.6,15:00,2.01,3.88,3.51,1.49,2.45,1.51,2.56,-0.5,2.0,1.86
2024/25,2024-10-19,Ipswich,Everton,0,2,A,0,2,A,M Oliver,13,11,2,8,12,10,5,8,1,1,0,0,2.38,3.3,3.0,15:00,2.4,3.42,3.01,1.86,2.04,1.83,2.01,-0.25,2.05,1.81
2024/25,2024-10-19,Fulham,Aston Villa,1,3,A,1,1,D,D England,10,14,4,5,8,11,6,11,3,3,1,1,2.45,3.5,2.8,15:00,2.44,3.5,2.89,1.73,2.1,1.73,2.14,-0.25,2.08,1.77
2024/25,2024-10-19,Bournemouth,Arsenal,2,0,H,0,0,D,R Jones,13,6,4,1,12,11,7,4,1,1,0,1,5.0,3.9,1.65,17:30,4.94,4.09,1.68,1.73,2.1,1.72,2.15,0.75,2.01,1.84
2024/25,2024-10-19,Man United,Brentford,2,1,H,0,1,A,S Barrott,23,8,11,2,14,5,9,2,2,2,0,0,1.7,4.2,4.5,15:00,1.71,4.28,4.48,1.5,2.63,1.49,2.58,-0.75,1.87,1.97
2024/25,2024-10-20,Liverpool,Chelsea,2,1,H,1,0,H,J Brooks,9,12,5,2,12,13,1,6,4,3,0,0,1.62,4.1,5.0,16:30,1.63,4.39,4.89,1.4,3.0,1.4,2.93,-1.0,2.02,1.85
2024/25,2024-10-20,Wolves,Man City,1,2,A,1,1,D,C Kavanagh,3,22,2,7,8,5,1,18,4,1,0,0,8.0,6.0,1.33,14:00,8.88,5.85,1.31,1.44,2.75,1.45,2.75,1.5,2.0,1.86
2024/25,2024-10-21,Nott'm Forest,Crystal Palace,1,0,H,0,0,D,T Robinson,20,20,6,7,9,12,6,6,2,3,0,0,2.3,3.5,3.0,20:00,2.36,3.31,3.11,2.1,1.73,2.14,1.73,-0.25,2.01,1.83
2024/25,2024-10-25,Leicester,Nott'm Forest,1,3,A,1,1,D,C Pawson,11,20,1,5,16,9,6,7,5,2,0,0,3.0,3.3,2.4,20:00,3.09,3.32,2.41,2.0,1.8,2.06,1.79,0.25,1.82,2.04
2024/25,2024-10-26,Aston Villa,Bournemouth,1,1,D,0,0,D,A Madley,18,11,8,3,12,14,9,7,7,6,0,0,1.85,3.9,3.8,15:00,1.86,3.97,3.97,1.57,2.38,1.6,2.39,-0.5,1.84,2.02
2024/25,2024-10-26,Brentford,Ipswich,4,3,H,2,2,D,L Smith,20,11,9,5,7,10,5,5,0,1,0,1,1.65,4.33,4.75,15:00,1.67,4.27,4.86,1.67,2.2,1.65,2.28,-0.75,1.81,2.04
2024/25,2024-10-26,Brighton,Wolves,2,2,D,1,0,H,M Oliver,19,14,6,7,12,10,9,6,3,3,0,0,1.62,4.5,4.5,15:00,1.64,4.32,4.94,1.57,2.38,1.56,2.43,-1.0,2.07,1.8
2024/25,2024-10-26,Everton,Fulham,1,1,D,0,0,D,J Brooks,10,14,5,3,8,8,4,2,1,0,0,0,2.75,3.25,2.63,17:30,2.76,3.37,2.6,1.91,1.99,1.89,1.95,0.0,1.99,1.87
2024/25,2024-10-26,Man City,Southampton,1,0,H,1,0,H,T Harrington,22,5,8,2,9,9,12,1,1,3,0,0,1.11,10.0,17.0,15:00,1.11,10.94,21.04,1.29,3.75,1.27,3.73,-2.5,1.91,1.95
2024/25,2024-10-27,Chelsea,Newcastle,2,1,H,1,1,D,S Hooper,17,11,7,3,13,16,7,4,6,3,0,0,1.73,4.33,4.2,14:00,1.76,4.26,4.15,1.44,2.75,1.44,2.78,-0.75,1.92,1.91
2024/25,2024-10-27,West Ham,Man United,2,1,H,0,0,D,D Coote,12,18,3,5,6,7,6,5,5,1,0,0,2.88,3.75,2.3,14:00,2.89,3.71,2.33,1.53,2.5,1.51,2.53,0.25,1.83,2.01
2024/25,2024-10-27,Arsenal,Liverpool,2,2,D,2,1,H,A Taylor,9,9,3,4,14,14,1,3,2,2,0,0,2.5,3.25,2.9,16:30,2.49,3.37,2.89,1.92,1.98,1.89,1.94,0.0,1.81,2.08
2024/25,2024-10-27,Crystal Palace,Tottenham,1,0,H,1,0,H,D Bond,14,11,6,3,16,12,8,8,4,4,0,0,3.9,4.0,1.83,14:00,3.97,3.97,1.85,1.57,2.38,1.59,2.4,0.5,2.01,1.85
2024/25,2024-11-02,Bournemouth,Man City,2,1,H,1,0,H,M Oliver,12,18,6,4,11,6,3,10,2,1,0,0,5.5,4.2,1.57,15:00,5.32,4.44,1.59,1.57,2.38,1.57,2.42,1.0,1.88,1.97
2024/25,2024-11-02,Ipswich,Leicester,1,1,D,0,0,D,T Robinson,14,20,2,6,11,10,4,6,4,2,1,0,2.25,3.5,3.1,15:00,2.27,3.61,3.09,1.73,2.1,1.71,2.18,-0.25,1.95,1.89
2024/25,2024-11-02,Liverpool,Brighton,2,1,H,0,1,A,T Harrington,16,13,8,5,10,18,10,7,1,1,0,0,1.4,5.0,7.5,15:00,1.39,5.4,7.12,1.4,3.0,1.39,2.99,-1.5,2.03,1.84
2024/25,2024-11-02,Newcastle,Arsenal,1,0,H,1,0,H,J Brooks,9,10,4,1,16,18,4,6,4,4,0,0,3.75,3.75,1.95,12:30,3.77,3.69,1.98,1.84,2.06,1.82,2.02,0.5,1.89,1.97
2024/25,2024-11-02,Nott'm Forest,West Ham,3,0,H,1,0,H,P Bankes,19,4,6,2,7,9,11,6,1,2,0,1,2.15,3.5,3.4,15:00,2.15,3.52,3.43,1.89,2.01,1.86,1.98,-0.25,1.84,2.01
2024/25,2024-11-02,Southampton,Everton,1,0,H,0,0,D,A Madley,9,16,2,5,14,18,3,6,4,2,0,0,2.63,3.4,2.63,15:00,2.65,3.48,2.66,1.84,2.06,1.83,2.02,0.0,1.94,1.93
2024/25,2024-11-02,Wolves,Crystal Palace,2,2,D,0,0,D,A Taylor,11,19,6,7,7,9,3,6,1,2,0,0,2.5,3.4,2.88,17:30,2.53,3.4,2.85,1.9,2.0,1.89,1.95,0.0,1.82,2.06
2024/25,2024-11-03,Tottenham,Aston Villa,4,1,H,0,1,A,C Pawson,16,12,6,1,14,14,6,4,2,0,0,0,1.91,4.0,3.6,14:00,1.93,4.07,3.55,1.44,2.75,1.44,2.78,-0.5,1.94,1.92
2024/25,2024-11-03,Man United,Chelsea,1,1,D,0,0,D,R Jones,11,12,4,3,19,14,4,8,6,2,0,0,2.6,3.5,2.6,16:30,2.58,3.78,2.56,1.44,2.75,1.44,2.79,0.0,1.95,1.92
2024/25,2024-11-04,Fulham,Brentford,2,1,H,0,1,A,S Attwell,26,5,12,2,3,10,11,3,2,1,0,0,2.0,3.7,3.5,20:00,2.03,3.73,3.52,1.67,2.2,1.67,2.23,-0.5,2.03,1.84
2024/25,2024-11-09,West Ham,Everton,0,0,D,0,0,D,S Attwell,11,18,6,4,10,9,7,6,1,2,0,0,2.15,3.4,3.4,15:00,2.18,3.47,3.38,1.84,2.06,1.81,2.03,-0.25,1.85,1.99
2024/25,2024-11-09,Liverpool,Aston Villa,2,0,H,1,0,H,D Coote,14,12,5,2,11,15,2,9,0,3,0,0,1.42,5.25,6.5,20:00,1.42,5.26,6.7,1.44,2.75,1.43,2.83,-1.25,1.87,1.97
2024/25,2024-11-09,Wolves,Southampton,2,0,H,1,0,H,T Bramall,8,9,4,0,14,12,1,9,1,4,0,0,1.91,3.75,3.75,15:00,1.96,3.84,3.67,1.67,2.2,1.66,2.26,-0.5,1.96,1.9
2024/25,2024-11-09,Brighton,Man City,2,1,H,0,1,A,S Barrott,10,15,4,6,12,10,0,4,3,3,0,0,4.1,4.2,1.73,17:30,4.34,4.17,1.75,1.53,2.5,1.53,2.5,0.75,1.91,1.93
2024/25,2024-11-09,Brentford,Bournemouth,3,2,H,1,1,D,D Bond,12,15,6,3,8,16,6,4,2,4,0,0,2.5,3.5,2.7,15:00,2.53,3.59,2.72,1.62,2.3,1.6,2.39,0.0,1.86,2.01
2024/25,2024-11-09,Crystal Palace,Fulham,0,2,A,0,1,A,M Salisbury,13,17,5,7,10,11,1,8,1,1,1,0,2.7,3.5,2.55,15:00,2.7,3.48,2.61,1.95,1.95,1.93,1.91,0.0,1.96,1.91
2024/25,2024-11-10,Nott'm Forest,Newcastle,1,3,A,1,0,H,A Taylor,9,17,3,6,13,6,4,5,1,1,0,0,2.7,3.3,2.7,14:00,2.69,3.31,2.72,1.97,1.93,1.94,1.9,0.0,1.93,1.93
2024/25,2024-11-10,Tottenham,Ipswich,1,2,A,0,2,A,D England,17,8,5,3,10,19,12,2,1,5,0,0,1.25,6.5,9.0,14:00,1.26,6.76,9.98,1.3,3.5,1.3,3.49,-1.75,1.83,2.01
2024/25,2024-11-10,Chelsea,Arsenal,1,1,D,0,0,D,M Oliver,17,13,3,3,12,12,4,3,4,2,0,0,2.7,3.4,2.55,16:30,2.75,3.49,2.53,1.73,2.1,1.71,2.17,0.0,2.01,1.86
2024/25,2024-11-10,Man United,Leicester,3,0,H,2,0,H,P Bankes,13,6,3,5,9,5,1,5,0,1,0,0,1.38,5.5,6.5,14:00,1.39,5.35,7.46,1.44,2.75,1.46,2.72,-1.5,2.03,1.84
2024/25,2024-11-23,Arsenal,Nott'm Forest,3,0,H,1,0,H,S Hooper,19,7,7,0,10,1,8,1,3,2,0,0,1.38,4.75,9.0,15:00,1.37,4.97,8.9,1.8,2.0,1.81,2.03,-1.25,1.85,2.0
2024/25,2024-11-23,Aston Villa,Crystal Palace,2,2,D,1,2,A,T Robinson,17,13,5,6,10,11,10,1,3,2,0,0,1.62,4.0,5.5,15:00,1.63,4.11,5.45,1.73,2.1,1.75,2.11,-1.0,2.06,1.81
2024/25,2024-11-23,Bournemouth,Brighton,1,2,A,0,1,A,S Attwell,19,6,5,4,13,10,7,0,2,2,0,1,2.4,3.6,2.8,15:00,2.41,3.62,2.86,1.57,2.38,1.57,2.41,-0.25,2.06,1.79
2024/25,2024-11-23,Everton,Brentford,0,0,D,0,0,D,C Kavanagh,27,9,5,2,8,10,10,4,0,0,0,1,2.45,3.4,2.88,15:00,2.46,3.41,2.94,1.86,2.04,1.84,2.01,-0.25,2.08,1.77
2024/25,2024-11-23,Fulham,Wolves,1,4,A,1,1,D,R Jones,10,10,3,5,14,14,7,2,3,0,0,0,1.62,4.0,5.25,15:00,1.65,4.09,5.23,1.67,2.2,1.68,2.21,-0.75,1.81,2.03
2024/25,2024-11-23,Leicester,Chelsea,1,2,A,0,1,A,A Madley,4,16,1,7,15,12,2,9,4,3,0,0,6.5,4.75,1.44,12:30,6.75,4.81,1.46,1.5,2.63,1.48,2.64,1.25,1.89,1.94
2024/25,2024-11-23,Man City,Tottenham,0,4,A,0,2,A,J Brooks,23,9,5,7,19,9,9,3,4,2,0,0,1.48,4.75,6.0,17:30,1.49,5.01,5.92,1.3,3.5,1.31,3.46,-1.25,1.94,1.9
2024/25,2024-11-24,Ipswich,Man United,1,1,D,1,1,D,A Taylor,11,11,6,4,11,10,4,3,0,0,0,0,5.25,4.0,1.62,16:30,5.06,4.22,1.63,1.57,2.38,1.56,2.44,1.0,1.82,2.05
2024/25,2024-11-24,Southampton,Liverpool,2,3,A,1,1,D,S Barrott,7,27,5,11,11,9,3,10,3,4,0,0,11.0,5.75,1.27,14:00,10.4,5.96,1.28,1.44,2.75,1.44,2.8,1.75,1.85,1.98
2024/25,2024-11-25,Newcastle,West Ham,0,2,A,0,1,A,C Pawson,18,15,2,6,11,8,8,3,1,0,0,0,1.5,4.5,6.0,20:00,1.5,4.57,6.21,1.53,2.5,1.55,2.45,-1.0,1.79,2.08
2024/25,2024-11-29,Brighton,Southampton,1,1,D,1,0,H,R Jones,22,10,5,2,20,16,7,6,2,4,0,0,1.38,5.0,7.5,20:00,1.39,5.29,7.57,1.44,2.75,1.43,2.84,-1.5,2.01,1.85
2024/25,2024-11-30,West Ham,Arsenal,2,5,A,2,5,A,A Taylor,12,16,5,7,10,13,2,10,4,1,0,0,7.0,4.5,1.45,17:30,7.09,4.68,1.46,1.73,2.1,1.7,2.19,1.25,1.85,1.99
2024/25,2024-11-30,Nott'm Forest,Ipswich,1,0,H,0,0,D,T Harrington,12,7,5,3,5,16,8,7,1,3,0,0,1.7,3.8,4.75,15:00,1.75,3.82,4.79,1.92,1.98,1.89,1.94,-0.75,1.94,1.89
2024/25,2024-11-30,Wolves,Bournemouth,2,4,A,1,3,A,P Bankes,10,12,3,8,13,11,3,4,4,1,0,0,2.8,3.6,2.4,15:00,2.81,3.61,2.44,1.67,2.2,1.65,2.27,0.0,2.07,1.81
2024/25,2024-11-30,Brentford,Leicester,4,1,H,3,1,H,M Oliver,13,7,6,3,9,10,5,4,1,1,0,0,1.65,4.2,4.75,15:00,1.66,4.24,4.87,1.57,2.38,1.58,2.41,-0.75,1.82,2.03
2024/25,2024-11-30,Crystal Palace,Newcastle,1,1,D,0,0,D,D England,16,1,4,0,12,11,8,9,3,3,0,0,2.9,3.6,2.3,15:00,3.04,3.56,2.3,1.8,2.0,1.79,2.08,0.25,1.85,1.99
2024/25,2024-12-01,Chelsea,Aston Villa,3,0,H,2,0,H,S Attwell,17,10,8,4,21,6,3,4,2,2,0,0,1.7,4.1,4.5,13:30,1.71,4.21,4.51,1.53,2.5,1.53,2.51,-0.75,1.87,1.96
2024/25,2024-12-01,Liverpool,Man City,2,0,H,1,0,H,C Kavanagh,18,8,7,2,9,8,7,4,1,3,0,0,2.1,3.6,3.3,16:00,2.09,3.7,3.37,1.57,2.38,1.54,2.42,-0.25,1.8,2.04
2024/25,2024-12-01,Man United,Everton,4,0,H,2,0,H,J Brooks,11,8,5,2,12,12,2,2,2,3,0,0,1.53,4.2,6.0,13:30,1.54,4.33,6.08,1.73,2.1,1.75,2.11,-1.0,1.9,1.95
2024/25,2024-12-01,Tottenham,Fulham,1,1,D,0,0,D,D Bond,8,14,3,6,4,14,7,11,0,1,0,1,1.7,4.5,4.1,13:30,1.72,4.35,4.24,1.44,2.75,1.42,2.84,-0.75,1.89,1.94
2024/25,2024-12-03,Ipswich,Crystal Palace,0,1,A,0,0,D,C Pawson,9,13,2,3,14,13,4,7,2,4,0,0,3.0,3.4,2.35,19:30,3.09,3.37,2.38,2.01,1.89,1.98,1.86,0.25,1.83,2.02
2024/25,2024-12-03,Leicester,West Ham,3,1,H,1,0,H,J Smith,8,31,6,10,9,7,3,9,2,2,0,0,2.9,3.4,2.38,20:15,2.9,3.44,2.47,1.73,2.1,1.79,2.06,0.25,1.78,2.09
2024/25,2024-12-04,Southampton,Chelsea,1,5,A,1,3,A,T Harrington,6,26,4,13,7,14,5,7,1,0,1,0,8.5,5.25,1.33,19:30,8.39,5.64,1.34,1.44,2.75,1.43,2.83,1.5,1.95,1.91
2024/25,2024-12-04,Newcastle,Liverpool,3,3,D,1,0,H,A Madley,17,16,6,5,9,17,5,6,2,5,0,0,4.2,4.0,1.75,19:30,4.27,4.04,1.78,1.57,2.38,1.59,2.38,0.75,1.85,1.98
2024/25,2024-12-04,Man City,Nott'm Forest,3,0,H,2,0,H,M Oliver,17,12,7,3,7,15,8,2,2,4,0,0,1.36,4.75,9.0,19:30,1.37,5.21,8.25,1.57,2.38,1.59,2.4,-1.5,2.03,1.83
2024/25,2024-12-04,Arsenal,Man United,2,0,H,0,0,D,S Barrott,14,5,6,2,12,8,13,0,1,3,0,0,1.44,4.5,7.0,20:15,1.46,4.73,6.92,1.62,2.3,1.63,2.31,-1.25,1.98,1.86
2024/25,2024-12-04,Aston Villa,Brentford,3,1,H,3,0,H,L Smith,20,9,10,1,11,15,10,5,2,2,0,0,1.8,3.75,4.33,20:15,1.8,4.01,4.24,1.57,2.38,1.57,2.42,-0.75,2.01,1.84
2024/25,2024-12-04,Everton,Wolves,4,0,H,2,0,H,M Salisbury,13,6,4,2,10,8,3,4,2,0,0,0,2.1,3.4,3.5,19:30,2.14,3.46,3.51,2.03,1.87,1.98,1.86,-0.25,1.82,2.02
2024/25,2024-12-05,Bournemouth,Tottenham,1,0,H,1,0,H,S Hooper,21,12,8,4,15,8,5,9,2,2,0,0,2.63,3.75,2.45,20:15,2.65,3.92,2.42,1.44,2.75,1.41,2.9,0.0,2.01,1.84
2024/25,2024-12-05,Fulham,Brighton,3,1,H,1,0,H,P Bankes,6,13,2,3,7,8,5,6,2,2,0,0,2.35,3.6,2.88,19:30,2.33,3.65,2.92,1.62,2.3,1.62,2.33,-0.25,2.02,1.82
2024/25,2024-12-07,Man United,Nott'm Forest,2,3,A,1,1,D,D England,17,11,7,3,10,13,5,3,0,2,0,0,1.65,3.9,5.25,17:30,1.67,4.05,5.12,1.8,2.0,1.79,2.05,-0.75,1.83,2.02
2024/25,2024-12-07,Crystal Palace,Man City,2,2,D,1,1,D,R Jones,12,12,3,4,4,10,6,8,1,0,0,1,5.5,4.2,1.57,15:00,5.39,4.33,1.6,1.62,2.3,1.64,2.31,1.0,1.87,1.99
2024/25,2024-12-07,Brentford,Newcastle,4,2,H,2,2,D,T Robinson,11,16,8,3,10,7,3,4,3,0,0,0,2.88,3.75,2.3,15:00,2.86,3.74,2.36,1.57,2.38,1.57,2.45,0.25,1.82,2.04
2024/25,2024-12-07,Aston Villa,Southampton,1,0,H,1,0,H,D Bond,18,4,5,0,18,15,14,1,1,3,0,0,1.36,5.5,7.0,15:00,1.37,5.41,7.78,1.44,2.75,1.44,2.81,-1.5,1.99,1.87
2024/25,2024-12-08,Fulham,Arsenal,1,1,D,1,0,H,C Kavanagh,2,12,2,4,10,9,0,6,4,2,0,0,5.0,4.33,1.6,14:00,5.4,4.24,1.61,1.8,2.0,1.78,2.06,1.0,1.83,2.04
2024/25,2024-12-08,Ipswich,Bournemouth,1,2,A,1,0,H,M Salisbury,18,22,5,6,9,13,6,13,2,1,0,0,3.5,3.75,2.0,14:00,3.57,3.73,2.02,1.73,2.1,1.72,2.16,0.5,1.85,2.01
2024/25,2024-12-08,Leicester,Brighton,2,2,D,0,1,A,S Attwell,10,16,3,7,9,10,5,5,1,2,0,0,4.5,3.8,1.73,14:00,4.48,4.02,1.75,1.57,2.38,1.59,2.39,0.75,1.93,1.92
2024/25,2024-12-08,Tottenham,Chelsea,3,4,A,2,1,H,A Taylor,13,17,5,8,17,11,5,10,2,2,0,0,3.4,3.9,2.0,16:30,3.21,4.04,2.07,1.36,3.2,1.35,3.26,0.5,1.82,2.04
2024/25,2024-12-09,West Ham,Wolves,2,1,H,0,0,D,J Brooks,19,19,4,5,12,17,11,0,5,4,0,0,1.9,3.9,3.75,20:00,1.91,3.85,3.81,1.62,2.3,1.6,2.36,-0.5,1.91,1.94
2024/25,2024-12-14,Arsenal,Everton,0,0,D,0,0,D,C Pawson,13,2,5,0,6,9,8,2,0,3,0,0,1.22,6.5,12.0,15:00,1.23,6.33,13.36,1.67,2.2,1.66,2.23,-1.75,1.92,1.91
2024/25,2024-12-14,Liverpool,Fulham,2,2,D,0,1,A,T Harrington,16,12,4,3,10,7,5,4,3,4,1,0,1.33,5.5,8.0,15:00,1.32,5.75,8.89,1.5,2.63,1.47,2.66,-1.5,1.89,1.96
2024/25,2024-12-14,Newcastle,Leicester,4,0,H,1,0,H,T Bramall,27,4,11,1,7,16,5,2,3,3,0,0,1.3,6.0,8.5,15:00,1.31,5.83,9.08,1.44,2.75,1.45,2.75,-1.5,1.84,2.02
2024/25,2024-12-14,Nott'm Forest,Aston Villa,2,1,H,0,0,D,S Barrott,17,8,6,2,12,6,4,3,0,1,0,0,2.63,3.3,2.7,17:30,2.64,3.39,2.68,1.9,2.0,1.87,1.96,0.0,1.91,1.95
2024/25,2024-12-14,Wolves,Ipswich,1,2,A,0,1,A,S Hooper,16,10,6,5,13,9,7,3,0,2,1,0,1.9,3.8,3.8,15:00,1.9,3.83,3.85,1.73,2.1,1.72,2.15,-0.5,1.9,1.94
2024/25,2024-12-15,Man City,Man United,1,2,A,1,0,H,A Taylor,10,10,3,3,5,14,8,2,1,1,0,0,1.57,4.5,5.0,16:30,1.58,4.59,5.04,1.44,2.75,1.43,2.78,-1.0,1.93,1.91
2024/25,2024-12-15,Southampton,Tottenham,0,5,A,0,5,A,D England,9,18,3,9,8,15,2,5,1,3,0,0,4.33,4.5,1.67,19:00,4.29,4.47,1.69,1.3,3.5,1.3,3.46,0.75,1.99,1.84
2024/25,2024-12-15,Brighton,Crystal Palace,1,3,A,0,2,A,M Oliver,17,13,5,5,11,15,8,5,1,4,0,0,1.85,3.8,3.9,14:00,1.89,3.82,3.9,1.73,2.1,1.72,2.13,-0.5,1.89,1.96
2024/25,2024-12-15,Chelsea,Brentford,2,1,H,1,0,H,P Bankes,26,9,8,4,11,7,8,5,0,2,1,0,1.33,6.0,7.5,19:00,1.33,5.89,8.08,1.33,3.4,1.32,3.32,-1.5,1.85,1.99
2024/25,2024-12-16,Bournemouth,West Ham,1,1,D,0,0,D,C Kavanagh,29,16,9,3,6,11,12,6,0,2,0,0,1.7,4.0,4.75,20:00,1.71,4.19,4.43,1.53,2.5,1.51,2.54,-0.75,1.88,1.94
2024/25,2024-12-21,Aston Villa,Man City,2,1,H,1,0,H,P Bankes,11,12,6,6,14,7,5,4,3,3,0,0,3.25,3.7,2.1,12:30,3.29,3.71,2.12,1.57,2.38,1.59,2.39,0.25,2.01,1.83
2024/25,2024-12-21,Brentford,Nott'm Forest,0,2,A,0,1,A,M Oliver,7,10,3,6,9,14,9,5,3,4,0,0,2.3,3.6,2.9,15:00,2.35,3.52,2.99,1.73,2.1,1.72,2.13,-0.25,2.01,1.83
2024/25,2024-12-21,Crystal Palace,Arsenal,1,5,A,1,3,A,S Hooper,15,14,6,6,9,8,3,3,2,2,0,0,6.25,4.2,1.55,17:30,6.08,4.11,1.57,1.87,2.03,1.83,2.01,1.0,1.89,1.96
2024/25,2024-12-21,Ipswich,Newcastle,0,4,A,0,3,A,S Attwell,10,15,2,7,9,7,2,1,2,0,0,0,4.75,3.75,1.73,15:00,4.61,3.95,1.74,1.62,2.3,1.63,2.3,0.75,1.92,1.91
2024/25,2024-12-21,West Ham,Brighton,1,1,D,0,0,D,R Jones,11,12,4,6,14,20,8,4,2,2,0,0,2.88,3.7,2.35,15:00,2.8,3.75,2.38,1.5,2.63,1.51,2.56,0.25,1.8,2.05
2024/25,2024-12-22,Tottenham,Liverpool,3,6,A,1,3,A,S Barrott,9,24,5,12,7,9,7,5,1,2,0,0,4.5,4.0,1.73,16:30,4.29,4.33,1.72,1.3,3.5,1.29,3.52,0.75,1.97,1.86
2024/25,2024-12-22,Man United,Bournemouth,0,3,A,0,1,A,C Pawson,23,10,7,5,11,11,13,1,1,3,0,0,1.8,3.8,4.2,14:00,1.85,3.88,4.07,1.57,2.38,1.6,2.36,-0.5,1.84,2.01
2024/25,2024-12-22,Everton,Chelsea,0,0,D,0,0,D,C Kavanagh,5,12,4,5,20,12,2,5,4,1,0,0,5.0,4.2,1.62,14:00,5.18,4.13,1.63,1.67,2.2,1.66,2.25,0.75,2.05,1.78
2024/25,2024-12-22,Fulham,Southampton,0,0,D,0,0,D,T Robinson,16,5,5,1,8,15,6,5,1,3,0,0,1.42,4.75,7.0,14:00,1.42,4.96,7.21,1.57,2.38,1.54,2.46,-1.25,1.89,1.94
2024/25,2024-12-22,Leicester,Wolves,0,3,A,0,3,A,A Taylor,9,8,5,4,15,16,6,1,2,0,0,0,2.55,3.4,2.7,14:00,2.55,3.56,2.69,1.67,2.2,1.66,2.24,0.0,1.89,1.97
2024/25,2024-12-26,Wolves,Man United,2,0,H,0,0,D,T Harrington,7,11,4,4,12,12,4,4,2,2,0,1,3.9,3.7,1.91,17:30,3.8,3.7,1.94,1.67,2.2,1.67,2.22,0.5,1.91,1.94
2024/25,2024-12-26,Southampton,West Ham,0,1,A,0,0,D,L Smith,18,16,5,2,15,8,2,2,1,2,0,0,3.25,3.5,2.2,15:00,3.24,3.56,2.18,1.67,2.2,1.66,2.23,0.25,1.95,1.87
2024/25,2024-12-26,Nott'm Forest,Tottenham,1,0,H,1,0,H,C Pawson,10,13,3,4,12,13,2,7,3,2,0,1,2.3,3.75,2.88,15:00,2.35,3.74,2.82,1.5,2.63,1.48,2.64,-0.25,2.02,1.8
2024/25,2024-12-26,Newcastle,Aston Villa,3,0,H,1,0,H,A Taylor,22,4,8,1,15,10,9,6,2,1,0,1,1.91,3.8,3.75,15:00,1.93,3.91,3.66,1.62,2.3,1.61,2.34,-0.5,1.92,1.92
2024/25,2024-12-26,Man City,Everton,1,1,D,1,1,D,S Hooper,24,8,5,3,5,10,8,5,1,4,0,0,1.33,5.5,7.5,12:30,1.34,5.46,8.59,1.53,2.5,1.55,2.44,-1.5,1.95,1.89
2024/25,2024-12-26,Chelsea,Fulham,1,2,A,1,0,H,S Barrott,12,14,8,7,13,13,3,1,1,3,0,0,1.48,4.75,6.0,15:00,1.47,4.88,6.15,1.44,2.75,1.45,2.72,-1.25,1.96,1.86
2024/25,2024-12-26,Liverpool,Leicester,3,1,H,1,1,D,D Bond,19,4,7,1,17,5,14,1,3,2,0,0,1.08,12.0,23.0,20:00,1.08,12.4,25.35,1.2,4.5,1.19,4.41,-2.75,1.83,1.99
2024/25,2024-12-26,Bournemouth,Crystal Palace,0,0,D,0,0,D,T Bramall,18,10,4,4,13,12,5,2,2,2,0,0,1.9,3.8,3.8,15:00,1.9,3.77,3.87,1.73,2.1,1.72,2.13,-0.5,1.9,1.94
2024/25,2024-12-27,Arsenal,Ipswich,1,0,H,1,0,H,D England,13,3,5,0,7,12,5,1,1,1,0,0,1.14,9.0,15.0,20:15,1.16,8.37,17.31,1.4,3.0,1.39,2.99,-2.25,1.98,1.86
2024/25,2024-12-27,Brighton,Brentford,0,0,D,0,0,D,A Madley,24,8,7,3,6,12,5,3,0,2,0,0,1.62,4.33,4.75,19:30,1.64,4.44,4.89,1.44,2.75,1.44,2.78,-1.0,2.02,1.84
2024/25,2024-12-29,Crystal Palace,Southampton,2,1,H,1,1,D,M Salisbury,19,7,10,3,18,19,8,7,2,3,0,0,1.57,3.9,5.5,15:00,1.61,4.11,5.42,1.73,2.1,1.75,2.09,-1.0,2.03,1.81
2024/25,2024-12-29,Everton,Nott'm Forest,0,2,A,0,1,A,T Harrington,13,11,2,7,13,10,5,4,4,1,0,0,2.6,3.2,2.8,15:00,2.64,3.16,2.83,2.2,1.67,2.23,1.66,0.0,1.86,1.99
2024/25,2024-12-29,Fulham,Bournemouth,2,2,D,1,0,H,R Jones,11,16,6,9,7,16,1,7,1,3,0,0,2.3,3.6,2.88,15:00,2.35,3.58,2.91,1.67,2.2,1.67,2.21,-0.25,2.0,1.82
2024/25,2024-12-29,Leicester,Man City,0,2,A,0,1,A,M Oliver,11,14,4,5,11,6,4,4,2,1,0,0,7.5,5.5,1.36,14:30,7.92,5.62,1.34,1.36,3.2,1.36,3.07,1.5,1.95,1.89
2024/25,2024-12-29,Tottenham,Wolves,2,2,D,2,1,H,C Kavanagh,13,11,3,3,9,10,5,5,1,2,0,0,1.6,5.0,4.2,15:00,1.61,4.77,4.56,1.33,3.4,1.31,3.33,-1.0,1.97,1.86
2024/25,2024-12-29,West Ham,Liverpool,0,5,A,0,3,A,A Taylor,7,22,0,13,7,10,3,6,0,0,0,0,7.0,5.0,1.4,17:15,7.04,5.21,1.4,1.4,3.0,1.39,2.92,1.5,1.81,2.03
2024/25,2024-12-30,Aston Villa,Brighton,2,2,D,1,1,D,C Pawson,20,13,4,4,9,14,12,3,2,3,0,0,1.9,3.8,3.6,19:45,1.94,3.86,3.61,1.57,2.38,1.59,2.36,-0.5,1.94,1.91
2024/25,2024-12-30,Ipswich,Chelsea,2,0,H,1,0,H,J Brooks,9,20,6,5,9,5,4,7,4,4,0,0,6.5,4.75,1.42,19:45,6.87,5.02,1.41,1.44,2.75,1.43,2.75,1.25,1.95,1.86
2024/25,2024-12-30,Man United,Newcastle,0,2,A,0,2,A,S Hooper,10,12,0,4,13,8,2,3,1,1,0,0,2.75,3.5,2.55,20:00,2.7,3.61,2.49,1.62,2.3,1.63,2.28,0.0,2.01,1.85
2024/25,2025-01-01,Brentford,Arsenal,1,3,A,1,1,D,P Bankes,5,14,2,5,6,8,4,3,1,2,0,0,6.5,4.75,1.44,17:30,6.67,4.8,1.44,1.53,2.5,1.54,2.46,1.25,1.88,1.94
2024/25,2025-01-04,Tottenham,Newcastle,1,2,A,1,2,A,A Madley,13,14,4,4,11,15,9,10,1,4,0,0,2.88,3.8,2.25,12:30,2.88,3.94,2.24,1.33,3.4,1.32,3.31,0.25,1.87,1.95
2024/25,2025-01-04,Southampton,Brentford,0,5,A,0,1,A,S Attwell,8,20,1,11,10,4,2,2,2,0,0,0,3.0,3.4,2.4,15:00,2.78,3.54,2.48,1.67,2.2,1.66,2.24,0.25,1.76,2.09
2024/25,2025-01-04,Man City,West Ham,4,1,H,2,0,H,M Salisbury,10,17,7,4,8,13,7,1,2,1,0,0,1.3,6.25,7.5,15:00,1.31,6.09,8.3,1.33,3.4,1.34,3.23,-1.5,1.83,2.02
2024/25,2025-01-04,Aston Villa,Leicester,2,1,H,0,0,D,J Gillett,13,4,5,2,10,11,7,2,0,1,0,0,1.33,5.5,8.5,15:00,1.32,5.51,9.16,1.5,2.63,1.5,2.58,-1.5,1.9,1.95
2024/25,2025-01-04,Brighton,Arsenal,1,1,D,0,1,A,A Taylor,11,9,4,3,17,14,2,5,2,3,0,0,4.33,3.75,1.8,17:30,4.36,3.83,1.8,1.73,2.1,1.73,2.12,0.75,1.82,2.01
2024/25,2025-01-04,Bournemouth,Everton,1,0,H,0,0,D,J Brooks,19,9,8,0,15,14,9,3,2,2,0,0,1.73,3.75,4.75,15:00,1.75,3.82,4.71,1.91,1.99,1.86,1.96,-0.75,1.95,1.87
2024/25,2025-01-04,Crystal Palace,Chelsea,1,1,D,0,1,A,T Robinson,13,15,6,1,9,12,6,6,0,2,0,0,3.8,3.75,1.91,15:00,3.65,3.88,1.95,1.57,2.38,1.58,2.39,0.5,1.9,1.93
2024/25,2025-01-05,Fulham,Ipswich,2,2,D,0,1,A,D Bond,15,7,4,3,10,14,9,2,1,5,0,0,1.55,4.2,5.75,14:00,1.56,4.34,5.68,1.73,2.1,1.7,2.15,-1.0,1.92,1.91
2024/25,2025-01-05,Liverpool,Man United,2,2,D,0,0,D,M Oliver,19,13,6,4,10,13,6,9,2,4,0,0,1.29,6.25,8.0,16:30,1.29,6.05,9.49,1.44,2.75,1.41,2.86,-1.75,2.0,1.81
2024/25,2025-01-06,Wolves,Nott'm Forest,0,3,A,0,2,A,P Bankes,13,11,6,3,10,8,5,3,1,2,0,0,3.3,3.2,2.3,20:00,3.22,3.22,2.33,2.1,1.73,2.04,1.78,0.25,1.85,1.96
2024/25,2025-01-14,West Ham,Fulham,3,2,H,2,0,H,C Pawson,4,21,3,5,9,18,0,3,3,3,0,0,3.0,3.4,2.38,19:30,2.97,3.43,2.41,1.86,2.04,1.83,2.01,0.25,1.8,2.04
2024/25,2025-01-14,Brentford,Man City,2,2,D,0,0,D,A Taylor,18,21,6,8,4,4,4,5,0,0,0,0,4.75,4.2,1.62,19:30,4.76,4.47,1.64,1.4,3.0,1.38,3.04,1.0,1.85,2.0
2024/25,2025-01-14,Chelsea,Bournemouth,2,2,D,1,0,H,R Jones,26,7,10,3,15,16,9,3,2,3,0,0,1.48,4.75,6.0,19:30,1.5,4.81,5.92,1.4,3.0,1.42,2.87,-1.25,2.0,1.83
2024/25,2025-01-14,Nott'm Forest,Liverpool,1,1,D,1,0,H,C Kavanagh,6,23,3,7,7,10,0,9,2,1,0,0,5.25,4.1,1.62,20:00,5.14,4.16,1.64,1.62,2.3,1.63,2.3,1.0,1.79,2.06
2024/25,2025-01-15,Newcastle,Wolves,3,0,H,1,0,H,D England,17,13,5,7,10,13,4,2,0,2,0,0,1.36,5.5,8.0,19:30,1.35,5.54,8.08,1.44,2.75,1.42,2.82,-1.5,1.91,1.93
2024/25,2025-01-15,Leicester,Crystal Palace,0,2,A,0,0,D,A Madley,21,9,4,4,7,6,4,3,0,0,0,0,3.9,3.6,1.91,19:30,3.88,3.73,1.92,1.73,2.1,1.74,2.11,0.5,1.92,1.91
2024/25,2025-01-15,Arsenal,Tottenham,2,1,H,2,1,H,S Hooper,14,10,4,2,16,9,10,4,3,1,0,0,1.4,5.25,7.0,20:00,1.4,5.29,6.86,1.44,2.75,1.43,2.8,-1.25,1.83,1.99
2024/25,2025-01-15,Everton,Aston Villa,0,1,A,0,0,D,S Barrott,10,11,3,3,17,10,8,5,2,1,0,0,3.25,3.2,2.3,19:30,3.2,3.24,2.35,2.08,1.82,2.06,1.78,0.25,1.84,1.98
2024/25,2025-01-16,Ipswich,Brighton,0,2,A,0,0,D,T Harrington,5,11,3,5,13,14,1,9,2,2,0,0,3.9,3.7,1.91,19:30,3.8,3.73,1.94,1.73,2.1,1.71,2.15,0.5,1.91,1.93
2024/25,2025-01-16,Man United,Southampton,3,1,H,0,1,A,J Brooks,23,13,9,5,7,10,5,4,1,3,0,0,1.29,6.0,9.5,20:00,1.3,5.79,9.4,1.53,2.5,1.52,2.52,-1.5,1.87,1.97
2024/25,2025-01-18,Arsenal,Aston Villa,2,2,D,1,0,H,C Kavanagh,18,8,6,4,10,18,10,1,2,3,0,0,1.5,4.1,7.0,17:30,1.51,4.35,6.45,1.87,2.03,1.82,2.01,-1.0,1.87,1.97
2024/25,2025-01-18,Brentford,Liverpool,0,2,A,0,0,D,A Madley,11,37,6,8,6,14,2,15,2,3,0,0,6.5,5.0,1.42,15:00,6.43,5.15,1.43,1.36,3.2,1.35,3.16,1.25,1.97,1.85
2024/25,2025-01-18,Leicester,Fulham,0,2,A,0,0,D,M Salisbury,8,17,4,2,8,8,5,2,3,1,0,0,4.33,3.7,1.8,15:00,4.17,3.81,1.84,1.73,2.1,1.71,2.14,0.5,2.01,1.82
2024/25,2025-01-18,Newcastle,Bournemouth,1,4,A,1,2,A,S Attwell,13,19,5,10,7,18,7,6,1,6,0,0,1.62,4.2,5.0,12:30,1.64,4.3,4.93,1.53,2.5,1.54,2.47,-0.75,1.77,2.05
2024/25,2025-01-18,West Ham,Crystal Palace,0,2,A,0,0,D,T Bramall,7,12,0,7,13,10,2,4,1,0,1,0,2.6,3.5,2.63,15:00,2.62,3.41,2.69,1.8,2.0,1.79,2.04,0.0,1.91,1.94
2024/25,2025-01-19,Everton,Tottenham,3,2,H,3,0,H,D England,12,11,6,6,14,14,3,8,2,1,0,0,2.8,3.5,2.45,14:00,2.91,3.51,2.41,1.67,2.2,1.69,2.19,0.25,1.79,2.03
2024/25,2025-01-19,Ipswich,Man City,0,6,A,0,3,A,S Barrott,8,17,4,9,4,7,4,7,0,1,0,0,7.5,5.25,1.36,16:30,7.72,5.36,1.36,1.44,2.75,1.44,2.74,1.5,1.86,1.98
2024/25,2025-01-19,Man United,Brighton,1,3,A,1,1,D,P Bankes,10,6,1,3,13,12,4,2,3,3,0,0,2.1,3.6,3.3,14:00,2.09,3.71,3.36,1.67,2.2,1.66,2.23,-0.25,1.8,2.02
2024/25,2025-01-19,Nott'm Forest,Southampton,3,2,H,3,0,H,A Taylor,14,10,5,4,4,18,2,8,0,4,0,0,1.38,4.75,8.0,14:00,1.39,4.86,8.03,1.73,2.1,1.75,2.09,-1.25,1.87,1.95
2024/25,2025-01-20,Chelsea,Wolves,3,1,H,1,1,D,S Hooper,19,9,7,4,8,14,3,6,4,2,0,0,1.36,5.75,6.5,20:00,1.37,5.51,7.3,1.36,3.2,1.37,3.06,-1.5,1.96,1.89
2024/25,2025-01-25,Man City,Chelsea,3,1,H,1,1,D,J Brooks,15,10,6,4,6,8,2,4,3,2,0,0,2.05,4.0,3.3,17:30,2.03,4.03,3.29,1.4,3.0,1.41,2.88,-0.5,2.04,1.81
2024/25,2025-01-25,Southampton,Newcastle,1,3,A,1,2,A,S Barrott,12,17,5,9,10,5,3,8,1,0,0,0,6.5,5.25,1.42,15:00,6.82,5.09,1.42,1.41,2.7,1.44,2.75,1.25,1.96,1.86
2024/25,2025-01-25,Wolves,Arsenal,0,1,A,0,0,D,M Oliver,9,9,4,3,20,10,1,5,0,1,1,1,7.0,4.5,1.45,15:00,6.85,4.65,1.46,1.73,2.1,1.72,2.14,1.25,1.82,2.01
2024/25,2025-01-25,Liverpool,Ipswich,4,1,H,3,0,H,M Salisbury,16,3,6,3,10,11,3,4,0,2,0,0,1.08,12.0,15.0,15:00,1.1,11.04,20.87,1.25,4.0,1.25,3.82,-2.5,1.86,1.98
2024/25,2025-01-25,Bournemouth,Nott'm Forest,5,0,H,1,0,H,C Pawson,16,18,10,4,9,12,3,9,2,3,0,0,2.05,3.7,3.4,15:00,2.09,3.64,3.42,1.85,2.05,1.82,2.02,-0.25,1.8,2.03
2024/25,2025-01-25,Brighton,Everton,0,1,A,0,1,A,T Robinson,16,3,1,1,8,11,9,1,3,4,0,0,1.67,3.75,5.5,15:00,1.67,3.86,5.39,1.89,1.89,1.9,1.93,-0.75,1.85,1.98
2024/25,2025-01-26,Aston Villa,West Ham,1,1,D,1,0,H,P Bankes,14,14,4,4,13,16,4,3,2,3,0,0,1.53,4.33,5.75,16:30,1.55,4.39,5.81,1.67,2.2,1.67,2.21,-1.0,1.9,1.94
2024/25,2025-01-26,Crystal Palace,Brentford,1,2,A,0,0,D,T Harrington,16,13,5,6,8,11,4,7,2,2,0,0,2.05,3.75,3.3,14:00,2.06,3.68,3.47,1.73,2.1,1.74,2.12,-0.5,2.05,1.8
2024/25,2025-01-26,Fulham,Man United,0,1,A,0,0,D,A Taylor,9,4,3,1,7,9,3,0,0,1,0,0,2.3,3.4,3.1,19:00,2.31,3.44,3.1,1.88,2.02,1.85,1.98,-0.25,1.96,1.87
2024/25,2025-01-26,Tottenham,Leicester,1,2,A,1,0,H,R Jones,15,12,6,3,6,16,6,4,1,5,0,0,1.45,5.5,5.5,14:00,1.46,5.21,5.89,1.33,3.4,1.33,3.27,-1.25,1.93,1.9
2024/25,2025-02-01,Bournemouth,Liverpool,0,2,A,0,1,A,D England,14,19,3,7,15,9,3,3,2,3,0,0,4.5,4.33,1.67,15:00,4.56,4.32,1.68,1.44,2.75,1.46,2.69,0.75,2.0,1.83
2024/25,2025-02-01,Everton,Leicester,4,0,H,3,0,H,D Bond,13,9,7,1,7,13,5,6,0,0,0,0,1.75,3.75,4.5,15:00,1.79,3.67,4.67,2.04,1.86,2.01,1.83,-0.75,2.0,1.82
2024/25,2025-02-01,Ipswich,Southampton,1,2,A,1,1,D,M Oliver,15,9,6,4,11,14,1,2,0,3,0,0,1.95,3.6,3.8,15:00,1.98,3.67,3.74,1.73,2.1,1.76,2.09,-0.5,1.97,1.87
2024/25,2025-02-01,Newcastle,Fulham,1,2,A,1,0,H,C Kavanagh,11,15,4,4,10,15,4,7,4,4,0,0,1.7,4.0,4.75,15:00,1.71,4.07,4.66,1.62,2.3,1.64,2.28,-0.75,1.87,1.95
2024/25,2025-02-01,Nott'm Forest,Brighton,7,0,H,3,0,H,S Hooper,14,10,9,5,8,13,4,6,1,3,0,0,2.38,3.5,2.8,12:30,2.44,3.46,2.89,1.95,1.95,1.92,1.91,-0.25,2.08,1.77
2024/25,2025-02-01,Wolves,Aston Villa,2,0,H,1,0,H,A Madley,8,10,5,3,20,13,5,8,2,3,0,0,3.3,3.6,2.1,17:30,3.36,3.58,2.14,1.73,2.1,1.7,2.17,0.25,2.01,1.83
2024/25,2025-02-02,Brentford,Tottenham,0,2,A,0,1,A,J Gillett,20,13,4,2,4,11,10,3,0,1,0,0,2.1,3.9,3.2,14:00,2.11,3.97,3.1,1.33,3.4,1.33,3.25,-0.25,1.83,1.99
2024/25,2025-02-02,Arsenal,Man City,5,1,H,1,0,H,P Bankes,12,7,7,4,6,7,5,2,2,0,0,0,1.95,3.5,4.0,16:30,1.97,3.58,3.83,1.73,2.1,1.75,2.1,-0.5,1.96,1.88
2024/25,2025-02-02,Man United,Crystal Palace,0,2,A,0,0,D,J Brooks,17,11,2,3,12,13,11,0,3,1,0,0,2.0,3.5,3.8,14:00,2.04,3.48,3.71,1.87,2.03,1.83,1.99,-0.5,2.02,1.83
2024/25,2025-02-03,Chelsea,West Ham,2,1,H,0,1,A,S Attwell,22,14,3,5,11,10,4,3,3,1,0,0,1.36,4.75,8.0,20:00,1.36,5.54,7.58,1.4,3.0,1.38,2.99,-1.5,1.95,1.9
2024/25,2025-02-12,Everton,Liverpool,2,2,D,1,1,D,M Oliver,10,6,3,4,9,20,2,3,2,2,1,1,7.5,4.5,1.44,19:30,7.36,4.71,1.44,1.73,2.1,1.71,2.18,1.25,1.88,1.95
2024/25,2025-02-14,Brighton,Chelsea,3,0,H,2,0,H,K Kavanagh,13,8,5,0,12,15,2,9,1,2,0,0,2.7,3.6,2.45,20:00,2.85,3.6,2.43,1.57,2.38,1.58,2.42,0.25,1.78,2.08
2024/25,2025-02-15,Aston Villa,Ipswich,1,1,D,0,0,D,R Jones,25,4,6,3,7,11,16,1,0,3,0,1,1.4,4.75,7.0,15:00,1.41,4.96,7.45,1.57,2.38,1.58,2.41,-1.25,1.88,1.96
2024/25,2025-02-15,Crystal Palace,Everton,1,2,A,0,1,A,A Taylor,17,11,6,6,9,12,6,2,0,1,0,0,1.8,3.4,5.0,17:30,1.81,3.45,4.94,2.2,1.67,2.23,1.67,-0.5,1.8,2.06
2024/25,2025-02-15,Fulham,Nott'm Forest,2,1,H,1,1,D,T Bramall,24,8,10,2,13,8,8,4,0,0,0,0,2.2,3.4,3.3,15:00,2.22,3.35,3.39,2.1,1.73,2.1,1.76,-0.25,1.89,1.95
2024/25,2025-02-15,Leicester,Arsenal,0,2,A,0,0,D,S Barrott,6,11,2,5,9,10,3,7,2,1,0,0,8.5,5.0,1.33,12:30,9.45,5.29,1.34,1.73,2.1,1.71,2.17,1.5,1.87,1.99
2024/25,2025-02-15,Man City,Newcastle,4,0,H,3,0,H,A Madley,11,3,7,1,5,13,7,4,0,1,0,0,1.95,4.2,3.3,15:00,1.97,4.07,3.44,1.44,2.75,1.45,2.77,-0.5,1.96,1.88
2024/25,2025-02-15,Southampton,Bournemouth,1,3,A,0,2,A,J Gillett,11,14,4,7,13,15,4,6,1,3,0,0,6.0,4.5,1.5,15:00,5.83,4.64,1.52,1.5,2.63,1.49,2.62,1.0,2.03,1.82
2024/25,2025-02-15,West Ham,Brentford,0,1,A,0,1,A,D England,13,14,3,5,10,13,9,2,1,1,0,0,2.35,3.6,2.88,15:00,2.41,3.64,2.82,1.62,2.3,1.6,2.37,0.0,1.78,2.08
2024/25,2025-02-16,Liverpool,Wolves,2,1,H,2,0,H,S Hooper,10,16,3,4,15,13,4,3,2,2,0,0,1.15,8.0,12.0,14:00,1.19,7.85,12.84,1.36,3.2,1.37,3.12,-2.0,1.9,1.94
2024/25,2025-02-16,Tottenham,Man United,1,0,H,1,0,H,P Bankes,22,16,7,6,13,9,10,5,1,2,0,0,2.45,3.75,2.62,16:30,2.45,3.73,2.69,1.5,2.63,1.48,2.67,0.0,1.84,2.01
2024/25,2025-02-19,Aston Villa,Liverpool,2,2,D,2,1,H,C Pawson,9,17,4,3,8,6,6,8,1,0,0,0,3.9,4.0,1.83,19:30,3.93,4.0,1.85,1.57,2.38,1.56,2.45,0.5,2.01,1.84
2024/25,2025-02-21,Leicester,Brentford,0,4,A,0,3,A,T Harrington,8,14,3,6,10,10,5,6,4,0,0,0,3.6,3.8,1.91,20:00,3.7,3.86,1.96,1.57,2.38,1.58,2.42,0.5,1.9,1.96
2024/25,2025-02-22,Southampton,Brighton,0,4,A,0,1,A,D Bond,6,18,1,12,11,12,5,6,2,0,0,0,6.0,4.1,1.55,15:00,5.52,4.38,1.57,1.57,2.38,1.58,2.42,1.0,1.91,1.93
2024/25,2025-02-22,Ipswich,Tottenham,1,4,A,1,2,A,T Robinson,17,10,5,6,15,14,4,4,2,1,0,0,4.1,3.6,1.9,15:00,3.87,3.89,1.89,1.53,2.5,1.52,2.56,0.5,1.96,1.89
2024/25,2025-02-22,Fulham,Crystal Palace,0,2,A,0,1,A,R Jones,10,10,0,5,10,7,7,7,1,3,0,0,2.05,3.4,3.7,15:00,2.05,3.48,3.74,2.02,1.88,1.98,1.87,-0.5,2.03,1.82
2024/25,2025-02-22,Arsenal,West Ham,0,1,A,0,1,A,C Pawson,20,5,2,2,16,15,2,0,1,3,1,0,1.27,6.0,10.0,15:00,1.25,6.2,11.63,1.67,2.2,1.68,2.22,-1.75,2.01,1.83
2024/25,2025-02-22,Bournemouth,Wolves,0,1,A,0,1,A,M Salisbury,8,13,3,5,17,9,6,7,3,3,1,0,1.53,4.5,5.5,15:00,1.56,4.45,5.5,1.57,2.38,1.59,2.39,-1.0,1.92,1.93
2024/25,2025-02-22,Aston Villa,Chelsea,2,1,H,0,1,A,M Oliver,12,15,6,7,15,16,2,3,1,3,0,0,2.63,3.4,2.6,17:30,2.62,3.7,2.56,1.57,2.38,1.56,2.45,0.0,1.95,1.89
2024/25,2025-02-22,Everton,Man United,2,2,D,2,0,H,A Madley,9,9,8,3,12,9,7,9,4,1,0,0,2.5,3.2,2.9,12:30,2.55,3.2,2.96,2.2,1.67,2.19,1.7,0.0,1.79,2.07
2024/25,2025-02-23,Man City,Liverpool,0,2,A,0,2,A,A Taylor,16,8,5,4,3,10,7,5,0,0,0,0,2.88,3.8,2.25,16:30,2.9,3.86,2.26,1.4,3.0,1.41,2.89,0.25,1.87,1.97
2024/25,2025-02-23,Newcastle,Nott'm Forest,4,3,H,4,1,H,J Gillett,13,17,5,5,11,13,7,6,1,4,0,0,1.8,3.8,4.2,14:00,1.81,3.96,4.11,1.67,2.2,1.66,2.25,-0.75,2.03,1.81
2024/25,2025-02-25,Brighton,Bournemouth,2,1,H,1,0,H,M Oliver,11,19,4,5,12,14,1,9,2,1,0,0,2.0,3.8,3.3,19:30,2.06,3.81,3.43,1.62,2.3,1.62,2.35,-0.25,1.8,2.06
2024/25,2025-02-25,Chelsea,Southampton,4,0,H,3,0,H,T Bramall,19,7,10,2,6,9,4,2,1,2,0,0,1.17,8.0,13.0,20:15,1.17,8.55,14.69,1.29,3.75,1.28,3.72,-2.25,1.95,1.9
2024/25,2025-02-25,Crystal Palace,Aston Villa,4,1,H,1,0,H,S Barrott,19,6,6,2,19,10,3,8,3,1,0,0,2.45,3.4,2.8,19:30,2.55,3.38,2.83,1.9,2.0,1.9,1.95,0.0,1.84,2.03
2024/25,2025-02-25,Wolves,Fulham,1,2,A,1,1,D,P Bankes,18,11,5,5,8,15,7,5,1,3,0,0,2.63,3.3,2.63,19:30,2.71,3.34,2.69,2.05,1.85,2.01,1.84,0.0,1.94,1.93
2024/25,2025-02-26,Nott'm Forest,Arsenal,0,0,D,0,0,D,A Madley,6,13,2,1,10,17,3,11,1,1,0,0,3.9,3.6,1.95,19:30,3.94,3.48,1.98,2.2,1.67,2.17,1.71,0.5,1.87,1.98
2024/25,2025-02-26,Man United,Ipswich,3,2,H,2,2,D,D England,10,12,6,3,9,16,5,6,4,4,1,0,1.53,4.33,6.0,19:30,1.52,4.55,5.83,1.67,2.2,1.64,2.29,-1.0,1.85,2.0
2024/25,2025-02-26,Tottenham,Man City,0,1,A,0,1,A,J Gillett,11,12,6,5,12,15,8,3,3,0,0,0,3.25,4.0,2.0,19:30,3.22,4.09,2.04,1.36,3.2,1.34,3.29,0.5,1.82,2.04
2024/25,2025-02-26,Brentford,Everton,1,1,D,1,0,H,S Hooper,12,14,3,4,3,6,2,5,2,1,0,0,2.0,3.7,3.5,19:30,2.02,3.68,3.59,1.87,2.03,1.85,1.99,-0.5,2.01,1.83
2024/25,2025-02-26,Liverpool,Newcastle,2,0,H,1,0,H,C Kavanagh,12,3,3,0,12,11,4,2,0,1,0,0,1.5,4.5,5.75,20:15,1.52,4.77,5.64,1.44,2.75,1.44,2.79,-1.0,1.81,2.05
2024/25,2025-02-27,West Ham,Leicester,2,0,H,2,0,H,S Attwell,8,10,2,2,12,6,3,3,0,0,0,0,1.62,4.2,5.0,20:00,1.63,4.15,5.17,1.73,2.1,1.71,2.17,-1.0,2.07,1.79
2024/25,2025-03-08,Brentford,Aston Villa,0,1,A,0,0,D,J Gillett,13,12,3,4,10,5,6,5,2,2,0,0,2.2,3.8,2.9,17:30,2.26,3.8,2.95,1.53,2.5,1.52,2.54,-0.25,1.96,1.88
2024/25,2025-03-08,Brighton,Fulham,2,1,H,1,1,D,S Barrott,9,6,4,1,6,12,3,7,0,2,0,0,1.95,3.6,3.75,15:00,1.99,3.62,3.77,1.73,2.1,1.75,2.11,-0.5,1.98,1.86
2024/25,2025-03-08,Crystal Palace,Ipswich,1,0,H,0,0,D,S Hooper,19,15,4,8,8,7,5,4,4,3,0,0,1.45,4.75,6.25,15:00,1.48,4.55,6.74,1.73,2.1,1.75,2.07,-1.25,2.06,1.8
2024/25,2025-03-08,Liverpool,Southampton,3,1,H,0,1,A,L Smith,28,6,7,4,10,9,6,4,2,1,0,0,1.1,9.0,19.0,15:00,1.12,9.97,19.5,1.29,3.75,1.27,3.77,-2.5,1.95,1.89
2024/25,2025-03-08,Nott'm Forest,Man City,1,0,H,0,0,D,C Kavanagh,9,14,4,3,9,7,3,2,3,2,0,0,4.0,3.75,1.85,12:30,3.88,3.89,1.89,1.57,2.38,1.57,2.42,0.5,1.96,1.89
2024/25,2025-03-08,Wolves,Everton,1,1,D,1,1,D,S Attwell,11,12,3,4,11,16,5,5,2,2,0,0,2.6,3.1,2.88,20:00,2.63,3.14,2.87,2.3,1.62,2.27,1.64,0.0,1.83,2.0
2024/25,2025-03-09,Chelsea,Leicester,1,0,H,0,0,D,T Robinson,20,3,7,3,12,13,12,2,1,0,0,0,1.18,8.0,12.0,14:00,1.2,7.67,12.34,1.33,3.2,1.35,3.22,-2.0,1.92,1.91
2024/25,2025-03-09,Man United,Arsenal,1,1,D,1,0,H,A Taylor,10,17,6,6,8,11,2,9,0,1,0,0,5.75,3.5,1.7,16:30,5.41,3.58,1.72,2.15,1.62,2.18,1.7,0.75,1.91,1.92
2024/25,2025-03-09,Tottenham,Bournemouth,2,2,D,0,1,A,J Brooks,12,17,4,8,15,16,3,6,3,3,0,0,2.7,3.9,2.35,14:00,2.71,3.88,2.4,1.37,3.0,1.39,3.02,0.0,2.04,1.81
2024/25,2025-03-10,West Ham,Newcastle,0,1,A,0,0,D,M Salisbury,9,9,2,3,7,15,3,4,0,1,0,0,3.25,3.4,2.2,20:00,3.21,3.57,2.19,1.73,2.1,1.69,2.18,0.25,1.93,1.87
2024/25,2025-03-15,Southampton,Wolves,1,2,A,0,1,A,R Jones,10,5,3,3,12,13,5,1,0,0,0,0,3.7,3.4,2.0,15:00,3.63,3.51,2.06,1.84,2.06,1.81,2.03,0.5,1.8,2.05
2024/25,2025-03-15,Ipswich,Nott'm Forest,2,4,A,0,3,A,M Salisbury,11,11,4,6,4,13,6,3,1,1,0,0,3.75,3.5,2.0,15:00,3.8,3.59,1.99,1.87,2.03,1.85,1.99,0.5,1.87,1.98
2024/25,2025-03-15,Man City,Brighton,2,2,D,2,1,H,S Hooper,11,15,3,3,10,10,4,5,2,5,0,0,1.67,4.33,4.5,15:00,1.66,4.45,4.63,1.44,2.75,1.47,2.68,-0.75,1.81,2.04
2024/25,2025-03-15,Bournemouth,Brentford,1,2,A,1,1,D,C Pawson,17,10,5,4,13,7,4,3,3,0,0,0,1.73,4.2,4.2,17:30,1.76,4.16,4.25,1.44,2.75,1.48,2.66,-0.75,1.94,1.9
2024/25,2025-03-15,Everton,West Ham,1,1,D,0,0,D,D Bond,13,10,5,5,12,8,6,5,1,2,0,0,2.05,3.2,3.9,15:00,2.11,3.27,3.81,2.3,1.62,2.3,1.64,-0.25,1.78,2.06
2024/25,2025-03-16,Arsenal,Chelsea,1,0,H,1,0,H,C Kavanagh,12,8,4,2,10,13,5,4,3,3,0,0,1.8,3.6,4.5,13:30,1.81,3.74,4.44,1.86,1.92,1.88,1.94,-0.75,2.03,1.81
2024/25,2025-03-16,Fulham,Tottenham,2,0,H,0,0,D,A Madley,13,12,4,4,13,10,6,5,0,0,0,0,2.0,3.75,3.6,13:30,2.01,3.84,3.48,1.57,2.38,1.57,2.42,-0.5,2.0,1.85
2024/25,2025-03-16,Leicester,Man United,0,3,A,0,1,A,T Bramall,11,18,3,5,6,6,6,4,2,0,0,0,4.5,3.5,1.83,19:00,4.21,3.76,1.84,1.8,2.0,1.79,2.04,0.5,2.02,1.83
2024/25,2025-04-01,Arsenal,Fulham,2,1,H,1,0,H,J Brooks,17,9,4,3,2,10,5,4,1,2,0,0,1.48,4.33,7.0,19:45,1.48,4.2,7.73,2.1,1.73,2.12,1.74,-1.0,1.82,2.02
2024/25,2025-04-01,Nott'm Forest,Man United,1,0,H,1,0,H,J Gillett,8,23,2,6,5,12,3,10,1,3,0,0,2.3,3.4,3.1,20:00,2.32,3.42,3.13,1.95,1.95,1.94,1.89,-0.25,1.97,1.87
2024/25,2025-04-01,Wolves,West Ham,1,0,H,1,0,H,T Harrington,9,10,2,1,16,12,1,2,4,2,0,0,2.5,3.2,2.9,19:45,2.57,3.2,2.92,2.2,1.67,2.18,1.7,0.0,1.82,2.06
2024/25,2025-04-02,Southampton,Crystal Palace,1,1,D,1,0,H,A Madley,8,9,2,3,14,9,2,2,2,1,0,0,5.75,3.8,1.62,19:45,5.5,4.01,1.62,1.8,2.0,1.78,2.03,1.0,1.81,2.04
2024/25,2025-04-02,Newcastle,Brentford,2,1,H,1,0,H,P Bankes,21,12,4,3,12,12,4,5,1,1,0,0,1.73,4.5,4.0,19:45,1.73,4.31,4.21,1.44,2.75,1.46,2.68,-0.75,1.9,1.93
2024/25,2025-04-02,Man City,Leicester,2,0,H,2,0,H,D England,18,2,5,0,11,8,5,0,1,4,0,0,1.2,8.0,10.0,19:45,1.2,7.61,12.4,1.4,3.0,1.38,2.99,-2.0,1.93,1.91
2024/25,2025-04-02,Bournemouth,Ipswich,1,2,A,0,1,A,R Jones,24,10,7,2,14,15,8,3,1,2,0,0,1.36,5.25,7.5,19:45,1.38,5.23,7.72,1.53,2.5,1.51,2.52,-1.5,2.04,1.81
2024/25,2025-04-02,Brighton,Aston Villa,0,3,A,0,0,D,S Attwell,11,8,4,5,16,11,4,0,1,3,0,0,2.05,3.8,3.25,19:45,2.09,3.81,3.27,1.62,2.3,1.58,2.37,-0.25,1.82,2.02
2024/25,2025-04-02,Liverpool,Everton,1,0,H,0,0,D,S Barrott,17,5,3,0,7,11,11,5,2,2,0,0,1.36,5.0,8.0,20:00,1.36,5.02,8.78,1.73,2.1,1.76,2.06,-1.25,1.81,2.03
2024/25,2025-04-03,Chelsea,Tottenham,1,0,H,0,0,D,C Pawson,11,8,5,2,7,16,4,6,5,5,0,0,1.65,4.5,4.5,20:00,1.64,4.5,4.57,1.4,3.0,1.39,2.92,-1.0,2.04,1.8
2024/25,2025-04-05,Ipswich,Wolves,1,2,A,1,0,H,P Bankes,6,22,2,7,12,16,4,8,2,2,0,0,2.7,3.25,2.63,15:00,2.74,3.28,2.65,2.1,1.73,2.07,1.75,0.0,1.98,1.88
2024/25,2025-04-05,Everton,Arsenal,1,1,D,0,1,A,D England,5,14,2,5,17,13,3,8,3,1,0,0,5.25,3.25,1.75,12:30,5.15,3.44,1.78,2.38,1.57,2.36,1.59,0.75,1.8,2.04
2024/25,2025-04-05,West Ham,Bournemouth,2,2,D,0,1,A,T Robinson,9,11,3,4,13,13,4,7,2,2,0,0,3.0,3.5,2.3,15:00,3.04,3.47,2.34,1.8,2.0,1.8,2.02,0.25,1.83,1.97
2024/25,2025-04-05,Aston Villa,Nott'm Forest,2,1,H,2,0,H,S Hooper,17,19,8,3,7,15,4,4,2,2,0,0,1.95,3.6,3.7,17:30,1.99,3.63,3.72,1.8,2.0,1.78,2.05,-0.5,1.98,1.86
2024/25,2025-04-05,Crystal Palace,Brighton,2,1,H,1,1,D,A Taylor,8,11,3,5,12,13,2,4,0,1,2,1,2.35,3.6,2.8,15:00,2.43,3.46,2.87,1.8,2.0,1.78,2.04,-0.25,2.08,1.77
2024/25,2025-04-06,Brentford,Chelsea,0,0,D,0,0,D,M Oliver,9,21,2,5,12,12,3,6,1,3,0,0,3.2,3.6,2.15,14:00,3.2,3.73,2.15,1.53,2.5,1.53,2.46,0.25,1.97,1.83
2024/25,2025-04-06,Fulham,Liverpool,3,2,H,3,1,H,C Kavanagh,12,14,6,6,10,9,4,4,3,0,0,0,4.5,3.5,1.83,14:00,4.24,3.7,1.86,1.8,2.0,1.8,2.02,0.5,1.99,1.85
2024/25,2025-04-06,Man United,Man City,0,0,D,0,0,D,J Brooks,13,9,2,5,13,9,5,3,3,2,0,0,3.4,3.6,2.1,16:30,3.33,3.61,2.13,1.67,2.2,1.66,2.23,0.25,2.0,1.8
2024/25,2025-04-06,Tottenham,Southampton,3,1,H,2,0,H,M Salisbury,13,12,8,4,16,20,4,1,1,1,0,0,1.38,5.5,6.5,14:00,1.39,5.32,7.12,1.4,3.0,1.38,2.97,-1.5,2.01,1.84
2024/25,2025-04-07,Leicester,Newcastle,0,3,A,0,3,A,R Jones,7,16,2,5,8,9,12,2,2,0,0,0,6.5,4.2,1.48,20:00,6.4,4.44,1.5,1.62,2.3,1.6,2.33,1.25,1.8,2.04
2024/25,2025-04-12,Arsenal,Brentford,1,1,D,0,0,D,S Hooper,14,3,3,2,7,9,13,5,1,3,0,0,1.6,4.33,5.0,17:30,1.61,4.16,5.35,1.73,2.1,1.77,2.06,-1.0,2.05,1.8
2024/25,2025-04-12,Brighton,Leicester,2,2,D,1,1,D,D Bond,21,15,7,6,9,11,3,6,2,5,0,0,1.29,6.0,10.0,15:00,1.27,5.89,10.98,1.62,2.3,1.61,2.33,-1.5,1.8,2.03
2024/25,2025-04-12,Man City,Crystal Palace,5,2,H,2,2,D,J Gillett,21,8,9,3,10,16,1,4,2,3,0,0,1.5,4.75,5.75,12:30,1.5,4.7,5.95,1.53,2.5,1.53,2.48,-1.0,1.8,2.05
2024/25,2025-04-12,Nott'm Forest,Everton,0,1,A,0,0,D,C Pawson,10,13,5,5,9,13,1,7,0,3,0,0,2.1,3.3,3.7,15:00,2.11,3.33,3.67,2.2,1.67,2.22,1.67,-0.25,1.8,2.05
2024/25,2025-04-12,Southampton,Aston Villa,0,3,A,0,0,D,T Bramall,7,25,2,10,11,4,2,14,3,1,0,0,6.0,4.2,1.55,15:00,5.65,4.42,1.55,1.62,2.3,1.59,2.37,1.0,1.96,1.88
2024/25,2025-04-13,Newcastle,Man United,4,1,H,1,1,D,C Kavanagh,13,9,6,5,7,9,7,2,0,2,0,0,1.65,4.2,4.75,16:30,1.65,4.21,4.73,1.67,2.2,1.64,2.27,-0.75,1.81,2.03
2024/25,2025-04-13,Wolves,Tottenham,4,2,H,2,0,H,A Taylor,13,11,5,4,12,15,1,4,1,2,0,0,2.2,3.6,3.1,14:00,2.23,3.55,3.14,1.67,2.2,1.66,2.23,-0.25,1.92,1.91
2024/25,2025-04-13,Chelsea,Ipswich,2,2,D,0,2,A,S Attwell,34,13,9,4,11,7,15,4,2,2,0,0,1.27,7.0,8.5,14:00,1.25,6.57,9.7,1.44,2.75,1.43,2.77,-1.75,1.92,1.91
2024/25,2025-04-13,Liverpool,West Ham,2,1,H,1,0,H,A Madley,15,11,6,4,15,8,10,3,0,2,0,0,1.3,6.0,8.0,14:00,1.3,5.89,9.45,1.53,2.5,1.52,2.51,-1.5,1.86,1.99
2024/25,2025-04-14,Bournemouth,Fulham,1,0,H,1,0,H,O Oliver,12,12,3,7,11,10,6,9,3,2,0,0,2.15,3.5,3.3,20:00,2.15,3.58,3.3,1.73,2.1,1.74,2.1,-0.25,1.85,1.98
2024/25,2025-04-16,Newcastle,Crystal Palace,5,0,H,4,0,H,D England,14,11,7,4,9,15,5,4,2,3,0,0,1.67,3.9,5.0,19:30,1.71,3.96,4.75,1.73,2.1,1.69,2.18,-0.75,1.89,1.94
2024/25,2025-04-19,Everton,Man City,0,2,A,0,0,D,S Hooper,8,12,3,7,7,6,2,5,4,0,0,0,3.7,3.6,1.91,15:00,3.8,3.65,1.96,1.86,2.04,1.83,2.0,0.5,1.88,1.95
2024/25,2025-04-19,Crystal Palace,Bournemouth,0,0,D,0,0,D,S Barrott,5,15,0,4,13,10,5,4,3,4,1,0,2.45,3.6,2.63,15:00,2.54,3.54,2.69,1.8,2.0,1.78,2.04,0.0,1.86,2.0
2024/25,2025-04-19,West Ham,Southampton,1,1,D,0,0,D,A Kitchen,12,15,4,4,14,13,2,5,2,1,0,0,1.48,4.33,6.5,15:00,1.49,4.49,6.44,1.73,2.1,1.68,2.19,-1.0,1.79,2.06
2024/25,2025-04-19,Aston Villa,Newcastle,4,1,H,1,1,D,J Gillett,23,10,9,3,9,12,7,7,1,3,0,0,2.3,3.6,2.75,17:30,2.36,3.63,2.85,1.62,2.3,1.63,2.28,-0.25,2.03,1.81
2024/25,2025-04-19,Brentford,Brighton,4,2,H,1,1,D,T Robinson,16,12,8,3,7,11,4,8,3,3,0,1,2.4,3.75,2.63,15:00,2.5,3.61,2.7,1.57,2.38,1.59,2.37,0.0,1.85,2.01
2024/25,2025-04-20,Fulham,Chelsea,1,2,A,1,0,H,A Taylor,6,13,1,8,13,9,6,4,1,3,0,0,2.7,3.7,2.35,14:00,2.82,3.52,2.43,1.84,2.06,1.81,2.01,0.25,1.76,2.04
2024/25,2025-04-20,Ipswich,Arsenal,0,4,A,0,2,A,C Kavanagh,4,24,0,7,10,7,0,12,0,0,1,0,8.0,4.5,1.4,14:00,7.83,4.81,1.4,1.73,2.1,1.72,2.13,1.25,1.93,1.9
2024/25,2025-04-20,Leicester,Liverpool,0,1,A,0,0,D,S Attwell,5,28,0,10,11,7,1,13,1,2,0,0,11.0,6.25,1.22,16:30,11.76,6.63,1.23,1.44,2.75,1.44,2.74,1.75,2.02,1.82
2024/25,2025-04-20,Man United,Wolves,0,1,A,0,0,D,R Jones,12,4,2,2,11,18,9,2,2,3,0,0,2.0,3.6,3.6,14:00,2.0,3.58,3.72,1.97,1.93,1.93,1.89,-0.5,1.99,1.85
2024/25,2025-04-21,Tottenham,Nott'm Forest,1,2,A,0,2,A,P Bankes,22,4,6,3,11,12,7,1,1,4,0,0,2.45,3.6,2.63,20:00,2.47,3.71,2.66,1.57,2.38,1.58,2.38,0.0,1.86,2.0
2024/25,2025-04-22,Man City,Aston Villa,2,1,H,1,1,D,C Pawson,14,7,6,3,9,10,10,2,3,3,0,0,1.8,4.1,3.9,20:00,1.85,4.06,3.93,1.53,2.5,1.51,2.56,-0.5,1.84,2.01
2024/25,2025-04-23,Arsenal,Crystal Palace,2,2,D,2,1,H,M Salisbury,12,15,6,4,4,6,3,6,1,1,0,0,1.4,4.75,7.5,20:00,1.41,4.66,8.13,1.91,1.99,1.87,1.95,-1.25,1.92,1.91
2024/25,2025-04-26,Wolves,Leicester,3,0,H,1,0,H,S Barrott,20,8,6,2,7,17,4,2,1,4,0,0,1.5,4.2,6.25,15:00,1.51,4.38,6.24,1.73,2.1,1.75,2.09,-1.0,1.85,1.99
2024/25,2025-04-26,Newcastle,Ipswich,3,0,H,1,0,H,M Salisbury,25,4,5,0,9,9,11,2,1,2,0,1,1.18,7.5,13.0,15:00,1.18,7.72,14.89,1.36,3.2,1.34,3.18,-2.0,1.81,2.03
2024/25,2025-04-26,Southampton,Fulham,1,2,A,1,0,H,T Harrington,7,26,3,5,10,12,0,13,1,1,0,0,5.25,4.0,1.6,15:00,5.17,4.11,1.64,1.73,2.1,1.71,2.13,1.0,1.78,2.07
2024/25,2025-04-26,Brighton,West Ham,3,2,H,1,0,H,D England,16,12,9,4,7,9,8,1,1,1,0,0,1.67,4.2,4.75,15:00,1.67,4.14,4.76,1.67,2.2,1.67,2.21,-0.75,1.85,1.98
2024/25,2025-04-26,Chelsea,Everton,1,0,H,1,0,H,C Kavanagh,10,6,7,3,11,11,10,2,0,0,0,0,1.55,4.0,6.0,12:30,1.58,4.08,5.91,1.88,2.02,1.85,1.97,-1.0,1.99,1.85
2024/25,2025-04-27,Bournemouth,Man United,1,1,D,1,0,H,P Bankes,8,25,1,6,11,12,5,10,4,2,1,0,1.67,4.0,4.5,14:00,1.67,4.13,4.77,1.67,2.2,1.68,2.2,-0.75,1.85,1.98
2024/25,2025-04-27,Liverpool,Tottenham,5,1,H,3,1,H,T Bramall,25,8,8,3,16,9,8,2,2,1,0,0,1.25,6.0,11.0,16:30,1.25,6.57,9.98,1.33,3.4,1.31,3.38,-1.75,1.83,2.0
2024/25,2025-05-01,Nott'm Forest,Brentford,0,2,A,0,1,A,D England,14,11,5,3,10,12,4,5,3,5,0,0,2.15,3.5,3.25,19:30,2.17,3.55,3.27,1.8,2.0,1.79,2.04,-0.25,1.87,1.96
2024/25,2025-05-02,Man City,Wolves,1,0,H,1,0,H,P Bankes,9,6,2,1,7,11,4,5,0,0,0,0,1.4,4.75,7.5,20:00,1.4,5.14,7.49,1.53,2.5,1.52,2.51,-1.25,1.84,2.0
2024/25,2025-05-03,Arsenal,Bournemouth,1,2,A,1,0,H,J Gillett,13,9,4,2,7,16,2,3,0,2,0,0,2.05,3.7,3.4,17:30,2.08,3.6,3.47,1.87,2.03,1.84,1.99,-0.25,1.79,2.05
2024/25,2025-05-03,Aston Villa,Fulham,1,0,H,1,0,H,R Jones,10,11,3,3,6,17,5,3,0,5,0,0,1.77,3.75,4.5,12:30,1.79,3.88,4.32,1.68,2.05,1.72,2.12,-0.75,2.02,1.82
2024/25,2025-05-03,Leicester,Southampton,2,0,H,2,0,H,D Webb,14,8,4,2,12,13,7,7,1,3,0,0,2.3,3.6,2.88,15:00,2.33,3.62,2.93,1.68,2.05,1.74,2.09,-0.25,2.01,1.82
2024/25,2025-05-03,Everton,Ipswich,2,2,D,2,1,H,L Smith,8,12,3,5,12,15,3,3,4,4,0,0,1.45,4.33,6.5,15:00,1.47,4.4,7.07,1.95,1.95,1.89,1.93,-1.0,1.78,2.07
2024/25,2025-05-04,Brentford,Man United,4,3,H,2,1,H,A Taylor,12,14,6,5,8,10,7,4,0,2,0,0,1.65,4.1,4.75,14:00,1.67,4.14,4.74,1.67,2.2,1.67,2.21,-0.75,1.85,1.99
2024/25,2025-05-04,Brighton,Newcastle,1,1,D,1,0,H,C Pawson,5,13,2,5,15,10,1,4,2,1,0,0,2.88,3.7,2.3,14:00,2.86,3.77,2.31,1.53,2.5,1.55,2.47,0.25,1.83,1.97
2024/25,2025-05-04,Chelsea,Liverpool,3,1,H,1,0,H,S Hooper,17,11,7,2,10,11,3,6,2,2,0,0,2.15,3.7,3.1,16:30,2.18,3.71,3.14,1.53,2.5,1.54,2.45,-0.25,1.88,1.96
2024/25,2025-05-04,West Ham,Tottenham,1,1,D,1,1,D,M Oliver,11,7,2,2,18,15,1,3,2,2,0,0,2.1,3.7,3.25,14:00,2.1,3.73,3.31,1.57,2.38,1.56,2.4,-0.25,1.8,2.02
2024/25,2025-05-05,Crystal Palace,Nott'm Forest,1,1,D,0,0,D,A Madley,20,12,3,4,9,15,7,4,3,8,0,0,2.25,3.4,3.2,20:00,2.29,3.38,3.15,2.01,1.89,1.96,1.86,-0.25,1.95,1.87
2024/25,2025-05-10,Southampton,Man City,0,0,D,0,0,D,T Robinson,2,26,0,5,9,8,1,15,2,0,0,0,11.0,7.5,1.2,15:00,13.37,7.58,1.19,1.36,3.2,1.33,3.22,2.0,1.95,1.88
2024/25,2025-05-10,Wolves,Brighton,0,2,A,0,1,A,M Oliver,10,7,3,2,8,12,7,4,1,1,0,0,2.7,3.5,2.5,15:00,2.73,3.47,2.54,1.73,2.1,1.73,2.12,0.0,1.99,1.87
2024/25,2025-05-10,Fulham,Everton,1,3,A,1,1,D,M Salisbury,18,11,6,7,15,9,5,5,1,0,0,0,1.82,3.4,4.5,15:00,1.87,3.55,4.32,2.0,1.8,2.04,1.79,-0.5,1.86,1.97
2024/25,2025-05-10,Bournemouth,Aston Villa,0,1,A,0,1,A,S Attwell,10,6,4,3,19,12,10,0,4,3,0,1,2.4,3.6,2.75,17:30,2.45,3.68,2.71,1.62,2.3,1.61,2.33,0.0,1.83,2.04
2024/25,2025-05-10,Ipswich,Brentford,0,1,A,0,1,A,S Barrott,11,15,4,5,6,12,5,6,2,4,0,0,5.0,4.0,1.65,15:00,4.94,4.2,1.65,1.53,2.5,1.51,2.52,1.0,1.79,2.05
2024/25,2025-05-11,Liverpool,Arsenal,2,2,D,2,0,H,A Taylor,14,15,5,7,13,10,3,1,1,1,0,1,2.0,3.6,3.6,16:30,2.06,3.54,3.57,1.73,2.1,1.71,2.14,-0.5,2.04,1.8
2024/25,2025-05-11,Man United,West Ham,0,2,A,0,1,A,J Gillett,20,9,5,4,3,13,8,5,0,1,0,0,1.9,3.6,4.0,14:15,1.92,3.72,3.83,1.73,2.1,1.76,2.07,-0.5,1.92,1.91
2024/25,2025-05-11,Newcastle,Chelsea,2,0,H,1,0,H,J Brooks,15,10,6,3,9,13,2,8,4,2,0,1,2.1,3.75,3.1,12:00,2.13,3.76,3.18,1.57,2.38,1.55,2.43,-0.25,1.85,1.98
2024/25,2025-05-11,Nott'm Forest,Leicester,2,2,D,1,1,D,T Harrington,15,10,4,6,11,11,4,4,3,3,0,0,1.33,5.25,8.0,14:15,1.33,5.34,8.83,1.67,2.2,1.66,2.22,-1.5,1.99,1.85
2024/25,2025-05-11,Tottenham,Crystal Palace,0,2,A,0,1,A,C Kavanagh,8,23,1,10,12,10,4,8,1,1,0,0,2.63,3.6,2.5,14:15,2.65,3.68,2.5,1.53,2.5,1.53,2.46,0.0,1.99,1.87
2024/25,2025-05-16,Aston Villa,Tottenham,2,0,H,0,0,D,P Bankes,18,3,7,1,5,12,9,1,1,2,0,0,1.3,6.0,8.5,19:30,1.32,5.95,8.45,1.36,3.2,1.37,3.06,-1.5,1.87,1.98
2024/25,2025-05-16,Chelsea,Man United,1,0,H,0,0,D,C Kavanagh,11,4,3,1,10,14,7,2,1,6,0,0,1.44,5.0,6.25,20:15,1.46,4.9,6.51,1.5,2.63,1.49,2.6,-1.25,1.96,1.89
2024/25,2025-05-18,Arsenal,Newcastle,1,0,H,0,0,D,S Hooper,12,14,4,5,9,9,10,7,3,3,0,0,1.95,3.7,3.7,16:30,2.01,3.59,3.7,1.73,2.1,1.77,2.06,-0.5,2.0,1.84
2024/25,2025-05-18,Brentford,Fulham,2,3,A,2,1,H,J Gillett,11,16,6,7,12,8,5,3,4,4,0,0,1.91,3.9,3.6,15:00,1.93,3.9,3.64,1.62,2.3,1.61,2.32,-0.5,1.93,1.91
2024/25,2025-05-18,Everton,Southampton,2,0,H,2,0,H,M Oliver,13,6,5,2,6,10,4,5,1,1,0,0,1.4,4.75,7.5,12:00,1.4,4.79,7.93,1.8,2.0,1.79,2.04,-1.25,1.91,1.92
2024/25,2025-05-18,Leicester,Ipswich,2,0,H,1,0,H,A Kitchen,9,20,3,2,15,12,2,2,1,0,0,0,2.3,3.6,2.9,15:00,2.33,3.59,2.94,1.73,2.1,1.74,2.11,-0.25,2.01,1.83
2024/25,2025-05-18,West Ham,Nott'm Forest,1,2,A,0,1,A,S Barrott,16,10,5,5,14,7,8,7,6,3,0,0,2.75,3.3,2.55,14:15,2.8,3.4,2.53,1.98,1.92,1.94,1.89,0.0,2.02,1.84
2024/25,2025-05-19,Brighton,Liverpool,3,2,H,1,2,A,J Brooks,25,18,12,5,9,8,3,3,1,0,0,0,2.6,3.75,2.45,20:00,2.63,3.82,2.46,1.44,2.75,1.45,2.7,0.0,1.99,1.87
2024/25,2025-05-20,Man City,Bournemouth,3,1,H,2,0,H,T Bramall,12,8,5,2,7,13,3,1,1,3,1,1,1.55,4.33,5.75,20:00,1.55,4.51,5.49,1.53,2.5,1.51,2.52,-1.0,1.89,1.94
2024/25,2025-05-20,Crystal Palace,Wolves,4,2,H,2,1,H,D Webb,14,12,10,3,14,8,0,10,1,2,0,0,2.25,3.3,3.2,20:00,2.27,3.32,3.26,2.02,1.88,1.99,1.83,-0.25,1.93,1.9
2024/25,2025-05-25,Bournemouth,Leicester,2,0,H,0,0,D,L Smith,20,3,7,0,19,16,6,1,0,2,0,0,1.33,5.25,8.5,16:00,1.33,5.61,8.35,1.5,2.63,1.46,2.67,-1.5,1.9,1.93
2024/25,2025-05-25,Wolves,Brentford,1,1,D,0,1,A,C Pawson,18,13,6,7,7,9,8,3,2,1,0,0,2.7,3.7,2.45,16:00,2.71,3.76,2.43,1.53,2.5,1.5,2.55,0.0,2.04,1.82
2024/25,2025-05-25,Southampton,Arsenal,1,2,A,0,1,A,D Bond,7,23,2,8,7,8,5,8,0,0,0,0,8.5,6.0,1.3,16:00,9.45,5.83,1.29,1.5,2.63,1.47,2.64,1.5,2.02,1.82
2024/25,2025-05-25,Nott'm Forest,Chelsea,0,1,A,0,0,D,A Taylor,10,6,2,2,10,11,7,4,2,2,0,0,3.0,3.75,2.2,16:00,3.09,3.72,2.2,1.67,2.2,1.67,2.21,0.25,1.92,1.87
2024/25,2025-05-25,Newcastle,Everton,0,1,A,0,0,D,T Harrington,17,14,6,6,12,9,12,3,1,4,0,0,1.33,5.5,8.5,16:00,1.32,5.6,8.77,1.53,2.5,1.5,2.55,-1.5,1.9,1.93
2024/25,2025-05-25,Tottenham,Brighton,1,4,A,1,0,H,R Jones,4,23,2,8,13,8,2,11,3,1,0,0,4.2,4.33,1.7,16:00,4.23,4.43,1.71,1.33,3.4,1.32,3.34,0.75,1.97,1.85
2024/25,2025-05-25,Liverpool,Crystal Palace,1,1,D,0,1,A,D England,14,8,3,5,7,10,11,0,1,0,1,0,1.4,6.0,5.75,16:00,1.4,5.65,6.27,1.3,3.5,1.3,3.43,-1.5,2.02,1.82
2024/25,2025-05-25,Ipswich,West Ham,1,3,A,0,1,A,T Robinson,14,10,4,6,10,9,4,0,1,1,0,0,3.0,3.8,2.2,16:00,2.99,3.85,2.21,1.5,2.63,1.5,2.57,0.25,1.9,1.9
2024/25,2025-05-25,Fulham,Man City,0,2,A,0,1,A,A Madley,13,20,3,5,11,5,1,6,0,0,0,0,5.0,4.2,1.6,16:00,5.15,4.28,1.61,1.53,2.5,1.51,2.52,1.0,1.85,1.99
2024/25,2025-05-25,Man United,Aston Villa,2,0,H,0,0,D,T Bramall,25,6,10,1,10,10,4,3,2,2,0,1,4.33,4.2,1.7,16:00,4.37,4.16,1.73,1.62,2.3,1.6,2.35,0.75,1.92,1.9
2025/26,2025-08-15,Liverpool,Bournemouth,4,2,H,1,0,H,A Taylor,19,10,10,3,7,10,6,7,1,2,0,0,1.3,6.0,8.5,20:00,1.31,5.96,8.31,1.36,3.2,1.35,3.13,-1.5,1.78,1.99
2025/26,2025-08-16,Wolves,Man City,0,4,A,0,2,A,J Gillett,9,15,3,4,13,7,4,6,1,2,0,0,6.25,4.75,1.45,17:30,6.73,4.73,1.44,1.62,2.3,1.61,2.25,1.25,1.83,1.86
2025/26,2025-08-16,Aston Villa,Newcastle,0,0,D,0,0,D,C Pawson,3,16,3,3,13,11,3,6,1,1,1,0,2.25,3.5,2.9,12:30,2.3,3.56,2.94,1.62,2.3,1.61,2.25,-0.25,1.9,1.78
2025/26,2025-08-16,Brighton,Fulham,1,1,D,0,0,D,S Barrott,10,7,4,2,16,15,4,3,3,3,0,0,1.91,3.6,4.0,15:00,1.92,3.62,3.91,1.73,2.1,1.71,2.08,-0.5,1.87,1.88
2025/26,2025-08-16,Sunderland,West Ham,3,0,H,0,0,D,R Jones,10,12,5,4,8,10,5,7,0,1,0,0,3.25,3.4,2.25,15:00,3.17,3.38,2.26,1.93,1.93,1.88,1.88,0.25,1.84,1.81
2025/26,2025-08-16,Tottenham,Burnley,3,0,H,1,0,H,M Oliver,16,14,6,4,14,8,6,5,0,0,0,0,1.38,4.75,8.5,15:00,1.37,4.8,8.3,1.73,2.1,1.66,2.16,-1.25,1.75,1.95
2025/26,2025-08-17,Nott'm Forest,Brentford,3,1,H,3,0,H,P Bankes,11,10,5,3,7,15,5,5,1,2,0,0,2.2,3.3,3.5,14:00,2.15,3.36,3.43,2.0,1.85,1.92,1.83,-0.25,1.77,1.92
2025/26,2025-08-17,Chelsea,Crystal Palace,0,0,D,0,0,D,D England,19,12,3,4,10,12,11,2,2,3,0,0,1.62,4.33,4.5,14:00,1.61,4.21,5.08,1.67,2.2,1.63,2.22,-0.75,1.72,1.97
2025/26,2025-08-17,Man United,Arsenal,0,1,A,0,1,A,S Hooper,22,9,7,3,10,19,3,4,1,4,0,0,3.6,3.6,1.95,16:30,3.57,3.56,2.01,1.83,2.03,1.8,1.97,0.5,1.79,1.96
2025/26,2025-08-18,Leeds,Everton,1,0,H,0,0,D,C Kavanagh,21,7,3,1,6,8,7,2,0,2,0,0,2.38,3.3,3.0,20:00,2.39,3.29,2.96,2.1,1.73,2.07,1.72,-0.25,1.94,1.75
2025/26,2025-08-22,West Ham,Chelsea,1,5,A,1,3,A,M Oliver,12,12,4,7,7,10,7,5,0,1,0,0,4.75,3.8,1.73,20:00,4.68,3.88,1.71,1.73,2.1,1.72,2.09,0.75,1.83,1.86
2025/26,2025-08-23,Arsenal,Leeds,5,0,H,2,0,H,J Gillett,18,3,5,1,8,11,2,2,0,2,0,0,1.27,6.25,9.5,17:30,1.27,5.93,10.61,1.53,2.5,1.55,2.38,-1.75,1.95,1.75
2025/26,2025-08-23,Bournemouth,Wolves,1,0,H,1,0,H,T Bramall,14,6,4,1,13,16,8,3,2,4,0,1,1.8,3.8,4.2,15:00,1.79,3.88,4.24,1.73,2.1,1.72,2.06,-0.75,1.96,1.74
2025/26,2025-08-23,Brentford,Aston Villa,1,0,H,1,0,H,T Harrington,9,17,2,2,11,9,2,9,1,2,0,0,3.1,3.6,2.2,15:00,3.11,3.53,2.21,1.8,2.0,1.77,2.0,0.25,1.86,1.8
2025/26,2025-08-23,Burnley,Sunderland,2,0,H,0,0,D,M Salisbury,7,9,2,1,9,5,4,3,0,1,0,0,2.2,3.2,3.5,15:00,2.25,3.16,3.42,2.3,1.62,2.26,1.6,-0.25,1.81,1.87
2025/26,2025-08-23,Man City,Tottenham,0,2,A,0,2,A,P Bankes,10,12,4,5,7,12,7,2,1,4,0,0,1.48,4.5,6.25,12:30,1.48,4.7,6.08,1.44,2.75,1.46,2.62,-1.25,1.91,1.77
2025/26,2025-08-24,Crystal Palace,Nott'm Forest,1,1,D,1,0,H,A Taylor,8,9,4,1,11,11,1,3,3,3,0,0,2.35,3.3,3.1,14:00,2.35,3.26,3.07,2.1,1.73,2.05,1.73,-0.25,1.92,1.77
2025/26,2025-08-24,Everton,Brighton,2,0,H,1,0,H,S Attwell,11,13,3,4,7,15,2,2,4,3,0,0,3.1,3.3,2.3,14:00,3.08,3.3,2.32,2.0,1.8,2.01,1.76,0.25,1.79,1.86
2025/26,2025-08-24,Fulham,Man United,1,1,D,0,0,D,C Kavanagh,13,10,4,3,12,10,9,6,1,1,0,0,3.25,3.5,2.15,16:30,3.27,3.53,2.13,1.8,2.0,1.77,1.99,0.25,1.91,1.75
2025/26,2025-08-25,Newcastle,Liverpool,2,3,A,0,1,A,S Hooper,10,5,3,4,17,15,7,1,2,3,1,0,3.25,3.8,2.05,20:00,3.3,3.83,2.02,1.57,2.38,1.53,2.43,0.25,2.0,1.68
2025/26,2025-08-30,Tottenham,Bournemouth,0,1,A,0,1,A,S Hooper,5,20,1,6,17,13,0,8,2,4,0,0,1.73,4.2,4.2,15:00,1.73,4.06,4.29,1.57,2.38,1.54,2.38,-0.75,1.91,1.84
2025/26,2025-08-30,Wolves,Everton,2,3,A,1,2,A,M Oliver,12,10,4,4,15,10,2,2,0,1,0,0,2.7,3.2,2.75,15:00,2.66,3.19,2.74,2.2,1.67,2.17,1.65,0.0,1.82,1.92
2025/26,2025-08-30,Sunderland,Brentford,2,1,H,0,0,D,A Taylor,12,7,3,4,11,12,3,4,3,2,0,0,3.0,3.3,2.4,15:00,2.92,3.27,2.46,2.1,1.73,2.04,1.73,0.0,1.95,1.79
2025/26,2025-08-30,Leeds,Newcastle,0,0,D,0,0,D,P Bankes,10,8,1,2,10,15,5,5,1,1,0,0,3.5,3.4,2.1,17:30,3.37,3.49,2.12,1.8,2.0,1.76,2.01,0.25,1.97,1.73
2025/26,2025-08-30,Chelsea,Fulham,2,0,H,1,0,H,R Jones,13,11,6,3,11,17,6,4,2,2,0,0,1.55,4.33,5.25,12:30,1.55,4.35,5.6,1.67,2.2,1.67,2.16,-1.0,1.89,1.87
2025/26,2025-08-30,Man United,Burnley,3,2,H,1,0,H,S Barrott,26,6,6,3,9,9,7,1,1,5,0,0,1.33,5.25,8.0,15:00,1.35,5.15,8.28,1.67,2.2,1.65,2.17,-1.5,1.98,1.78
2025/26,2025-08-31,Aston Villa,Crystal Palace,0,3,A,0,1,A,S Attwell,13,6,4,4,7,14,10,1,2,3,0,0,1.85,3.7,4.0,19:00,1.88,3.56,4.07,1.98,1.88,1.95,1.81,-0.5,1.84,1.91
2025/26,2025-08-31,Brighton,Man City,2,1,H,0,1,A,D England,12,12,7,3,16,14,3,2,2,2,0,0,3.8,3.9,1.9,14:00,3.78,3.84,1.85,1.62,2.3,1.57,2.32,0.5,1.93,1.82
2025/26,2025-08-31,Liverpool,Arsenal,1,0,H,0,0,D,C Kavanagh,9,11,3,1,7,10,3,8,2,2,0,0,2.2,3.5,3.2,16:30,2.2,3.49,3.17,1.73,2.1,1.73,2.06,-0.25,1.85,1.89
2025/26,2025-08-31,Nott'm Forest,West Ham,0,3,A,0,0,D,C Pawson,11,12,3,8,14,6,9,7,0,0,0,0,1.67,3.75,5.25,14:00,1.69,3.74,5.03,1.98,1.88,1.94,1.82,-0.75,1.86,1.88
2025/26,2025-09-13,Newcastle,Wolves,1,0,H,1,0,H,C Kavanagh,16,8,4,3,10,17,10,4,1,4,0,0,1.42,4.75,7.0,15:00,1.43,4.62,7.45,1.8,2.0,1.74,2.04,-1.25,1.92,1.86
2025/26,2025-09-13,Arsenal,Nott'm Forest,3,0,H,1,0,H,D England,16,5,5,1,8,11,8,4,1,1,0,0,1.38,5.0,8.0,12:30,1.38,4.85,8.16,1.73,2.1,1.69,2.11,-1.25,1.81,1.97
2025/26,2025-09-13,Bournemouth,Brighton,2,1,H,1,0,H,P Bankes,13,6,5,2,16,10,4,4,4,4,0,0,2.35,3.5,2.9,15:00,2.38,3.5,2.87,1.67,2.2,1.67,2.14,-0.25,2.02,1.76
2025/26,2025-09-13,Brentford,Chelsea,2,2,D,1,0,H,S Attwell,7,16,4,6,13,9,5,6,3,2,0,0,4.5,3.9,1.73,20:00,4.54,3.92,1.73,1.73,2.1,1.7,2.11,0.75,1.89,1.89
2025/26,2025-09-13,Crystal Palace,Sunderland,0,0,D,0,0,D,T Bramall,14,6,6,0,10,8,5,3,1,1,0,0,1.65,3.75,5.75,15:00,1.66,3.76,5.42,2.1,1.73,2.08,1.71,-0.75,1.83,1.95
2025/26,2025-09-13,Everton,Aston Villa,0,0,D,0,0,D,S Hooper,20,7,2,1,17,15,10,3,3,3,0,0,2.45,3.3,2.9,15:00,2.44,3.27,2.95,2.05,1.8,2.02,1.76,-0.25,2.04,1.75
2025/26,2025-09-13,Fulham,Leeds,1,0,H,0,0,D,C Pawson,5,10,3,3,20,15,3,3,1,2,0,0,1.91,3.5,4.0,15:00,1.96,3.51,3.89,2.03,1.83,1.98,1.78,-0.5,1.91,1.84
2025/26,2025-09-13,West Ham,Tottenham,0,3,A,0,0,D,J Gillett,7,14,4,5,8,7,2,13,0,1,1,0,3.4,3.6,2.1,17:30,3.36,3.56,2.1,1.8,2.0,1.76,2.02,0.25,1.98,1.76
2025/26,2025-09-14,Man City,Man United,3,0,H,1,0,H,A Taylor,13,12,6,2,8,8,2,4,0,0,0,0,1.75,4.0,4.2,16:30,1.76,3.99,4.19,1.57,2.38,1.55,2.38,-0.75,1.94,1.84
2025/26,2025-09-14,Burnley,Liverpool,0,1,A,0,0,D,M Oliver,3,27,0,4,9,9,1,13,0,2,0,0,8.0,5.5,1.33,14:00,8.6,5.43,1.33,1.53,2.5,1.52,2.44,1.5,1.88,1.88
2025/26,2025-09-20,Brighton,Tottenham,2,2,D,2,1,H,C Kavanagh,12,11,4,3,10,13,2,10,1,2,0,0,2.25,3.7,3.0,15:00,2.25,3.61,3.0,1.67,2.2,1.64,2.2,-0.25,1.93,1.84
2025/26,2025-09-20,Burnley,Nott'm Forest,1,1,D,1,1,D,T Bramall,12,17,5,8,12,11,4,5,1,1,0,0,3.4,3.3,2.2,15:00,3.36,3.37,2.18,2.0,1.85,1.94,1.82,0.25,1.93,1.8
2025/26,2025-09-20,Fulham,Brentford,3,1,H,2,1,H,M Oliver,14,8,3,3,11,13,2,10,4,1,0,0,2.0,3.4,3.8,20:00,2.02,3.48,3.69,2.0,1.85,1.91,1.86,-0.5,1.96,1.8
2025/26,2025-09-20,Liverpool,Everton,2,1,H,2,0,H,D England,11,9,3,2,11,10,5,4,2,3,0,0,1.45,4.75,6.5,12:30,1.45,4.65,6.7,1.62,2.3,1.59,2.28,-1.25,1.91,1.86
2025/26,2025-09-20,Man United,Chelsea,2,1,H,2,0,H,P Bankes,11,5,4,1,13,14,5,5,0,5,1,1,2.6,3.8,2.45,17:30,2.68,3.69,2.44,1.57,2.38,1.57,2.32,0.0,1.98,1.78
2025/26,2025-09-20,West Ham,Crystal Palace,1,2,A,0,1,A,T Harrington,8,18,3,3,15,5,8,8,3,3,0,0,2.88,3.5,2.38,15:00,2.98,3.36,2.37,2.05,1.8,1.98,1.79,0.25,1.78,1.93
2025/26,2025-09-20,Wolves,Leeds,1,3,A,1,3,A,A Taylor,16,6,6,4,11,9,4,0,1,1,0,0,2.7,3.2,2.75,15:00,2.67,3.16,2.74,2.3,1.62,2.22,1.62,0.0,1.8,1.97
2025/26,2025-09-21,Arsenal,Man City,1,1,D,0,1,A,S Attwell,12,5,3,3,11,10,11,2,1,2,0,0,1.85,3.9,3.8,16:30,1.9,3.7,3.85,1.8,2.0,1.77,2.0,-0.5,1.86,1.9
2025/26,2025-09-21,Bournemouth,Newcastle,0,0,D,0,0,D,R Jones,11,4,2,1,7,10,5,2,2,1,0,0,2.5,3.5,2.7,14:00,2.44,3.45,2.78,1.83,2.03,1.8,1.97,0.0,1.81,1.94
2025/26,2025-09-21,Sunderland,Aston Villa,1,1,D,0,0,D,S Barrott,14,12,4,2,14,8,6,5,2,1,1,0,3.4,3.5,2.1,14:00,3.56,3.34,2.1,2.2,1.67,2.09,1.7,0.25,1.99,1.73
2025/26,2025-09-27,Nott'm Forest,Sunderland,0,1,A,0,1,A,T Harrington,22,11,6,3,11,6,7,4,4,2,0,0,1.75,3.75,4.5,17:30,1.77,3.67,4.64,2.0,1.85,1.97,1.8,-0.75,1.96,1.8
2025/26,2025-09-27,Tottenham,Wolves,1,1,D,0,0,D,M Salisbury,10,9,3,3,9,11,10,9,3,2,0,0,1.5,4.5,6.0,20:00,1.47,4.57,6.38,1.73,2.1,1.68,2.14,-1.25,1.99,1.76
2025/26,2025-09-27,Leeds,Bournemouth,2,2,D,1,1,D,M Oliver,19,12,8,5,12,13,7,4,2,2,0,0,3.1,3.25,2.38,15:00,2.98,3.29,2.41,2.03,1.83,1.96,1.81,0.25,1.76,1.95
2025/26,2025-09-27,Man City,Burnley,5,1,H,1,1,D,R Jones,21,9,8,2,5,7,10,2,1,3,0,0,1.17,7.5,15.0,15:00,1.17,7.48,15.54,1.44,2.75,1.43,2.74,-2.0,1.82,1.96
2025/26,2025-09-27,Chelsea,Brighton,1,3,A,1,0,H,S Hooper,13,12,3,3,9,16,5,7,3,5,1,0,1.85,3.8,3.8,15:00,1.86,3.86,3.86,1.62,2.3,1.59,2.29,-0.5,1.82,1.93
2025/26,2025-09-27,Brentford,Man United,3,1,H,2,1,H,C Pawson,10,14,8,6,14,10,4,2,2,2,0,0,3.4,3.8,2.0,12:30,3.4,3.77,2.02,1.67,2.2,1.64,2.22,0.5,1.79,1.98
2025/26,2025-09-27,Crystal Palace,Liverpool,2,1,H,1,0,H,C Kavanagh,16,20,7,4,10,8,2,6,1,3,0,0,3.8,3.8,1.9,15:00,3.82,3.72,1.91,1.73,2.1,1.72,2.07,0.5,1.89,1.87
2025/26,2025-09-28,Aston Villa,Fulham,3,1,H,1,1,D,A Madley,9,11,4,4,10,13,2,8,1,4,0,0,2.3,3.1,3.4,14:00,2.29,3.19,3.3,2.1,1.73,2.11,1.69,-0.25,1.93,1.84
2025/26,2025-09-28,Newcastle,Arsenal,1,2,A,1,0,H,J Gillett,8,20,3,7,8,9,7,12,2,1,0,0,3.6,3.4,2.1,16:30,3.51,3.32,2.12,2.1,1.73,2.08,1.71,0.25,1.98,1.74
2025/26,2025-09-29,Everton,West Ham,1,1,D,1,0,H,S Barrott,12,14,6,3,7,16,3,5,3,4,0,0,1.7,3.75,5.0,20:00,1.72,3.69,4.83,1.93,1.93,1.91,1.85,-0.75,1.91,1.86
2025/26,2025-10-03,Bournemouth,Fulham,3,1,H,0,0,D,S Hooper,11,12,6,4,8,10,4,3,0,1,0,0,1.95,3.5,3.9,20:00,1.97,3.5,3.85,2.0,1.85,1.93,1.85,-0.5,1.93,1.83
2025/26,2025-10-04,Leeds,Tottenham,1,2,A,1,1,D,T Bramall,16,9,4,3,10,12,4,1,2,3,0,0,2.7,3.5,2.5,12:30,2.75,3.46,2.49,1.95,1.9,1.89,1.89,0.0,1.98,1.8
2025/26,2025-10-04,Arsenal,West Ham,2,0,H,1,0,H,J Brooks,21,4,5,0,14,14,8,3,0,2,0,0,1.18,6.5,17.0,15:00,1.19,6.83,15.25,1.53,2.5,1.52,2.47,-2.0,1.92,1.86
2025/26,2025-10-04,Chelsea,Liverpool,2,1,H,1,0,H,A Taylor,12,12,6,2,9,8,7,2,0,2,0,0,2.8,3.75,2.3,17:30,2.87,3.7,2.28,1.53,2.5,1.53,2.43,0.25,1.82,1.91
2025/26,2025-10-04,Man United,Sunderland,2,0,H,2,0,H,S Attwell,15,8,6,3,10,12,2,3,1,4,0,0,1.5,4.75,5.75,15:00,1.5,4.55,5.98,1.62,2.3,1.64,2.21,-1.0,1.78,1.99
2025/26,2025-10-05,Newcastle,Nott'm Forest,2,0,H,0,0,D,P Bankes,18,5,9,4,16,15,8,1,0,4,0,0,1.57,4.2,5.5,14:00,1.58,4.21,5.46,1.73,2.1,1.69,2.12,-1.0,1.93,1.85
2025/26,2025-10-05,Everton,Crystal Palace,2,1,H,0,1,A,M Salisbury,14,15,7,8,13,16,2,4,2,3,0,0,2.45,3.25,3.0,14:00,2.53,3.21,2.89,2.2,1.67,2.2,1.65,0.0,1.72,2.02
2025/26,2025-10-05,Wolves,Brighton,1,1,D,1,0,H,J Gillett,6,17,3,6,13,9,2,8,2,4,0,0,3.6,3.7,2.0,14:00,3.67,3.6,1.99,1.85,2.0,1.83,1.94,0.5,1.82,1.94
2025/26,2025-10-05,Aston Villa,Burnley,2,1,H,1,0,H,A Kitchen,15,5,7,2,9,15,6,4,3,1,0,0,1.6,4.0,5.75,14:00,1.59,4.0,5.76,1.98,1.88,1.9,1.87,-1.0,1.98,1.79
2025/26,2025-10-05,Brentford,Man City,0,1,A,0,1,A,D England,6,10,1,4,10,6,3,2,3,2,0,0,4.75,4.5,1.62,16:30,4.73,4.27,1.64,1.57,2.38,1.56,2.35,0.75,2.0,1.77
2025/26,2025-10-18,Sunderland,Wolves,2,0,H,1,0,H,R Jones,8,16,2,3,5,12,3,2,0,0,0,0,2.5,3.0,3.1,15:00,2.46,3.07,3.13,2.5,1.53,2.43,1.53,-0.25,2.03,1.75
2025/26,2025-10-18,Nott'm Forest,Chelsea,0,3,A,0,0,D,C Kavanagh,12,17,2,6,13,16,5,2,2,2,0,1,3.7,3.8,1.95,12:30,3.75,3.74,1.93,1.73,2.1,1.68,2.13,0.5,1.88,1.88
2025/26,2025-10-18,Man City,Everton,2,0,H,0,0,D,T Harrington,19,5,7,1,8,14,11,3,0,2,0,0,1.4,5.0,7.0,15:00,1.38,4.92,7.91,1.73,2.1,1.69,2.12,-1.25,1.81,1.96
2025/26,2025-10-18,Brighton,Newcastle,2,1,H,1,0,H,C Pawson,13,16,5,3,9,9,8,4,0,1,0,0,2.63,3.4,2.6,15:00,2.61,3.48,2.62,1.88,1.98,1.84,1.92,0.0,1.89,1.86
2025/26,2025-10-18,Crystal Palace,Bournemouth,3,3,D,0,2,A,J Gillett,20,8,7,5,8,16,6,5,1,4,0,0,2.2,3.4,3.25,15:00,2.25,3.35,3.22,1.95,1.9,1.92,1.85,-0.25,1.9,1.87
2025/26,2025-10-18,Burnley,Leeds,2,0,H,1,0,H,T Robinson,4,19,3,4,10,7,1,5,2,1,0,0,3.25,3.25,2.25,15:00,3.3,3.25,2.26,2.2,1.67,2.2,1.64,0.25,1.89,1.83
2025/26,2025-10-18,Fulham,Arsenal,0,1,A,0,0,D,A Taylor,9,16,0,5,11,4,6,10,0,0,0,0,5.75,4.1,1.55,17:30,6.14,4.13,1.54,1.98,1.88,1.89,1.87,1.0,1.88,1.9
2025/26,2025-10-19,Liverpool,Man United,1,2,A,0,1,A,M Oliver,19,12,6,4,8,14,9,4,0,2,0,0,1.6,4.5,5.0,16:30,1.6,4.4,4.89,1.44,2.75,1.43,2.71,-1.0,1.93,1.84
2025/26,2025-10-19,Tottenham,Aston Villa,1,2,A,1,1,D,S Hooper,9,8,3,2,11,7,6,6,2,0,0,0,2.05,3.5,3.5,14:00,2.06,3.56,3.42,1.83,2.03,1.78,1.99,-0.5,2.01,1.75
2025/26,2025-10-20,West Ham,Brentford,0,2,A,0,1,A,A Madley,7,22,1,7,10,10,6,10,1,1,0,0,2.5,3.25,2.88,20:00,2.46,3.37,2.82,1.9,1.95,1.85,1.91,0.0,1.71,2.06
2025/26,2025-10-24,Leeds,West Ham,2,1,H,2,0,H,S Attwell,13,9,5,3,12,11,3,4,3,3,0,0,1.8,3.5,4.75,20:00,1.81,3.57,4.59,2.1,1.73,2.04,1.76,-0.5,1.76,2.01
2025/26,2025-10-25,Man United,Brighton,4,2,H,2,0,H,A Taylor,13,17,9,5,4,13,1,6,2,2,0,0,1.95,3.8,3.5,17:30,2.0,3.83,3.45,1.53,2.5,1.53,2.43,-0.5,1.94,1.82
2025/26,2025-10-25,Brentford,Liverpool,3,2,H,2,1,H,S Hooper,17,18,8,5,7,10,5,4,3,2,0,0,4.1,4.2,1.75,20:00,4.28,4.13,1.73,1.53,2.5,1.54,2.41,0.75,1.88,1.89
2025/26,2025-10-25,Chelsea,Sunderland,1,2,A,1,1,D,A Madley,16,10,7,4,15,13,9,1,1,1,0,0,1.36,4.75,9.0,15:00,1.37,4.99,8.31,1.73,2.1,1.69,2.12,-1.5,2.0,1.78
2025/26,2025-10-25,Newcastle,Fulham,2,1,H,1,0,H,P Bankes,18,12,7,5,11,18,4,3,0,2,0,0,1.62,3.9,5.5,15:00,1.62,3.97,5.44,1.93,1.93,1.85,1.92,-0.75,1.77,2.02
2025/26,2025-10-26,Aston Villa,Man City,1,0,H,1,0,H,M Oliver,9,18,3,4,8,16,5,6,1,4,0,0,4.33,3.8,1.8,14:00,4.08,3.8,1.83,1.73,2.1,1.73,2.07,0.5,1.96,1.79
2025/26,2025-10-26,Wolves,Burnley,2,3,A,2,2,D,T Harrington,15,11,7,7,12,7,5,3,1,0,0,0,1.95,3.3,4.2,14:00,1.97,3.3,4.06,2.3,1.62,2.22,1.63,-0.5,1.92,1.85
2025/26,2025-10-26,Everton,Tottenham,0,3,A,0,2,A,C Pawson,12,7,2,4,9,8,9,8,2,0,0,0,2.35,3.4,3.0,16:30,2.35,3.38,2.99,1.98,1.88,1.91,1.85,-0.25,1.97,1.8
2025/26,2025-10-26,Arsenal,Crystal Palace,1,0,H,1,0,H,T Bramall,10,7,3,1,6,11,4,3,0,0,0,0,1.4,4.75,7.5,14:00,1.41,4.6,7.76,1.73,2.1,1.74,2.05,-1.25,1.88,1.89
2025/26,2025-10-26,Bournemouth,Nott'm Forest,2,0,H,2,0,H,S Barrott,13,8,5,4,17,7,6,4,3,1,0,0,1.8,3.8,4.33,14:00,1.79,3.79,4.29,1.88,1.98,1.84,1.92,-0.75,1.98,1.79
2025/26,2025-11-01,Brighton,Leeds,3,0,H,1,0,H,M Oliver,14,5,7,2,10,7,4,7,0,1,0,0,1.85,3.75,4.0,15:00,1.85,3.74,4.11,1.85,2.0,1.79,1.97,-0.5,1.8,1.95
2025/26,2025-11-01,Burnley,Arsenal,0,2,A,0,2,A,C Kavanagh,3,12,0,8,10,13,1,6,2,1,0,0,10.0,6.0,1.27,15:00,10.97,5.65,1.28,1.73,2.1,1.73,2.05,1.5,1.94,1.81
2025/26,2025-11-01,Crystal Palace,Brentford,2,0,H,1,0,H,P Bankes,9,6,2,2,7,11,6,5,0,3,0,0,1.91,3.6,3.9,15:00,1.92,3.65,3.85,1.73,2.1,1.74,2.04,-0.5,1.88,1.88
2025/26,2025-11-01,Fulham,Wolves,3,0,H,1,0,H,J Brooks,19,5,6,2,13,14,10,1,1,3,0,1,1.83,3.5,4.5,15:00,1.84,3.46,4.51,2.2,1.67,2.17,1.66,-0.5,1.8,1.96
2025/26,2025-11-01,Liverpool,Aston Villa,2,0,H,1,0,H,S Attwell,16,10,4,3,13,11,1,4,2,3,0,0,1.65,4.33,4.5,20:00,1.63,4.32,4.81,1.53,2.5,1.52,2.44,-1.0,1.99,1.77
2025/26,2025-11-01,Nott'm Forest,Man United,2,2,D,0,1,A,D England,17,18,3,7,10,7,8,5,1,1,0,0,3.3,3.75,2.05,15:00,3.41,3.67,2.05,1.73,2.1,1.71,2.09,0.5,1.76,2.0
2025/26,2025-11-01,Tottenham,Chelsea,0,1,A,0,1,A,J Gillett,3,15,1,9,14,12,6,5,4,2,0,0,2.7,3.5,2.5,17:30,2.71,3.52,2.5,1.73,2.1,1.7,2.1,0.0,1.94,1.82
2025/26,2025-11-02,Man City,Bournemouth,3,1,H,2,1,H,A Taylor,15,8,8,5,8,11,10,4,2,2,0,0,1.5,4.75,5.75,16:30,1.49,4.64,5.9,1.53,2.5,1.52,2.45,-1.25,2.0,1.77
2025/26,2025-11-02,West Ham,Newcastle,3,1,H,2,1,H,R Jones,15,12,9,4,5,10,7,6,1,2,0,0,5.25,4.0,1.62,14:00,4.99,4.08,1.64,1.8,2.0,1.74,2.04,0.75,1.99,1.78
2025/26,2025-11-03,Sunderland,Everton,1,1,D,0,1,A,T Bramall,17,8,3,2,10,12,4,1,3,2,0,0,2.7,3.2,2.7,20:00,2.74,3.12,2.67,2.3,1.62,2.29,1.59,0.0,1.9,1.86
2025/26,2025-11-08,Sunderland,Arsenal,2,2,D,1,0,H,C Pawson,6,17,2,7,13,13,2,2,2,1,0,0,7.5,5.0,1.38,17:30,8.39,4.67,1.39,2.05,1.8,2.0,1.78,1.25,1.88,1.89
2025/26,2025-11-08,West Ham,Burnley,3,2,H,1,1,D,M Salisbury,15,16,6,7,15,13,7,4,2,2,0,0,1.91,3.5,4.0,15:00,1.94,3.5,3.98,2.0,1.8,1.96,1.8,-0.5,1.89,1.87
2025/26,2025-11-08,Tottenham,Man United,2,2,D,0,1,A,S Barrott,10,5,4,2,10,8,5,3,5,1,0,0,2.63,3.6,2.5,12:30,2.65,3.58,2.52,1.67,2.2,1.64,2.23,0.0,1.94,1.83
2025/26,2025-11-08,Chelsea,Wolves,3,0,H,0,0,D,A Kitchen,20,3,8,0,12,14,10,1,1,2,0,0,1.36,4.75,8.5,20:00,1.36,5.06,8.27,1.62,2.3,1.62,2.23,-1.25,1.76,2.01
2025/26,2025-11-08,Everton,Fulham,2,0,H,1,0,H,A Madley,14,8,5,4,11,14,7,5,2,2,0,0,2.2,3.3,3.4,15:00,2.2,3.28,3.4,2.2,1.67,2.17,1.66,-0.25,1.86,1.91
2025/26,2025-11-09,Aston Villa,Bournemouth,4,0,H,2,0,H,J Brooks,16,13,8,4,8,20,6,9,2,2,0,0,2.2,3.4,3.25,14:00,2.19,3.45,3.25,1.88,1.98,1.82,1.95,-0.25,1.88,1.89
2025/26,2025-11-09,Brentford,Newcastle,3,1,H,0,1,A,S Attwell,15,5,7,1,10,13,6,2,2,1,0,0,2.8,3.5,2.45,14:00,2.84,3.4,2.45,1.85,2.0,1.81,1.95,0.0,2.03,1.73
2025/26,2025-11-09,Crystal Palace,Brighton,0,0,D,0,0,D,T Robinson,10,7,2,3,10,12,4,8,1,4,0,0,2.25,3.5,3.1,14:00,2.27,3.52,3.04,1.73,2.1,1.71,2.08,-0.25,1.94,1.83
2025/26,2025-11-09,Man City,Liverpool,3,0,H,2,0,H,C Kavanagh,14,7,6,1,14,15,7,7,2,4,0,0,1.9,3.9,3.7,16:30,1.88,3.92,3.72,1.5,2.63,1.48,2.58,-0.5,1.83,1.92
2025/26,2025-11-09,Nott'm Forest,Leeds,3,1,H,1,1,D,J Gillett,14,10,6,3,10,11,6,4,2,1,0,0,2.25,3.25,3.3,14:00,2.22,3.32,3.29,2.1,1.73,2.04,1.74,-0.25,1.88,1.88
2025/26,2025-11-22,Liverpool,Nott'm Forest,0,3,A,0,1,A,A Madley,21,15,4,7,11,8,8,6,2,0,0,0,1.44,5.0,6.25,15:00,1.42,4.86,6.97,1.53,2.5,1.53,2.43,-1.25,1.86,1.91
2025/26,2025-11-22,Fulham,Sunderland,1,0,H,0,0,D,D England,24,4,6,2,5,13,7,4,3,3,0,0,2.1,3.25,3.75,15:00,2.1,3.24,3.74,2.2,1.67,2.19,1.65,-0.25,1.75,2.02
2025/26,2025-11-22,Newcastle,Man City,2,1,H,0,0,D,S Barrott,9,17,5,4,13,8,5,9,1,3,0,0,3.6,3.8,1.95,17:30,3.54,3.75,1.98,1.67,2.2,1.68,2.13,0.5,1.83,1.93
2025/26,2025-11-22,Brighton,Brentford,2,1,H,0,1,A,C Kavanagh,14,10,5,4,10,9,7,4,4,2,0,0,1.91,3.6,4.0,15:00,1.93,3.66,3.82,1.73,2.1,1.68,2.13,-0.5,1.89,1.87
2025/26,2025-11-22,Bournemouth,West Ham,2,2,D,0,2,A,T Bramall,28,5,10,2,9,10,9,2,3,2,0,0,1.62,4.2,4.75,15:00,1.62,4.09,5.14,1.67,2.2,1.65,2.19,-0.75,1.76,2.01
2025/26,2025-11-22,Burnley,Chelsea,0,2,A,0,1,A,P Bankes,8,15,2,5,13,8,1,9,2,3,0,0,6.25,4.5,1.48,12:30,6.56,4.45,1.48,1.8,2.0,1.76,2.01,1.0,2.02,1.76
2025/26,2025-11-22,Wolves,Crystal Palace,0,2,A,0,0,D,A Taylor,8,10,1,4,13,9,1,4,2,3,0,0,3.8,3.6,1.95,15:00,3.86,3.5,1.97,2.05,1.8,1.99,1.78,0.5,1.84,1.91
2025/26,2025-11-23,Arsenal,Tottenham,4,1,H,2,0,H,M Oliver,17,3,8,2,11,15,4,1,1,3,0,0,1.42,4.75,7.5,16:30,1.39,4.66,8.03,1.8,2.0,1.77,2.0,-1.25,1.87,1.9
2025/26,2025-11-23,Leeds,Aston Villa,1,2,A,1,0,H,R Jones,14,14,5,3,18,16,3,3,5,1,0,0,3.0,3.3,2.4,14:00,3.04,3.25,2.37,2.1,1.73,2.12,1.69,0.25,1.78,1.94
2025/26,2025-11-24,Man United,Everton,0,1,A,0,1,A,T Harrington,25,3,6,1,12,9,9,1,2,0,0,1,1.75,4.0,4.33,20:00,1.74,3.83,4.49,1.73,2.1,1.74,2.04,-0.75,1.92,1.84
2025/26,2025-11-29,Brentford,Burnley,3,1,H,0,0,D,S Barrott,14,6,4,2,7,7,5,6,0,2,0,0,1.45,4.5,7.0,15:00,1.45,4.54,6.96,1.73,2.1,1.78,1.99,-1.25,1.97,4.32
2025/26,2025-11-29,Everton,Newcastle,1,4,A,0,3,A,C Pawson,10,13,2,8,4,6,8,7,0,0,0,0,2.8,3.25,2.63,17:30,2.79,3.31,2.55,2.0,1.8,1.96,1.8,0.0,1.93,5.19
2025/26,2025-11-29,Man City,Leeds,3,2,H,2,0,H,P Bankes,18,9,9,4,17,11,8,1,4,1,0,0,1.22,6.5,12.0,15:00,1.23,6.42,11.78,1.53,2.5,1.52,2.46,-1.75,1.84,4.43
2025/26,2025-11-29,Sunderland,Bournemouth,3,2,H,1,2,A,T Robinson,12,18,6,6,14,13,6,3,5,5,0,1,3.2,3.3,2.3,15:00,3.04,3.3,2.35,2.0,1.85,1.96,1.81,0.25,1.79,4.16
2025/26,2025-11-29,Tottenham,Fulham,1,2,A,0,2,A,S Attwell,14,7,2,3,11,7,8,2,3,2,0,0,2.2,3.3,3.3,20:00,2.18,3.39,3.33,1.95,1.9,1.87,1.9,-0.25,1.84,4.44
2025/26,2025-11-30,Aston Villa,Wolves,1,0,H,0,0,D,C Kavanagh,16,9,6,4,13,21,7,3,0,4,0,0,1.5,4.33,6.5,14:05,1.48,4.39,6.57,1.8,2.0,1.78,1.98,-1.0,1.76,4.24
2025/26,2025-11-30,Chelsea,Arsenal,1,1,D,0,0,D,A Taylor,11,8,4,4,12,13,3,3,1,6,1,0,3.4,3.3,2.2,16:30,3.33,3.35,2.18,1.98,1.88,1.92,1.84,0.25,1.93,4.04
2025/26,2025-11-30,Crystal Palace,Man United,1,2,A,1,0,H,R Jones,14,14,3,6,14,14,4,4,3,2,0,0,2.3,3.4,3.1,12:00,2.32,3.51,2.93,1.73,2.1,1.71,2.08,-0.25,1.97,4.32
2025/26,2025-11-30,Nott'm Forest,Brighton,0,2,A,0,1,A,M Oliver,19,17,3,6,11,10,9,2,0,1,0,0,2.75,3.3,2.63,14:05,2.72,3.36,2.54,1.91,1.91,1.88,1.88,0.0,1.93,5.18
2025/26,2025-11-30,West Ham,Liverpool,0,2,A,0,0,D,D England,7,9,0,5,12,14,7,2,1,0,1,0,4.33,4.33,1.67,14:05,4.28,4.06,1.74,1.53,2.5,1.51,2.47,0.75,1.87,4.42
2025/26,2025-12-02,Bournemouth,Everton,0,1,A,0,0,D,M Salisbury,5,13,2,3,14,14,1,6,3,3,0,0,2.2,3.25,3.3,19:30,2.2,3.29,3.38,1.98,1.88,1.92,1.86,-0.25,1.88,1.9
2025/26,2025-12-02,Fulham,Man City,4,5,A,1,3,A,C Pawson,12,11,6,4,9,7,7,2,0,1,0,0,4.33,4.1,1.73,19:30,4.66,4.04,1.69,1.67,2.2,1.65,2.2,0.75,1.92,1.84
2025/26,2025-12-02,Newcastle,Tottenham,2,2,D,0,0,D,T Bramall,19,8,7,2,5,12,11,8,0,3,0,0,1.83,3.8,4.1,20:15,1.8,3.78,4.24,1.73,2.1,1.72,2.09,-0.5,1.76,2.02
2025/26,2025-12-03,Wolves,Nott'm Forest,0,1,A,0,0,D,T Robinson,5,10,1,3,19,11,3,9,2,2,0,0,3.25,3.4,2.25,19:30,3.28,3.3,2.24,2.1,1.73,2.07,1.72,0.25,1.88,1.83
2025/26,2025-12-03,Liverpool,Sunderland,1,1,D,0,0,D,S Attwell,23,9,4,6,10,5,7,3,1,1,0,0,1.36,5.25,7.0,20:15,1.35,5.29,8.05,1.57,2.38,1.55,2.38,-1.5,1.92,1.84
2025/26,2025-12-03,Leeds,Chelsea,3,1,H,2,0,H,D England,17,14,5,2,10,13,4,2,1,1,0,0,4.1,4.1,1.8,20:15,4.31,3.87,1.78,1.83,2.03,1.81,1.96,0.75,1.8,1.97
2025/26,2025-12-03,Burnley,Crystal Palace,0,1,A,0,1,A,T Kirk,11,3,4,3,9,8,3,4,0,0,0,0,4.5,3.8,1.75,19:30,4.57,3.71,1.77,2.0,1.8,1.97,1.8,0.75,1.8,1.97
2025/26,2025-12-03,Brighton,Aston Villa,3,4,A,2,2,D,A Madley,16,14,7,10,10,9,5,6,2,2,0,0,2.15,3.5,3.4,19:30,2.15,3.48,3.33,1.88,1.98,1.82,1.94,-0.25,1.83,1.94
2025/26,2025-12-03,Arsenal,Brentford,2,0,H,1,0,H,T Harrington,15,6,7,1,7,9,4,8,0,1,0,0,1.36,5.0,8.5,19:30,1.35,4.97,8.94,1.73,2.1,1.73,2.06,-1.5,1.94,1.82
2025/26,2025-12-04,Man United,West Ham,1,1,D,0,0,D,A Kitchen,17,11,4,3,13,9,6,6,2,2,0,0,1.45,5.0,6.0,20:00,1.43,4.81,6.59,1.53,2.5,1.49,2.53,-1.25,1.89,1.88
2025/26,2025-12-06,Aston Villa,Arsenal,2,1,H,1,0,H,P Bankes,15,15,6,9,10,8,3,3,0,2,0,0,4.2,3.5,1.9,12:30,4.13,3.45,1.91,2.1,1.73,2.06,1.74,0.5,1.89,1.86
2025/26,2025-12-06,Bournemouth,Chelsea,0,0,D,0,0,D,M Oliver,13,11,5,4,15,13,5,0,0,2,0,0,3.1,3.75,2.15,15:00,3.14,3.67,2.16,1.62,2.3,1.63,2.2,0.25,1.92,1.8
2025/26,2025-12-06,Everton,Nott'm Forest,3,0,H,2,0,H,C Kavanagh,11,7,5,3,17,15,6,3,4,3,0,0,2.2,3.2,3.5,15:00,2.17,3.25,3.52,2.1,1.73,2.09,1.7,-0.25,1.82,1.96
2025/26,2025-12-06,Leeds,Liverpool,3,3,D,0,0,D,A Taylor,12,16,5,7,14,14,5,4,3,3,0,0,3.8,4.0,1.85,17:30,3.95,3.9,1.84,1.67,2.2,1.64,2.2,0.5,1.94,1.8
2025/26,2025-12-06,Man City,Sunderland,3,0,H,2,0,H,A Madley,18,8,6,1,9,10,6,5,1,0,0,1,1.25,6.5,10.0,15:00,1.24,6.22,11.38,1.5,2.63,1.48,2.57,-1.75,1.86,1.91
2025/26,2025-12-06,Newcastle,Burnley,2,1,H,2,0,H,S Attwell,17,9,7,3,9,11,9,9,2,2,0,1,1.27,6.0,9.5,15:00,1.28,5.72,10.39,1.57,2.38,1.58,2.29,-1.75,1.98,1.79
2025/26,2025-12-06,Tottenham,Brentford,2,0,H,2,0,H,R Jones,15,4,7,1,8,9,7,6,3,4,0,0,2.3,3.5,3.0,15:00,2.31,3.44,3.03,1.83,2.03,1.8,1.97,-0.25,1.96,1.81
2025/26,2025-12-07,Brighton,West Ham,1,1,D,0,0,D,S Hooper,22,14,4,5,12,8,10,6,2,2,0,0,1.55,4.33,5.75,14:00,1.55,4.32,5.63,1.62,2.3,1.6,2.27,-1.0,1.88,1.9
2025/26,2025-12-07,Fulham,Crystal Palace,1,2,A,1,1,D,S Barrott,12,11,4,5,5,8,6,4,0,0,0,0,2.55,3.3,2.8,16:30,2.57,3.27,2.77,2.0,1.8,2.02,1.76,0.0,1.8,1.95
2025/26,2025-12-08,Wolves,Man United,1,4,A,1,1,D,M Salisbury,8,27,2,10,17,12,1,9,3,2,0,0,4.2,4.0,1.75,20:00,4.22,3.9,1.77,1.67,2.2,1.67,2.14,0.75,1.82,1.94
2025/26,2025-12-13,Liverpool,Brighton,2,0,H,1,0,H,C Pawson,18,14,4,1,8,15,2,2,1,2,0,0,1.67,4.0,4.75,15:00,1.67,4.17,4.62,1.53,2.5,1.5,2.48,-0.75,1.8,1.96
2025/26,2025-12-13,Chelsea,Everton,2,0,H,2,0,H,T Bramall,17,11,5,2,13,11,4,7,1,0,0,0,1.67,3.8,5.25,15:00,1.66,3.9,5.09,1.88,1.98,1.84,1.91,-0.75,1.82,1.95
2025/26,2025-12-13,Arsenal,Wolves,2,1,H,0,0,D,R Jones,16,3,2,2,7,15,8,0,0,4,0,0,1.13,8.5,21.0,20:00,1.12,8.62,22.31,1.53,2.5,1.51,2.48,-2.25,1.88,1.89
2025/26,2025-12-13,Burnley,Fulham,2,3,A,1,2,A,M Oliver,16,6,8,4,8,8,10,4,1,2,0,0,4.0,3.5,1.91,17:30,3.93,3.48,1.95,2.1,1.73,2.04,1.74,0.5,1.84,1.89
2025/26,2025-12-14,Brentford,Leeds,1,1,D,0,0,D,J Brooks,7,18,2,4,8,9,0,3,0,0,0,0,1.91,3.6,4.0,16:30,1.94,3.54,3.85,1.9,1.95,1.86,1.89,-0.5,1.88,1.85
2025/26,2025-12-14,Crystal Palace,Man City,0,3,A,0,1,A,D England,16,7,4,6,9,6,2,2,2,0,0,0,3.9,3.9,1.85,14:00,3.98,3.81,1.83,1.67,2.2,1.66,2.16,0.5,1.94,1.79
2025/26,2025-12-14,Nott'm Forest,Tottenham,3,0,H,1,0,H,S Barrott,15,6,6,1,9,13,3,3,1,3,0,0,2.55,3.3,2.8,14:00,2.55,3.28,2.76,2.03,1.83,1.95,1.8,0.0,1.81,1.94
2025/26,2025-12-14,Sunderland,Newcastle,1,0,H,0,0,D,P Bankes,5,6,1,2,10,10,3,6,5,4,0,0,3.3,3.3,2.25,14:00,3.26,3.33,2.22,1.91,1.91,1.91,1.84,0.25,1.89,1.84
2025/26,2025-12-14,West Ham,Aston Villa,2,3,A,2,1,H,A Taylor,10,7,3,4,18,13,5,3,1,2,0,0,3.75,3.5,2.0,14:00,3.63,3.51,2.0,1.8,2.0,1.78,1.97,0.5,1.77,1.96
2025/26,2025-12-15,Man United,Bournemouth,4,4,D,2,1,H,S Hooper,25,14,9,9,15,12,5,4,2,3,0,0,1.83,4.0,3.8,20:00,1.82,3.98,3.84,1.57,2.38,1.55,2.36,-0.5,1.79,1.95
2025/26,2025-12-20,Wolves,Brentford,0,2,A,0,0,D,M Donohue,9,7,2,6,12,15,3,4,2,4,0,0,3.5,3.6,2.05,15:00,3.59,3.48,2.05,2.0,1.85,1.93,1.83,0.5,1.75,1.99
2025/26,2025-12-20,Newcastle,Chelsea,2,2,D,2,0,H,A Madley,11,13,5,4,13,14,6,4,3,6,0,0,2.75,3.6,2.45,12:30,2.73,3.51,2.47,1.67,2.2,1.66,2.18,0.0,1.98,1.79
2025/26,2025-12-20,Man City,West Ham,3,0,H,2,0,H,P Tierney,17,7,8,3,16,10,6,0,1,1,0,0,1.22,8.0,10.0,15:00,1.2,7.36,11.88,1.36,3.2,1.34,3.13,-2.0,1.87,1.91
2025/26,2025-12-20,Tottenham,Liverpool,1,2,A,0,0,D,J Brooks,15,8,4,4,9,7,2,6,3,3,2,0,3.5,3.75,2.0,17:30,3.36,3.71,2.02,1.67,2.2,1.63,2.2,0.5,1.76,1.97
2025/26,2025-12-20,Everton,Arsenal,0,1,A,0,1,A,S Barrott,5,13,1,2,4,5,2,3,2,2,0,0,5.75,4.1,1.57,20:00,6.03,3.89,1.57,2.1,1.73,2.05,1.73,1.0,1.8,1.98
2025/26,2025-12-20,Brighton,Sunderland,0,0,D,0,0,D,D England,16,14,4,6,11,15,3,4,2,2,0,0,1.67,4.0,5.25,15:00,1.65,3.95,5.16,1.85,2.0,1.8,1.96,-0.75,1.8,1.97
2025/26,2025-12-20,Bournemouth,Burnley,1,1,D,0,0,D,C Kavanagh,16,4,1,1,11,11,5,3,1,1,0,0,1.48,4.33,6.5,15:00,1.47,4.44,6.59,1.67,2.2,1.68,2.13,-1.25,2.02,1.77
2025/26,2025-12-20,Leeds,Crystal Palace,4,1,H,2,0,H,T Bramall,20,9,8,3,5,10,9,5,1,3,0,0,2.6,3.3,2.75,20:00,2.6,3.25,2.76,2.1,1.73,2.05,1.73,0.0,1.83,1.93
2025/26,2025-12-21,Aston Villa,Man United,2,1,H,1,1,D,M Oliver,12,15,4,6,11,14,5,5,1,2,0,0,2.1,3.6,3.3,16:30,2.1,3.64,3.26,1.67,2.2,1.63,2.21,-0.25,1.8,1.96
2025/26,2025-12-22,Fulham,Nott'm Forest,1,0,H,1,0,H,A Taylor,11,12,1,2,5,9,1,5,5,4,0,0,2.4,3.25,3.0,20:00,2.42,3.27,2.93,2.05,1.8,1.99,1.76,-0.25,2.06,1.73
2025/26,2025-12-26,Man United,Newcastle,1,0,H,1,0,H,A Taylor,10,16,4,3,9,5,2,11,2,1,0,0,2.55,3.6,2.6,20:00,2.47,3.58,2.67,1.67,2.2,1.62,2.22,0.0,1.83,1.92
2025/26,2025-12-27,Arsenal,Brighton,2,1,H,1,0,H,J Brooks,24,8,6,3,7,13,7,2,2,3,0,0,1.42,4.75,7.0,15:00,1.41,4.73,7.34,1.67,2.2,1.64,2.2,-1.25,1.86,1.9
2025/26,2025-12-27,Brentford,Bournemouth,4,1,H,2,0,H,P Bankes,15,20,7,10,9,8,2,15,2,2,0,0,2.25,3.6,3.0,15:00,2.25,3.57,2.98,1.67,2.2,1.69,2.11,-0.25,1.95,1.83
2025/26,2025-12-27,Burnley,Everton,0,0,D,0,0,D,C Pawson,16,15,0,6,8,8,6,5,0,2,0,0,4.1,3.4,1.95,15:00,4.03,3.33,1.96,2.2,1.67,2.16,1.66,0.5,1.82,1.92
2025/26,2025-12-27,Chelsea,Aston Villa,1,2,A,1,0,H,S Attwell,14,11,3,8,16,8,6,7,5,3,0,0,1.83,3.9,4.0,17:30,1.84,3.82,3.97,1.67,2.2,1.68,2.12,-0.5,1.8,1.93
2025/26,2025-12-27,Liverpool,Wolves,2,1,H,2,0,H,S Hooper,14,9,4,4,5,13,6,4,0,1,0,0,1.25,6.5,10.0,15:00,1.24,6.31,11.25,1.5,2.63,1.46,2.62,-1.75,1.83,1.94
2025/26,2025-12-27,Nott'm Forest,Man City,1,2,A,0,0,D,R Jones,7,16,2,5,5,13,5,5,1,2,0,0,5.0,4.33,1.6,12:30,5.21,4.24,1.59,1.67,2.2,1.62,2.23,1.0,1.83,1.94
2025/26,2025-12-27,West Ham,Fulham,0,1,A,0,0,D,C Kavanagh,11,15,2,4,8,8,5,4,1,3,0,0,2.63,3.4,2.6,15:00,2.65,3.38,2.59,1.8,2.0,1.78,1.98,0.0,1.9,1.87
2025/26,2025-12-28,Crystal Palace,Tottenham,0,1,A,0,1,A,J Gillett,15,8,2,4,7,5,3,2,3,2,0,0,2.25,3.25,3.2,16:30,2.25,3.33,3.19,2.0,1.8,1.96,1.8,-0.25,1.9,1.87
2025/26,2025-12-28,Sunderland,Leeds,1,1,D,1,0,H,T Harrington,8,17,3,6,7,9,3,9,1,0,0,0,2.5,3.1,2.88,14:00,2.56,3.18,2.8,2.2,1.67,2.19,1.64,0.0,1.79,1.96
2025/26,2025-12-30,West Ham,Brighton,2,2,D,2,1,H,M Salisbury,10,16,4,6,11,18,5,5,3,5,0,0,3.4,3.75,2.0,19:30,3.41,3.67,2.04,1.67,2.2,1.65,2.19,0.5,1.76,1.98
2025/26,2025-12-30,Nott'm Forest,Everton,0,2,A,0,1,A,M Oliver,21,11,6,3,11,9,9,2,1,0,0,0,2.1,3.25,3.7,19:30,2.12,3.21,3.7,2.3,1.62,2.28,1.6,-0.25,1.79,1.99
2025/26,2025-12-30,Man United,Wolves,1,1,D,1,1,D,T Bramall,15,11,6,4,9,12,8,4,0,2,0,0,1.36,5.25,8.0,20:15,1.37,5.06,8.09,1.62,2.3,1.58,2.32,-1.25,1.77,2.02
2025/26,2025-12-30,Burnley,Newcastle,1,3,A,1,2,A,R Jones,15,20,4,9,9,3,3,4,2,1,0,0,5.25,4.2,1.6,19:30,5.5,4.11,1.59,1.8,2.0,1.77,2.0,1.0,1.81,1.97
2025/26,2025-12-30,Arsenal,Aston Villa,4,1,H,0,0,D,D England,22,11,7,3,18,9,3,3,2,3,0,0,1.42,4.75,7.0,20:15,1.43,4.68,7.02,1.67,2.2,1.67,2.17,-1.25,1.91,1.87
2025/26,2025-12-30,Chelsea,Bournemouth,2,2,D,2,2,D,S Barrott,17,17,3,6,5,12,12,3,1,1,0,0,1.5,4.75,5.75,19:30,1.51,4.56,5.81,1.5,2.63,1.49,2.58,-1.0,1.78,2.0
2025/26,2026-01-01,Brentford,Tottenham,0,0,D,0,0,D,A Madley,7,9,2,3,8,10,3,1,1,2,0,0,2.1,3.6,3.2,20:00,2.11,3.49,3.35,1.93,1.93,1.87,1.88,-0.25,1.81,1.96
2025/26,2026-01-01,Crystal Palace,Fulham,1,1,D,1,0,H,T Harrington,11,17,2,5,7,10,6,3,0,5,0,0,2.15,3.3,3.4,17:30,2.17,3.34,3.4,2.1,1.73,2.01,1.74,-0.25,1.83,1.94
2025/26,2026-01-01,Liverpool,Leeds,0,0,D,0,0,D,C Kavanagh,19,4,4,2,10,8,8,3,0,2,0,0,1.55,4.5,5.5,17:30,1.53,4.41,5.83,1.62,2.3,1.59,2.29,-1.0,1.83,1.95
2025/26,2026-01-01,Sunderland,Man City,0,0,D,0,0,D,J Gillett,10,14,4,4,9,6,3,5,1,1,0,0,7.5,4.75,1.38,20:00,7.81,4.82,1.39,1.62,2.3,1.62,2.22,1.25,1.95,1.82
2025/26,2026-01-03,Aston Villa,Nott'm Forest,3,1,H,1,0,H,S Hooper,11,10,4,5,10,20,4,4,1,2,0,0,1.75,3.9,4.5,12:30,1.76,3.74,4.54,1.8,2.0,1.8,1.97,-0.75,1.94,1.83
2025/26,2026-01-03,Bournemouth,Arsenal,2,3,A,1,1,D,C Kavanagh,15,12,3,5,13,8,7,5,3,1,0,0,6.5,4.75,1.44,17:30,6.13,4.57,1.48,1.62,2.3,1.62,2.22,1.25,1.73,2.04
2025/26,2026-01-03,Brighton,Burnley,2,0,H,1,0,H,T Robinson,15,5,4,3,7,17,4,4,0,4,0,0,1.48,4.33,7.0,15:00,1.49,4.35,6.56,1.73,2.1,1.7,2.1,-1.0,1.77,2.01
2025/26,2026-01-03,Wolves,West Ham,3,0,H,3,0,H,P Bankes,11,6,8,0,11,10,6,7,1,0,0,0,2.5,3.3,2.88,15:00,2.48,3.37,2.82,1.98,1.88,1.91,1.85,0.0,1.77,1.99
2025/26,2026-01-04,Man City,Chelsea,1,1,D,1,0,H,M Oliver,14,8,3,3,12,14,8,2,3,3,0,0,1.6,4.75,4.5,17:30,1.63,4.39,4.66,1.5,2.63,1.49,2.55,-0.75,1.74,2.02
2025/26,2026-01-04,Tottenham,Sunderland,1,1,D,1,0,H,S Attwell,13,10,5,3,10,6,3,5,2,3,0,0,1.8,3.6,4.5,15:00,1.8,3.65,4.37,2.0,1.8,2.0,1.77,-0.5,1.76,1.97
2025/26,2026-01-04,Newcastle,Crystal Palace,2,0,H,0,0,D,J Brooks,12,11,7,1,5,12,8,6,1,3,0,0,1.7,3.9,4.75,15:00,1.67,3.92,4.89,1.8,2.0,1.75,2.02,-0.75,1.81,1.96
2025/26,2026-01-04,Leeds,Man United,1,1,D,0,0,D,J Gillett,11,15,3,2,9,9,6,4,0,1,0,0,2.7,3.3,2.63,12:30,2.68,3.44,2.56,1.83,2.03,1.8,1.96,0.0,1.92,1.84
2025/26,2026-01-04,Fulham,Liverpool,2,2,D,1,0,H,C Pawson,8,10,2,2,11,4,3,8,1,1,0,0,3.8,3.75,1.91,15:15,3.74,3.68,1.92,1.8,2.0,1.77,2.0,0.5,1.85,1.88
2025/26,2026-01-04,Everton,Brentford,2,4,A,0,1,A,A Taylor,14,11,6,7,9,8,4,5,0,2,0,0,2.35,3.25,3.1,15:00,2.36,3.19,3.1,2.2,1.67,2.19,1.64,-0.25,1.98,1.79
2025/26,2026-01-06,West Ham,Nott'm Forest,1,2,A,1,0,H,T Harrington,14,13,3,5,15,9,6,5,3,0,0,0,2.88,3.25,2.2,20:00,3.1,3.33,2.3,1.98,1.88,1.91,1.86,0.25,1.84,1.88
2025/26,2026-01-07,Bournemouth,Tottenham,3,2,H,2,1,H,D England,11,16,3,4,19,10,3,7,3,3,0,0,2.1,3.6,3.3,19:30,2.11,3.62,3.27,1.73,2.1,1.69,2.11,-0.25,1.83,1.94
2025/26,2026-01-07,Brentford,Sunderland,3,0,H,1,0,H,M Donohue,18,11,6,3,13,13,7,4,2,1,0,0,1.85,3.5,4.33,19:30,1.83,3.56,4.36,2.05,1.8,1.98,1.79,-0.5,1.79,1.94
2025/26,2026-01-07,Burnley,Man United,2,2,D,1,0,H,S Attwell,7,30,1,10,9,8,2,6,2,0,0,0,4.75,4.0,1.7,20:15,4.68,3.95,1.7,1.73,2.1,1.71,2.08,0.75,1.91,1.87
2025/26,2026-01-07,Crystal Palace,Aston Villa,0,0,D,0,0,D,A Madley,11,15,5,3,8,3,3,5,2,0,0,0,3.1,3.3,2.3,19:30,3.08,3.36,2.31,1.93,1.93,1.9,1.86,0.25,1.83,1.88
2025/26,2026-01-07,Everton,Wolves,1,1,D,1,0,H,T Kirk,13,13,2,4,13,15,2,7,1,3,2,0,1.75,3.5,5.0,19:30,1.76,3.55,4.85,2.1,1.73,2.05,1.73,-0.75,1.95,1.82
2025/26,2026-01-07,Fulham,Chelsea,2,1,H,0,0,D,P Bankes,16,14,5,6,11,6,2,11,3,3,0,1,3.4,3.6,2.05,19:30,3.38,3.59,2.07,1.8,2.0,1.77,2.0,0.5,1.73,2.01
2025/26,2026-01-07,Man City,Brighton,1,1,D,1,0,H,T Bramall,22,6,6,3,6,16,6,2,1,6,0,0,1.4,5.25,6.5,19:30,1.37,5.23,7.27,1.44,2.75,1.42,2.76,-1.25,1.74,2.04
2025/26,2026-01-07,Newcastle,Leeds,4,3,H,1,2,A,M Salisbury,18,14,8,6,11,10,8,4,3,2,0,0,1.67,3.8,5.0,20:15,1.67,3.87,5.02,1.83,2.03,1.79,1.98,-0.75,1.81,1.96
2025/26,2026-01-08,Arsenal,Liverpool,0,0,D,0,0,D,A Taylor,9,8,4,0,10,9,3,0,2,2,0,0,1.6,4.1,5.0,20:00,1.6,4.11,5.25,1.73,2.1,1.71,2.07,-1.0,2.02,1.77
2025/26,2026-01-17,Sunderland,Crystal Palace,2,1,H,1,1,D,R Jones,13,6,7,2,8,15,3,4,3,3,0,0,2.75,3.1,2.75,15:00,2.69,3.15,2.74,2.2,1.67,2.2,1.64,0.0,1.88,1.88
2025/26,2026-01-17,Tottenham,West Ham,1,2,A,0,1,A,J Gillett,21,17,6,4,12,17,11,5,5,3,0,0,1.73,4.0,4.5,15:00,1.71,3.91,4.63,1.73,2.1,1.71,2.08,-0.75,1.88,1.89
2025/26,2026-01-17,Nott'm Forest,Arsenal,0,0,D,0,0,D,M Oliver,6,15,0,3,8,14,4,9,1,1,0,0,6.0,4.33,1.53,17:30,6.1,4.16,1.54,1.91,1.91,1.86,1.89,1.0,1.89,1.89
2025/26,2026-01-17,Liverpool,Burnley,1,1,D,1,0,H,A Madley,32,7,11,1,8,10,9,1,1,2,0,0,1.22,6.5,11.0,15:00,1.22,6.4,12.44,1.57,2.38,1.54,2.39,-1.75,1.84,1.94
2025/26,2026-01-17,Leeds,Fulham,1,0,H,0,0,D,C Kavanagh,14,8,5,1,6,11,7,3,1,5,0,0,2.15,3.3,3.5,15:00,2.17,3.33,3.41,2.1,1.73,2.05,1.74,-0.25,1.83,1.94
2025/26,2026-01-17,Chelsea,Brentford,2,0,H,1,0,H,J Brooks,6,15,2,5,7,10,3,9,3,2,0,0,1.73,4.0,4.75,15:00,1.69,3.97,4.75,1.62,2.3,1.63,2.21,-0.75,1.85,1.92
2025/26,2026-01-17,Man United,Man City,2,0,H,0,0,D,A Taylor,11,7,7,1,13,8,1,6,2,3,0,0,3.7,3.8,1.91,12:30,3.55,3.87,1.94,1.53,2.5,1.48,2.56,0.5,1.85,1.88
2025/26,2026-01-18,Aston Villa,Everton,0,1,A,0,0,D,T Harrington,18,9,5,3,15,13,6,4,1,2,0,0,1.67,3.9,5.25,16:30,1.66,3.87,5.09,1.93,1.93,1.88,1.87,-0.75,1.82,1.95
2025/26,2026-01-18,Wolves,Newcastle,0,0,D,0,0,D,S Barrott,6,12,2,2,14,8,4,7,2,2,0,0,4.75,4.0,1.7,14:00,4.6,3.98,1.7,1.67,2.2,1.66,2.16,0.75,1.91,1.87
2025/26,2026-01-19,Brighton,Bournemouth,1,1,D,0,1,A,P Tierney,17,11,5,2,7,6,11,6,2,3,0,0,1.85,3.9,3.8,20:00,1.85,3.92,3.75,1.5,2.63,1.5,2.53,-0.5,1.82,1.91
2025/26,2026-01-24,Bournemouth,Liverpool,3,2,H,2,1,H,M Salisbury,12,14,5,4,7,7,3,11,1,1,0,0,3.75,3.8,1.9,17:30,3.73,3.87,1.89,1.62,2.3,1.57,2.32,0.5,1.89,1.84
2025/26,2026-01-24,Burnley,Tottenham,2,2,D,1,1,D,P Bankes,9,18,4,11,8,9,1,3,1,0,0,0,3.7,3.5,2.05,15:00,3.64,3.39,2.05,2.0,1.8,1.99,1.77,0.5,1.76,1.98
2025/26,2026-01-24,Fulham,Brighton,2,1,H,0,1,A,M Oliver,12,13,4,5,10,6,6,6,1,1,0,0,2.6,3.4,2.7,15:00,2.54,3.42,2.71,1.73,2.1,1.76,2.01,0.0,1.82,1.93
2025/26,2026-01-24,Man City,Wolves,2,0,H,2,0,H,F Hallam,11,11,4,1,16,14,4,6,1,3,0,0,1.2,7.0,11.0,15:00,1.21,6.68,12.0,1.4,3.0,1.39,2.87,-1.75,1.77,2.0
2025/26,2026-01-24,West Ham,Sunderland,3,1,H,3,0,H,T Bramall,13,7,5,2,9,16,3,3,2,4,0,0,2.5,3.2,2.88,12:30,2.51,3.24,2.85,2.1,1.73,2.08,1.71,0.0,1.76,1.99
2025/26,2026-01-25,Newcastle,Aston Villa,0,2,A,0,1,A,J Gillett,15,14,4,8,7,12,6,5,1,2,0,0,1.95,3.7,3.7,14:00,1.98,3.66,3.54,1.67,2.2,1.64,2.19,-0.5,1.92,1.81
2025/26,2026-01-25,Crystal Palace,Chelsea,1,3,A,0,1,A,D England,13,10,7,6,11,10,4,5,2,2,1,0,3.5,3.8,2.0,14:00,3.5,3.66,2.0,1.73,2.1,1.74,2.04,0.5,1.8,1.93
2025/26,2026-01-25,Arsenal,Man United,2,3,A,1,1,D,C Pawson,15,10,4,3,11,9,9,2,2,0,0,0,1.55,4.2,6.0,16:30,1.55,4.08,5.89,1.73,2.1,1.69,2.1,-1.0,1.89,1.88
2025/26,2026-01-25,Brentford,Nott'm Forest,0,2,A,0,1,A,S Barrott,10,7,1,2,11,10,6,5,1,0,0,0,1.91,3.5,4.1,14:00,1.9,3.49,4.02,1.98,1.88,1.92,1.85,-0.5,1.85,1.87
2025/26,2026-01-26,Everton,Leeds,1,1,D,0,1,A,S Hooper,10,14,3,4,9,13,4,4,0,3,0,0,2.5,3.25,2.9,20:00,2.48,3.15,2.92,2.2,1.67,2.19,1.64,-0.25,2.09,1.7
2025/26,2026-01-31,Brighton,Everton,1,1,D,0,0,D,C Kavanagh,11,7,2,4,13,14,5,2,1,2,0,0,1.85,3.6,4.1,15:00,1.86,3.6,4.13,1.9,1.95,1.83,1.93,-0.5,1.82,1.91
2025/26,2026-01-31,Chelsea,West Ham,3,2,H,0,2,A,A Taylor,14,11,6,6,11,13,9,3,3,2,0,1,1.5,4.5,6.0,17:30,1.49,4.53,6.05,1.53,2.5,1.53,2.43,-1.25,2.02,1.76
2025/26,2026-01-31,Leeds,Arsenal,0,4,A,0,2,A,S Attwell,3,14,1,8,10,7,4,12,1,1,0,0,5.75,4.2,1.55,15:00,6.16,4.1,1.54,1.98,1.88,1.92,1.85,1.0,1.87,1.91
2025/26,2026-01-31,Liverpool,Newcastle,4,1,H,2,1,H,S Hooper,17,8,7,2,11,7,7,11,1,3,0,0,1.8,3.9,4.1,20:00,1.77,3.99,4.12,1.62,2.3,1.61,2.24,-0.75,1.97,1.82
2025/26,2026-01-31,Wolves,Bournemouth,0,2,A,0,1,A,M Oliver,17,9,7,4,11,15,5,6,3,3,0,0,2.9,3.5,2.3,15:00,2.95,3.5,2.31,1.73,2.1,1.73,2.06,0.25,1.81,1.97
2025/26,2026-02-01,Aston Villa,Brentford,0,1,A,0,1,A,T Robinson,27,6,5,2,8,8,12,1,0,3,0,0,2.1,3.5,3.4,14:00,2.08,3.47,3.46,1.8,2.0,1.78,1.98,-0.25,1.79,1.99
2025/26,2026-02-01,Man United,Fulham,3,2,H,1,0,H,J Brooks,13,14,6,6,6,9,3,7,2,1,0,0,1.57,4.5,5.0,14:00,1.58,4.32,5.2,1.67,2.2,1.65,2.17,-1.0,1.95,1.82
2025/26,2026-02-01,Nott'm Forest,Crystal Palace,1,1,D,1,1,D,M Salisbury,9,14,1,3,4,12,5,7,1,3,0,0,1.95,3.5,3.9,14:00,1.95,3.48,3.88,2.0,1.8,1.97,1.78,-0.5,1.9,1.83
2025/26,2026-02-01,Tottenham,Man City,2,2,D,0,2,A,R Jones,12,15,6,3,15,12,3,4,3,3,0,0,4.5,4.1,1.73,16:30,4.41,4.06,1.71,1.62,2.3,1.61,2.26,0.75,1.91,1.87
2025/26,2026-02-02,Sunderland,Burnley,3,0,H,2,0,H,P Tierney,14,5,5,0,12,10,1,2,1,4,0,0,1.8,3.5,4.75,20:00,1.8,3.42,4.73,2.2,1.67,2.21,1.63,-0.75,2.02,1.75
2025/26,2026-02-06,Leeds,Nott'm Forest,3,1,H,2,0,H,P Bankes,14,16,5,6,9,12,5,10,1,1,0,0,2.2,3.3,3.4,20:00,2.21,3.26,3.37,2.1,1.73,2.08,1.72,-0.25,1.87,1.91
2025/26,2026-02-07,Man United,Tottenham,2,0,H,1,0,H,M Oliver,23,7,10,1,12,11,7,0,1,2,0,1,1.57,4.5,5.0,12:30,1.57,4.54,4.97,1.44,2.75,1.46,2.65,-1.0,1.91,1.86
2025/26,2026-02-07,Fulham,Everton,1,2,A,1,0,H,S Attwell,13,16,3,3,11,12,6,6,1,5,0,0,2.1,3.25,3.75,15:00,2.1,3.27,3.64,2.2,1.67,2.18,1.65,-0.25,1.78,2.0
2025/26,2026-02-07,Newcastle,Brentford,2,3,A,1,2,A,A Madley,16,11,4,5,14,18,9,3,2,2,0,0,2.1,3.5,3.5,17:30,2.05,3.53,3.51,1.73,2.1,1.67,2.14,-0.25,1.75,2.02
2025/26,2026-02-07,Bournemouth,Aston Villa,1,1,D,0,1,A,A Taylor,20,7,9,4,4,11,11,4,1,1,0,0,2.7,3.5,2.5,15:00,2.68,3.6,2.46,1.67,2.2,1.66,2.16,0.0,1.95,1.8
2025/26,2026-02-07,Arsenal,Sunderland,3,0,H,1,0,H,S Barrott,16,5,5,3,11,8,5,2,1,2,0,0,1.22,6.25,12.0,15:00,1.21,6.23,14.08,1.73,2.1,1.69,2.11,-1.75,1.86,1.91
2025/26,2026-02-07,Burnley,West Ham,0,2,A,0,2,A,D England,18,6,5,4,11,10,5,2,3,1,0,0,3.3,3.5,2.15,15:00,3.28,3.5,2.14,1.9,1.95,1.86,1.89,0.25,1.93,1.83
2025/26,2026-02-07,Wolves,Chelsea,1,3,A,0,3,A,J Gillett,11,15,3,6,9,10,3,4,1,1,0,0,5.0,4.0,1.67,15:00,4.9,4.05,1.65,1.73,2.1,1.68,2.12,0.75,1.97,1.8
2025/26,2026-02-08,Liverpool,Man City,1,2,A,0,0,D,C Pawson,15,17,4,7,13,16,5,4,2,4,1,0,2.38,3.7,2.75,16:30,2.34,3.68,2.76,1.57,2.38,1.56,2.36,-0.25,2.0,1.77
2025/26,2026-02-08,Brighton,Crystal Palace,0,1,A,0,0,D,T Bramall,7,7,2,4,12,9,3,4,1,3,0,0,1.95,3.5,3.9,14:00,1.96,3.57,3.68,1.8,2.0,1.79,1.96,-0.5,1.92,1.82
2025/26,2026-02-10,Chelsea,Leeds,2,2,D,1,0,H,R Jones,19,4,4,2,9,13,4,1,4,4,0,0,1.55,4.33,5.5,19:30,1.55,4.28,5.66,1.62,2.3,1.61,2.24,-1.0,1.87,1.9
2025/26,2026-02-10,Everton,Bournemouth,1,2,A,1,0,H,A Madley,16,11,6,4,14,15,7,2,1,3,1,0,2.38,3.4,3.0,19:30,2.41,3.35,2.91,1.88,1.98,1.82,1.93,0.0,1.71,2.06
2025/26,2026-02-10,Tottenham,Newcastle,1,2,A,0,1,A,A Taylor,16,21,2,5,15,11,2,12,3,2,0,0,3.2,3.6,2.2,19:30,3.18,3.48,2.2,1.73,2.1,1.7,2.11,0.25,1.89,1.88
2025/26,2026-02-10,West Ham,Man United,1,1,D,0,0,D,S Hooper,7,9,3,3,10,4,5,3,1,1,0,0,4.5,4.2,1.7,20:15,4.36,4.23,1.7,1.5,2.63,1.47,2.6,0.75,1.92,1.82
2025/26,2026-02-11,Aston Villa,Brighton,1,0,H,0,0,D,P Bankes,15,9,1,3,9,15,7,5,2,3,0,0,1.91,3.7,3.8,19:30,1.92,3.67,3.79,1.8,2.0,1.75,2.02,-0.5,1.86,1.86
2025/26,2026-02-11,Crystal Palace,Burnley,2,3,A,2,3,A,F Hallam,21,8,3,3,11,8,8,2,2,1,0,0,1.57,4.0,6.25,19:30,1.55,3.98,6.18,1.98,1.88,1.91,1.83,-1.0,1.93,1.84
2025/26,2026-02-11,Man City,Fulham,3,0,H,3,0,H,P Tierney,13,14,5,3,8,10,4,4,3,1,0,0,1.36,5.5,7.0,19:30,1.34,5.33,8.08,1.53,2.5,1.52,2.45,-1.5,1.92,1.82
2025/26,2026-02-11,Nott'm Forest,Wolves,0,0,D,0,0,D,T Robinson,35,7,10,3,12,13,8,2,0,2,0,0,1.7,3.8,5.0,19:30,1.69,3.72,5.09,2.0,1.85,1.94,1.81,-0.75,1.87,1.9
2025/26,2026-02-11,Sunderland,Liverpool,0,1,A,0,0,D,C Kavanagh,11,23,2,3,8,10,3,11,1,0,0,0,4.75,3.8,1.73,20:15,4.65,3.83,1.72,1.8,2.0,1.79,1.96,0.75,1.89,1.89
2025/26,2026-02-12,Brentford,Arsenal,1,1,D,0,0,D,J Brooks,12,7,3,2,12,11,6,4,3,2,0,0,4.75,3.9,1.7,20:00,4.83,3.86,1.69,1.88,1.98,1.83,1.92,0.75,1.91,1.87
2025/26,2026-02-18,Wolves,Arsenal,2,2,D,0,1,A,P Tierney,5,10,2,4,6,8,1,3,2,1,0,0,11.0,5.25,1.29,20:00,10.94,5.48,1.28,1.73,2.1,1.69,2.11,1.5,1.92,1.81
2025/26,2026-02-21,Man City,Newcastle,2,1,H,2,1,H,T Bramall,15,13,7,7,12,13,5,5,2,5,0,0,1.45,5.0,5.5,20:00,1.46,4.92,5.82,1.44,2.75,1.41,2.77,-1.25,1.95,1.83
2025/26,2026-02-21,Chelsea,Burnley,1,1,D,1,0,H,L Smith,12,12,2,4,13,11,9,5,2,2,1,0,1.22,6.5,12.0,15:00,1.2,6.7,12.88,1.44,2.75,1.42,2.73,-2.0,1.96,1.81
2025/26,2026-02-21,West Ham,Bournemouth,0,0,D,0,0,D,S Barrott,20,10,3,5,10,11,9,5,1,1,0,0,2.5,3.7,2.63,17:30,2.41,3.65,2.71,1.57,2.38,1.54,2.38,0.0,1.77,1.98
2025/26,2026-02-21,Aston Villa,Leeds,1,1,D,0,1,A,M Oliver,16,14,4,4,11,16,7,2,1,4,0,0,1.85,3.6,4.33,15:00,1.84,3.62,4.24,1.83,2.03,1.81,1.95,-0.5,1.8,1.94
2025/26,2026-02-21,Brentford,Brighton,0,2,A,0,2,A,J Gillett,13,11,3,7,9,14,6,4,1,2,0,0,2.0,3.7,3.5,15:00,2.01,3.7,3.45,1.8,2.0,1.74,2.02,-0.5,1.96,1.78
2025/26,2026-02-22,Crystal Palace,Wolves,1,0,H,0,0,D,T Kirk,14,12,3,7,19,13,7,3,5,1,0,1,1.65,4.0,5.0,14:00,1.62,3.99,5.26,1.91,1.91,1.89,1.86,-0.75,1.78,1.99
2025/26,2026-02-22,Nott'm Forest,Liverpool,0,1,A,0,0,D,A Taylor,18,10,2,4,13,9,7,2,2,0,0,0,4.1,3.9,1.8,14:00,4.08,3.88,1.8,1.73,2.1,1.68,2.13,0.75,1.8,1.98
2025/26,2026-02-22,Sunderland,Fulham,1,3,A,0,0,D,C Pawson,12,12,2,4,6,13,6,4,1,1,0,0,2.7,3.25,2.7,14:00,2.65,3.27,2.67,2.2,1.67,2.12,1.68,0.0,1.88,1.89
2025/26,2026-02-22,Tottenham,Arsenal,1,4,A,1,1,D,P Bankes,6,20,5,7,17,11,2,5,2,1,0,0,6.0,4.0,1.57,16:30,5.83,3.98,1.56,1.8,2.0,1.77,1.98,1.0,1.84,1.93
2025/26,2026-02-23,Everton,Man United,0,1,A,0,0,D,D England,12,11,4,3,12,7,10,1,2,3,0,0,3.7,3.75,1.91,20:00,3.57,3.73,1.94,1.73,2.1,1.68,2.12,0.5,1.82,1.91
2025/26,2026-02-27,Wolves,Aston Villa,2,0,H,0,0,D,C Pawson,9,14,2,5,13,19,0,5,3,3,0,0,4.1,3.7,1.85,20:00,4.17,3.64,1.84,1.85,2.0,1.84,1.93,0.5,1.95,1.79
2025/26,2026-02-28,Newcastle,Everton,2,3,A,1,2,A,S Attwell,17,9,7,5,15,7,7,2,2,3,0,0,1.7,4.0,4.75,15:00,1.69,3.92,4.67,1.73,2.1,1.73,2.05,-0.75,1.86,1.91
2025/26,2026-02-28,Liverpool,West Ham,5,2,H,3,0,H,T Robinson,18,11,7,4,12,11,10,5,2,2,0,0,1.42,4.75,6.5,15:00,1.41,5.02,6.68,1.44,2.75,1.42,2.73,-1.25,1.82,1.94
2025/26,2026-02-28,Burnley,Brentford,3,4,A,1,3,A,S Barrott,12,16,3,7,9,9,4,8,2,2,0,0,4.5,3.9,1.73,15:00,4.58,3.81,1.73,1.85,2.0,1.81,1.94,0.75,1.86,1.91
2025/26,2026-02-28,Bournemouth,Sunderland,1,1,D,0,1,A,J Gillett,21,8,5,4,15,12,7,3,4,2,0,0,1.8,3.75,4.33,12:30,1.77,3.8,4.34,1.8,2.0,1.77,2.02,-0.75,1.96,1.82
2025/26,2026-02-28,Leeds,Man City,0,1,A,0,1,A,P Bankes,14,14,2,5,10,8,5,3,0,3,0,0,4.75,4.33,1.62,17:30,5.0,4.25,1.6,1.62,2.3,1.61,2.24,1.0,1.8,1.98
2025/26,2026-03-01,Arsenal,Chelsea,2,1,H,1,1,D,D England,12,9,5,3,11,14,5,10,1,3,0,1,1.6,3.8,5.5,16:30,1.6,3.98,5.28,1.73,2.1,1.7,2.09,-0.75,1.75,2.02
2025/26,2026-03-01,Brighton,Nott'm Forest,2,1,H,2,1,H,A Madley,14,13,7,4,12,13,4,4,3,1,0,0,2.0,3.6,3.5,14:00,2.05,3.54,3.42,1.83,2.03,1.79,1.97,-0.5,1.98,1.76
2025/26,2026-03-01,Fulham,Tottenham,2,1,H,2,0,H,T Bramall,18,13,4,1,11,14,5,8,3,3,0,0,2.1,3.6,3.3,14:00,2.08,3.57,3.3,1.73,2.1,1.72,2.07,-0.25,1.8,1.98
2025/26,2026-03-01,Man United,Crystal Palace,2,1,H,0,1,A,C Kavanagh,20,8,11,3,13,12,7,1,2,2,0,1,1.53,4.5,5.5,14:00,1.53,4.31,5.61,1.67,2.2,1.62,2.23,-1.0,1.86,1.91
2025/26,2026-03-03,Leeds,Sunderland,0,1,A,0,0,D,S Attwell,18,3,4,1,15,19,9,2,1,3,0,0,1.85,3.4,4.33,19:30,1.86,3.43,4.31,2.1,1.73,2.08,1.72,-0.5,1.83,1.9
2025/26,2026-03-03,Wolves,Liverpool,2,1,H,0,0,D,T Bramall,4,19,3,7,10,13,2,11,2,1,0,0,5.5,4.5,1.5,20:15,6.08,4.61,1.48,1.62,2.3,1.57,2.34,1.25,1.77,2.0
2025/26,2026-03-03,Everton,Burnley,2,0,H,1,0,H,T Robinson,14,5,5,2,10,12,6,3,0,1,0,0,1.57,4.0,6.0,19:30,1.56,3.96,6.06,1.98,1.88,1.92,1.85,-1.0,1.94,1.83
2025/26,2026-03-03,Bournemouth,Brentford,0,0,D,0,0,D,C Pawson,13,5,2,2,9,10,4,3,2,1,0,0,2.5,3.6,2.63,19:30,2.48,3.59,2.65,1.62,2.3,1.58,2.32,0.0,1.82,1.95
2025/26,2026-03-04,Aston Villa,Chelsea,1,4,A,1,2,A,J Gillett,9,15,4,8,10,9,3,8,3,2,0,0,2.7,3.4,2.55,19:30,2.67,3.57,2.46,1.73,2.1,1.67,2.15,0.0,1.95,1.82
2025/26,2026-03-04,Brighton,Arsenal,0,1,A,0,1,A,C Kavanagh,11,7,3,2,14,12,4,3,4,1,0,0,4.75,4.1,1.65,19:30,5.03,3.92,1.64,1.91,1.91,1.89,1.85,0.75,1.97,1.81
2025/26,2026-03-04,Fulham,West Ham,0,1,A,0,0,D,M Donohue,13,9,5,3,14,12,7,5,2,4,0,0,2.0,3.5,3.7,19:30,2.03,3.56,3.52,1.73,2.1,1.72,2.06,-0.5,1.98,1.75
2025/26,2026-03-04,Man City,Nott'm Forest,2,2,D,1,0,H,D England,21,9,7,4,10,6,6,1,0,4,0,0,1.38,5.0,7.5,19:30,1.37,4.95,7.65,1.57,2.38,1.57,2.32,-1.25,1.8,1.96
2025/26,2026-03-04,Newcastle,Man United,2,1,H,1,1,D,P Bankes,12,14,5,5,15,16,2,4,2,3,1,0,2.63,3.5,2.6,20:15,2.56,3.66,2.53,1.57,2.38,1.52,2.44,0.0,1.91,1.85
2025/26,2026-03-05,Tottenham,Crystal Palace,1,3,A,1,3,A,A Madley,12,9,4,4,14,14,6,3,3,2,0,0,2.35,3.25,3.1,20:00,2.34,3.32,2.97,1.8,2.0,1.78,1.97,-0.25,1.99,1.79
2025/26,2026-03-14,Arsenal,Everton,2,0,H,0,0,D,A Madley,25,9,7,3,11,12,8,3,0,0,0,0,1.38,4.75,8.5,17:30,1.37,4.56,8.83,1.98,1.88,1.9,1.84,-1.25,1.87,1.9
2025/26,2026-03-14,Burnley,Bournemouth,0,0,D,0,0,D,P Bankes,15,22,2,3,11,5,5,8,1,0,0,0,4.1,3.8,1.83,15:00,4.02,3.83,1.82,1.73,2.1,1.68,2.1,0.5,1.95,1.78
2025/26,2026-03-14,Chelsea,Newcastle,0,1,A,0,1,A,P Tierney,22,7,3,5,9,10,8,1,2,2,0,0,1.8,4.2,3.8,17:30,1.79,4.12,3.86,1.5,2.63,1.47,2.58,-0.75,1.97,1.8
2025/26,2026-03-14,Sunderland,Brighton,0,1,A,0,0,D,T Kirk,14,12,4,4,7,12,7,3,1,2,0,0,3.3,3.3,2.25,15:00,3.26,3.27,2.23,2.1,1.73,2.04,1.73,0.25,1.87,1.9
2025/26,2026-03-14,West Ham,Man City,1,1,D,1,1,D,M Oliver,1,24,1,6,14,5,1,15,2,2,0,0,4.33,4.33,1.7,20:00,4.43,4.15,1.69,1.53,2.5,1.52,2.45,0.75,1.94,1.83
2025/26,2026-03-15,Liverpool,Tottenham,1,1,D,1,0,H,C Kavanagh,17,13,4,7,8,13,3,4,0,0,0,0,1.3,6.25,8.0,16:30,1.29,5.79,8.72,1.44,2.75,1.42,2.72,-1.5,1.77,1.94
2025/26,2026-03-15,Nott'm Forest,Fulham,0,0,D,0,0,D,S Barrott,11,5,2,0,8,10,5,4,2,3,0,0,2.2,3.4,3.3,14:00,2.19,3.4,3.24,1.93,1.93,1.86,1.88,-0.25,1.88,1.9
2025/26,2026-03-15,Crystal Palace,Leeds,0,0,D,0,0,D,T Bramall,12,10,0,3,12,11,8,3,2,1,0,1,2.55,3.3,2.88,14:00,2.49,3.24,2.85,2.1,1.73,2.03,1.73,0.0,1.75,2.0
2025/26,2026-03-15,Man United,Aston Villa,3,1,H,0,0,D,A Taylor,16,9,6,2,10,5,6,6,3,2,0,0,1.73,4.0,4.5,14:00,1.71,4.02,4.38,1.67,2.2,1.64,2.19,-0.75,1.89,1.89
2025/26,2026-03-16,Brentford,Wolves,2,2,D,2,1,H,S Attwell,10,13,3,4,12,10,1,5,2,4,0,0,1.55,4.2,5.75,20:00,1.54,4.15,5.68,1.73,2.1,1.68,2.11,-1.0,1.91,1.87
2025/26,2026-03-20,Bournemouth,Man United,2,2,D,0,0,D,S Attwell,16,14,5,5,10,9,6,8,2,2,0,1,3.2,3.8,2.1,20:00,3.22,3.76,2.07,1.57,2.38,1.53,2.44,0.25,1.96,1.82
2025/26,2026-03-21,Brighton,Liverpool,2,1,H,1,1,D,D England,16,12,7,5,11,11,4,8,5,5,0,0,3.1,3.5,2.2,12:30,3.02,3.55,2.22,1.73,2.1,1.68,2.12,0.25,1.88,1.89
2025/26,2026-03-21,Everton,Chelsea,3,0,H,1,0,H,S Barrott,10,12,9,4,6,7,3,9,0,2,0,0,3.5,3.4,2.1,17:30,3.38,3.5,2.08,1.83,2.03,1.78,1.98,0.25,2.02,1.77
2025/26,2026-03-21,Fulham,Burnley,3,1,H,0,0,D,C Kavanagh,22,9,6,5,6,9,6,6,2,2,0,1,1.53,4.1,6.25,15:00,1.53,4.09,6.22,1.8,2.0,1.76,1.98,-1.0,1.88,1.89
2025/26,2026-03-21,Leeds,Brentford,0,0,D,0,0,D,J Gillett,14,6,4,2,6,9,6,2,2,0,0,0,2.45,3.5,2.88,20:00,2.46,3.42,2.77,1.88,1.98,1.84,1.9,0.0,1.75,2.01
2025/26,2026-03-22,Tottenham,Nott'm Forest,0,3,A,0,1,A,M Oliver,14,8,3,7,13,13,13,3,1,2,0,0,2.25,3.4,3.2,14:15,2.24,3.39,3.11,1.93,1.93,1.86,1.88,-0.25,1.97,1.8
2025/26,2026-03-22,Aston Villa,West Ham,2,0,H,1,0,H,P Tierney,23,9,7,1,3,7,6,6,0,1,0,0,1.95,3.6,3.8,14:15,1.95,3.56,3.7,1.8,2.0,1.74,2.02,-0.5,1.9,1.82
2025/26,2026-03-22,Newcastle,Sunderland,1,2,A,1,0,H,A Taylor,16,17,4,7,8,19,9,5,1,6,0,0,1.67,4.0,5.0,12:00,1.65,3.89,5.04,1.88,1.98,1.83,1.91,-0.75,1.81,1.95
2025/26,2026-04-10,West Ham,Wolves,4,0,H,1,0,H,J Gillett,18,14,7,3,11,7,5,2,2,2,0,0,1.8,3.8,4.33,20:00,1.78,3.74,4.34,1.8,2.0,1.79,1.98,-0.5,1.73,2.0
2025/26,2026-04-11,Liverpool,Fulham,2,0,H,2,0,H,A Taylor,18,19,5,4,10,4,6,9,0,0,0,0,1.65,4.2,4.75,17:30,1.62,4.18,4.83,1.57,2.38,1.53,2.42,-0.75,1.77,1.99
2025/26,2026-04-11,Burnley,Brighton,0,2,A,0,1,A,T Bramall,10,13,5,6,7,11,8,2,2,1,0,0,4.5,4.0,1.73,15:00,4.48,3.93,1.72,1.73,2.1,1.71,2.08,0.75,1.85,1.9
2025/26,2026-04-11,Brentford,Everton,2,2,D,1,1,D,F Hallam,17,14,4,7,6,7,2,3,0,2,0,0,2.15,3.3,3.5,15:00,2.13,3.31,3.45,2.0,1.8,1.95,1.8,-0.25,2.09,1.96
2025/26,2026-04-11,Arsenal,Bournemouth,1,2,A,1,1,D,M Oliver,15,8,3,3,12,18,10,1,1,3,0,0,1.44,4.5,7.5,12:30,1.43,4.55,7.06,1.62,2.3,1.62,2.24,-1.25,1.93,1.83
2025/26,2026-04-12,Sunderland,Tottenham,1,0,H,0,0,D,R Jones,13,11,2,7,14,15,2,6,3,3,0,0,2.7,3.2,2.7,14:00,2.62,3.34,2.63,2.0,1.85,1.92,1.83,0.0,1.88,1.88
2025/26,2026-04-12,Nott'm Forest,Aston Villa,1,1,D,1,1,D,M Salisbury,15,12,4,5,15,10,7,3,2,2,0,0,2.63,3.3,2.7,14:00,2.61,3.33,2.65,2.0,1.85,1.91,1.84,0.0,1.88,1.89
2025/26,2026-04-12,Chelsea,Man City,0,3,A,0,0,D,C Kavanagh,12,18,3,8,10,14,4,12,3,1,0,0,3.1,3.8,2.15,16:30,3.08,3.8,2.1,1.57,2.38,1.54,2.4,0.25,1.93,1.83
2025/26,2026-04-12,Crystal Palace,Newcastle,2,1,H,0,1,A,A Madley,11,7,5,3,17,12,2,4,0,3,0,0,3.0,3.6,2.2,14:00,3.07,3.5,2.22,1.73,2.1,1.71,2.07,0.25,1.88,1.89
2025/26,2026-04-13,Man United,Leeds,1,2,A,0,2,A,P Tierney,20,15,9,6,12,15,11,4,3,2,1,0,1.62,4.1,5.0,20:00,1.59,4.07,5.3,1.73,2.1,1.68,2.11,-1.0,1.99,1.77
2025/26,2026-04-18,Brentford,Fulham,0,0,D,0,0,D,P Tierney,13,11,4,0,8,13,9,3,0,1,0,0,2.1,3.75,3.25,12:30,2.09,3.63,3.26,1.73,2.1,1.73,2.04,-0.25,1.79,1.95
2025/26,2026-04-18,Chelsea,Man United,0,1,A,0,1,A,M Oliver,21,4,3,1,12,13,7,1,1,3,0,0,2.2,3.5,3.2,20:00,2.21,3.54,3.07,1.57,2.38,1.53,2.4,-0.25,1.89,1.86
2025/26,2026-04-18,Leeds,Wolves,3,0,H,2,0,H,F Hallam,17,7,6,2,9,17,5,6,2,1,0,0,1.62,3.9,5.75,15:00,1.6,3.93,5.5,1.9,1.95,1.86,1.89,-1.0,2.02,1.74
2025/26,2026-04-18,Newcastle,Bournemouth,1,2,A,0,1,A,T Bramall,12,12,3,3,11,12,2,3,2,4,0,0,2.0,3.75,3.5,15:00,1.96,3.81,3.48,1.5,2.63,1.47,2.58,-0.5,1.92,1.8
2025/26,2026-04-18,Tottenham,Brighton,2,2,D,1,1,D,S Attwell,13,10,6,3,14,14,7,5,3,1,0,0,2.7,3.75,2.4,17:30,2.68,3.65,2.41,1.67,2.2,1.66,2.16,0.0,1.98,1.77
2025/26,2026-04-19,Aston Villa,Sunderland,4,3,H,2,1,H,S Barrott,15,10,7,7,11,11,4,5,1,3,0,0,1.67,3.75,5.5,14:00,1.65,3.78,5.25,1.98,1.88,1.89,1.86,-0.75,1.81,1.92
2025/26,2026-04-19,Everton,Liverpool,1,2,A,0,1,A,C Kavanagh,10,14,4,6,8,12,1,6,2,0,0,0,3.1,3.4,2.3,14:00,3.11,3.36,2.25,1.9,1.95,1.86,1.9,0.25,1.83,1.92
2025/26,2026-04-19,Man City,Arsenal,2,1,H,1,1,D,A Taylor,15,9,5,3,5,12,8,5,2,2,0,0,1.83,3.7,4.2,16:30,1.82,3.6,4.25,2.0,1.8,1.92,1.82,-0.5,1.76,1.96
2025/26,2026-04-19,Nott'm Forest,Burnley,4,1,H,0,1,A,T Kirk,10,4,4,3,8,12,4,4,0,2,0,0,1.5,4.2,7.0,14:00,1.49,4.25,6.32,1.73,2.1,1.74,2.03,-1.0,1.79,1.96
2025/26,2026-04-20,Crystal Palace,West Ham,0,0,D,0,0,D,D England,9,9,1,4,13,12,4,6,2,1,0,0,2.38,3.2,3.1,20:00,2.31,3.21,3.11,1.93,1.93,1.88,1.87,-0.25,1.98,1.76
2025/26,2026-04-21,Brighton,Chelsea,3,0,H,1,0,H,C Pawson,15,6,9,0,15,6,6,5,1,1,0,0,2.5,3.5,2.7,20:00,2.44,3.62,2.66,1.67,2.2,1.63,2.22,,1.77,1.99
2025/26,2026-04-22,Burnley,Man City,0,1,A,0,1,A,A Madley,9,28,1,9,10,12,3,11,0,0,0,0,19.0,9.0,1.13,20:00,16.53,8.3,1.14,1.33,3.4,1.32,3.22,2.5,1.71,2.03
2025/26,2026-04-22,Bournemouth,Leeds,2,2,D,0,0,D,M Salisbury,17,10,7,3,6,10,12,1,3,0,0,0,2.0,3.5,3.6,20:00,2.02,3.51,3.57,1.73,2.1,1.71,2.06,-0.5,1.94,1.77
2025/26,2026-04-24,Sunderland,Nott'm Forest,0,5,A,0,4,A,D England,14,10,4,6,13,15,3,6,2,5,0,0,2.7,3.2,2.7,20:00,2.67,3.18,2.66,2.2,1.67,2.13,1.69,0.0,1.87,1.87
2025/26,2026-04-25,Arsenal,Newcastle,1,0,H,1,0,H,S Barrott,11,13,4,3,13,10,7,2,2,2,0,0,1.45,4.75,6.25,17:30,1.45,4.66,6.22,1.57,2.38,1.58,2.29,-1.25,1.96,1.78
2025/26,2026-04-25,Fulham,Aston Villa,1,0,H,1,0,H,M Oliver,13,10,6,1,14,12,2,5,2,2,0,0,2.75,3.6,2.45,12:30,2.67,3.5,2.47,1.73,2.1,1.72,2.07,0.0,1.95,1.8
2025/26,2026-04-25,Liverpool,Crystal Palace,3,1,H,2,0,H,A Madley,9,14,3,7,10,10,5,8,1,3,0,0,1.44,5.0,6.25,15:00,1.44,4.76,6.31,1.57,2.38,1.55,2.36,-1.25,1.95,1.8
2025/26,2026-04-25,West Ham,Everton,2,1,H,0,0,D,S Attwell,10,11,3,3,9,11,3,4,3,4,0,0,2.4,3.4,2.9,15:00,2.38,3.34,2.9,1.9,1.95,1.83,1.92,-0.25,2.01,1.74
2025/26,2026-04-25,Wolves,Tottenham,0,1,A,0,0,D,A Taylor,11,11,2,2,8,14,5,5,3,4,0,0,4.5,4.33,1.67,15:00,4.48,3.99,1.7,1.67,2.2,1.66,2.15,0.75,1.89,1.86
2025/26,2026-04-27,Man United,Brentford,2,1,H,2,0,H,C Kavanagh,11,12,6,4,6,9,7,8,2,4,0,0,1.85,3.8,4.0,20:00,1.84,3.82,3.84,1.57,2.38,1.55,2.35,-0.5,1.8,1.92
2025/26,2026-05-01,Leeds,Burnley,3,1,H,1,0,H,T Bramall,18,9,8,3,12,11,5,0,4,3,0,0,1.33,5.0,9.5,20:00,1.34,5.09,8.57,1.67,2.2,1.65,2.18,-1.25,1.81,1.95
2025/26,2026-05-02,Arsenal,Fulham,3,0,H,3,0,H,J Gillett,18,10,9,1,7,12,3,4,0,1,0,0,1.44,4.33,7.0,17:30,1.44,4.39,7.0,1.8,2.0,1.77,1.97,-1.25,1.99,1.8
2025/26,2026-05-02,Brentford,West Ham,3,0,H,1,0,H,C Pawson,14,13,6,4,8,12,2,6,1,3,0,0,1.91,3.75,3.75,15:00,1.91,3.77,3.62,1.62,2.3,1.59,2.28,-0.5,1.86,1.86
2025/26,2026-05-02,Newcastle,Brighton,3,1,H,2,0,H,C Kavanagh,13,13,6,4,10,12,2,10,3,3,0,0,2.5,3.75,2.6,15:00,2.5,3.6,2.6,1.73,2.1,1.68,2.13,0.0,1.83,1.92
2025/26,2026-05-02,Wolves,Sunderland,1,1,D,0,1,A,P Tierney,20,10,7,2,11,11,6,3,0,4,0,1,3.1,3.2,2.1,15:00,3.24,3.35,2.18,2.1,1.73,2.03,1.74,0.25,1.88,1.86
2025/26,2026-05-03,Man United,Liverpool,3,2,H,2,0,H,D England,18,13,6,5,12,11,3,2,2,2,0,0,2.3,3.8,2.75,15:30,2.29,3.73,2.76,1.5,2.63,1.47,2.58,-0.25,1.98,1.76
2025/26,2026-05-03,Bournemouth,Crystal Palace,3,0,H,2,0,H,R Jones,16,7,5,1,10,11,7,1,0,2,0,0,1.57,4.33,5.25,14:00,1.58,4.16,5.2,1.67,2.2,1.65,2.17,-1.0,1.95,1.8
2025/26,2026-05-03,Aston Villa,Tottenham,1,2,A,0,2,A,S Barrott,5,10,1,5,12,12,5,5,2,5,0,0,2.15,3.6,3.2,19:00,2.1,3.59,3.21,1.73,2.1,1.68,2.11,-0.25,1.82,1.92
2025/26,2026-05-04,Chelsea,Nott'm Forest,1,3,A,0,2,A,A Taylor,21,6,5,4,12,10,10,1,3,1,0,0,1.7,4.0,4.75,15:00,1.68,3.93,4.65,1.67,2.2,1.67,2.14,-0.75,1.85,1.89
2025/26,2026-05-04,Everton,Man City,3,3,D,0,1,A,M Oliver,14,21,6,4,15,5,5,9,4,1,0,0,6.5,4.75,1.44,20:00,6.38,4.63,1.44,1.62,2.3,1.58,2.28,1.25,1.79,1.95
2025/26,2026-05-09,Brighton,Wolves,3,0,H,2,0,H,J Brooks,14,5,6,1,9,11,7,1,1,2,0,0,1.27,6.25,9.5,15:00,1.27,5.88,9.98,1.53,2.5,1.5,2.5,-1.75,1.92,1.81
2025/26,2026-05-09,Fulham,Bournemouth,0,1,A,0,0,D,A Madley,14,10,2,5,12,21,11,2,4,2,1,1,2.75,3.6,2.4,15:00,2.68,3.66,2.39,1.57,2.38,1.54,2.39,0.0,1.99,1.76
2025/26,2026-05-09,Liverpool,Chelsea,1,1,D,1,1,D,C Pawson,8,6,3,3,17,17,5,2,2,4,0,0,1.83,4.0,3.9,12:30,1.82,3.95,3.81,1.44,2.75,1.41,2.8,-0.5,1.78,1.94
2025/26,2026-05-09,Man City,Brentford,3,0,H,0,0,D,M Salisbury,25,4,10,2,8,14,10,2,4,2,0,0,1.36,5.75,7.0,17:30,1.35,5.51,7.23,1.36,3.2,1.37,2.97,-1.5,1.87,1.85
2025/26,2026-05-09,Sunderland,Man United,0,0,D,0,0,D,S Attwell,15,11,4,1,12,12,7,8,0,3,0,0,3.9,3.75,1.85,15:00,3.93,3.7,1.86,1.73,2.1,1.72,2.05,0.5,1.91,1.81
2025/26,2026-05-10,Nott'm Forest,Newcastle,1,1,D,0,0,D,P Tierney,17,16,6,6,16,11,2,1,2,0,0,0,2.6,3.6,2.6,14:00,2.58,3.48,2.56,1.73,2.1,1.71,2.07,0.0,1.9,1.84
2025/26,2026-05-10,Burnley,Aston Villa,2,2,D,1,1,D,A Taylor,15,18,6,7,18,8,2,8,1,1,0,0,5.0,4.33,1.6,14:00,5.34,4.09,1.58,1.73,2.1,1.7,2.09,1.0,1.79,1.97
2025/26,2026-05-10,Crystal Palace,Everton,2,2,D,1,1,D,T Bramall,21,13,8,6,5,13,5,10,0,2,0,0,2.7,3.3,2.63,14:00,2.71,3.26,2.56,2.03,1.83,1.99,1.76,0.0,1.93,1.81
2025/26,2026-05-10,West Ham,Arsenal,0,1,A,0,0,D,C Kavanagh,9,15,3,4,14,12,4,3,3,4,0,0,5.5,4.2,1.57,16:30,5.29,4.09,1.58,1.67,2.2,1.65,2.17,1.0,1.78,1.96
2025/26,2026-05-11,Tottenham,Leeds,1,1,D,0,0,D,J Gillett,16,11,3,4,12,7,14,2,3,1,0,0,1.83,4.1,3.75,20:00,1.82,3.82,3.92,1.73,2.1,1.7,2.09,-0.5,1.78,1.95
2025/26,2026-05-13,Man City,Crystal Palace,3,0,H,2,0,H,S Attwell,15,6,4,2,10,7,9,4,0,2,0,0,1.2,7.5,12.0,20:00,1.19,7.03,12.75,1.4,3.0,1.4,2.84,-2.0,1.87,1.88
2025/26,2026-05-15,Aston Villa,Liverpool,4,2,H,1,0,H,C Kavanagh,14,16,9,5,12,9,4,9,3,1,0,0,2.75,3.5,2.4,20:00,2.76,3.44,2.43,1.73,2.1,1.68,2.13,0.0,1.99,1.77
2025/26,2026-05-17,Brentford,Crystal Palace,2,2,D,1,1,D,S Barrott,14,16,3,5,7,5,9,4,1,3,0,0,1.73,4.2,4.33,15:00,1.71,4.09,4.17,1.67,2.2,1.65,2.18,-0.75,1.88,1.87
2025/26,2026-05-17,Everton,Sunderland,1,3,A,1,0,H,J Brooks,10,7,4,3,14,9,3,2,3,0,0,0,1.8,3.75,4.33,15:00,1.81,3.63,4.18,1.91,1.91,1.88,1.86,-0.5,1.78,1.94
2025/26,2026-05-17,Leeds,Brighton,1,0,H,0,0,D,M Oliver,7,19,1,8,9,7,7,8,1,0,0,0,3.2,3.6,2.15,15:00,3.09,3.57,2.14,1.67,2.2,1.65,2.16,0.25,1.89,1.86
2025/26,2026-05-17,Man United,Nott'm Forest,3,2,H,1,0,H,M Salisbury,29,11,8,4,11,5,7,6,2,1,0,0,1.6,4.2,5.25,12:30,1.58,4.23,4.94,1.62,2.3,1.57,2.32,-1.0,1.94,1.8
2025/26,2026-05-17,Newcastle,West Ham,3,1,H,2,0,H,J Gillett,15,15,7,8,8,11,9,1,1,3,0,0,2.1,3.8,3.2,17:30,2.05,3.78,3.15,1.5,2.63,1.47,2.58,-0.25,1.79,1.95
2025/26,2026-05-17,Wolves,Fulham,1,1,D,1,1,D,T Kirk,11,13,3,5,20,8,3,6,1,0,0,0,3.8,3.8,1.9,15:00,3.68,3.78,1.87,1.73,2.1,1.68,2.11,0.5,1.89,1.84
2025/26,2026-05-18,Arsenal,Burnley,1,0,H,1,0,H,P Tierney,13,5,3,0,7,16,3,3,1,3,0,0,1.09,11.0,23.0,20:00,1.08,10.12,22.13,1.33,3.4,1.33,3.19,-2.5,1.79,1.93
2025/26,2026-05-19,Chelsea,Tottenham,2,1,H,1,0,H,S Attwell,9,9,4,3,11,18,3,4,4,3,0,0,1.91,3.7,3.9,20:15,1.9,3.64,3.76,1.73,2.1,1.69,2.12,-0.5,1.87,1.85
2025/26,2026-05-19,Bournemouth,Man City,1,1,D,1,0,H,A Taylor,10,14,2,5,16,7,7,6,4,2,0,0,4.5,4.33,1.67,19:30,4.42,4.27,1.66,1.44,2.75,1.42,2.8,0.75,1.96,1.79
2025/26,2026-05-24,Nott'm Forest,Bournemouth,1,1,D,1,0,H,C Pawson,15,17,5,4,11,7,6,3,1,1,0,0,3.3,3.75,2.05,16:00,3.19,3.72,2.05,1.57,2.38,1.56,2.34,0.25,1.95,1.79
2025/26,2026-05-24,Man City,Aston Villa,1,2,A,1,0,H,A Madley,16,12,3,5,8,4,9,4,1,0,0,0,1.29,6.0,9.0,16:00,1.28,5.93,8.39,1.3,3.5,1.29,3.38,-1.75,1.9,1.85
2025/26,2026-05-24,Sunderland,Chelsea,2,1,H,1,0,H,C Kavanagh,20,10,2,1,15,18,7,7,3,2,0,0,3.6,3.6,2.0,16:00,3.47,3.59,1.99,1.73,2.1,1.73,2.04,0.5,1.79,1.94
2025/26,2026-05-24,Liverpool,Brentford,1,1,D,0,0,D,D England,24,11,8,2,9,9,14,2,2,3,0,0,1.8,4.2,3.8,16:00,1.8,4.09,3.73,1.5,2.63,1.48,2.56,-0.75,1.97,1.77
2025/26,2026-05-24,Tottenham,Everton,1,0,H,1,0,H,M Oliver,21,8,6,3,15,12,6,2,5,3,0,1,1.91,3.75,3.8,16:00,1.89,3.63,3.78,1.73,2.1,1.73,2.03,-0.5,1.85,1.87
2025/26,2026-05-24,Crystal Palace,Arsenal,1,2,A,0,1,A,F Hallam,8,17,3,7,9,12,3,4,0,1,0,0,4.2,4.0,1.75,16:00,4.13,3.86,1.76,1.67,2.2,1.63,2.21,0.75,1.81,1.94
2025/26,2026-05-24,Burnley,Wolves,1,1,D,0,1,A,A Kitchen,16,16,8,4,10,11,7,7,2,2,0,0,2.35,3.5,2.9,16:00,2.36,3.5,2.77,1.73,2.1,1.71,2.07,-0.25,2.01,1.74
2025/26,2026-05-24,Brighton,Man United,0,3,A,0,2,A,S Barrott,13,11,2,7,11,8,0,3,0,1,0,0,1.85,4.2,3.6,16:00,1.86,3.98,3.58,1.5,2.63,1.46,2.6,-0.5,1.82,1.91
2025/26,2026-05-24,Fulham,Newcastle,2,0,H,1,0,H,R Jones,21,7,6,2,13,6,6,6,2,2,0,0,2.88,3.8,2.25,16:00,2.82,3.66,2.27,1.62,2.3,1.6,2.25,0.25,1.8,1.94
2025/26,2026-05-24,West Ham,Leeds,3,0,H,0,0,D,A Taylor,16,13,9,3,11,14,6,4,0,3,0,0,1.85,4.0,3.75,16:00,1.82,3.9,3.75,1.67,2.2,1.64,2.19,-0.5,1.79,1.92
